,lgID,teamID,franchID,name
0,,BS1,BNA,Boston Red Stockings
1,,CH1,CNA,Chicago White Stockings
2,,CL1,CFC,Cleveland Forest Citys
3,,FW1,KEK,Fort Wayne Kekiongas
4,,NY2,NNA,New York Mutuals
5,,PH1,PNA,Philadelphia Athletics
6,,RC1,ROK,Rockford Forest Citys
7,,TRO,TRO,Troy Haymakers
8,,WS3,OLY,Washington Olympics
9,,BL1,BLC,Baltimore Canaries
10,,BR1,ECK,Brooklyn Eckfords
11,,BR2,BRA,Brooklyn Atlantics
12,,BS1,BNA,Boston Red Stockings
13,,CL1,CFC,Cleveland Forest Citys
14,,MID,MAN,Middletown Mansfields
15,,NY2,NNA,New York Mutuals
16,,PH1,PNA,Philadelphia Athletics
17,,TRO,TRO,Troy Haymakers
18,,WS3,OLY,Washington Olympics
19,,WS4,NAT,Washington Nationals
20,,BL1,BLC,Baltimore Canaries
21,,BL4,MAR,Baltimore Marylands
22,,BR2,BRA,Brooklyn Atlantics
23,,BS1,BNA,Boston Red Stockings
24,,ELI,RES,Elizabeth Resolutes
25,,NY2,NNA,New York Mutuals
26,,PH1,PNA,Philadelphia Athletics
27,,PH2,PWS,Philadelphia Whites
28,,WS5,WBL,Washington Blue Legs
29,,BL1,BLC,Baltimore Canaries
30,,BR2,BRA,Brooklyn Atlantics
31,,BS1,BNA,Boston Red Stockings
32,,CH2,CNA,Chicago White Stockings
33,,HR1,HNA,Hartford Dark Blues
34,,NY2,NNA,New York Mutuals
35,,PH1,PNA,Philadelphia Athletics
36,,PH2,PWS,Philadelphia Whites
37,,BR2,BRA,Brooklyn Atlantics
38,,BS1,BNA,Boston Red Stockings
39,,CH2,CNA,Chicago White Stockings
40,,HR1,HNA,Hartford Dark Blues
41,,KEO,WES,Keokuk Westerns
42,,NH1,NHV,New Haven Elm Citys
43,,NY2,NNA,New York Mutuals
44,,PH1,PNA,Philadelphia Athletics
45,,PH2,PWS,Philadelphia Whites
46,,PH3,CEN,Philadelphia Centennials
47,,SL1,SLR,St. Louis Red Stockings
48,,SL2,SNA,St. Louis Brown Stockings
49,,WS6,WNT,Washington Nationals
50,NL,BSN,ATL,Boston Red Caps
51,NL,CHN,CHC,Chicago White Stockings
52,NL,CN1,CNR,Cincinnati Reds
53,NL,HAR,HAR,Hartford Dark Blues
54,NL,LS1,LGR,Louisville Grays
55,NL,NY3,NYU,New York Mutuals
56,NL,PHN,ATH,Philadelphia Athletics
57,NL,SL3,SBS,St. Louis Brown Stockings
58,NL,BSN,ATL,Boston Red Caps
59,NL,CHN,CHC,Chicago White Stockings
60,NL,CN1,CNR,Cincinnati Reds
61,NL,HAR,HAR,Hartford Dark Blues
62,NL,LS1,LGR,Louisville Grays
63,NL,SL3,SBS,St. Louis Brown Stockings
64,NL,BSN,ATL,Boston Red Caps
65,NL,CHN,CHC,Chicago White Stockings
66,NL,CN1,CNR,Cincinnati Reds
67,NL,IN1,IBL,Indianapolis Blues
68,NL,ML2,MLG,Milwaukee Grays
69,NL,PRO,PRO,Providence Grays
70,NL,BFN,BUF,Buffalo Bisons
71,NL,BSN,ATL,Boston Red Caps
72,NL,CHN,CHC,Chicago White Stockings
73,NL,CL2,CBL,Cleveland Blues
74,NL,CN1,CNR,Cincinnati Reds
75,NL,PRO,PRO,Providence Grays
76,NL,SR1,SYR,Syracuse Stars
77,NL,TRN,TRT,Troy Trojans
78,NL,BFN,BUF,Buffalo Bisons
79,NL,BSN,ATL,Boston Red Caps
80,NL,CHN,CHC,Chicago White Stockings
81,NL,CL2,CBL,Cleveland Blues
82,NL,CN1,CNR,Cincinnati Reds
83,NL,PRO,PRO,Providence Grays
84,NL,TRN,TRT,Troy Trojans
85,NL,WOR,WOR,Worcester Ruby Legs
86,NL,BFN,BUF,Buffalo Bisons
87,NL,BSN,ATL,Boston Red Caps
88,NL,CHN,CHC,Chicago White Stockings
89,NL,CL2,CBL,Cleveland Blues
90,NL,DTN,DTN,Detroit Wolverines
91,NL,PRO,PRO,Providence Grays
92,NL,TRN,TRT,Troy Trojans
93,NL,WOR,WOR,Worcester Ruby Legs
94,AA,BL2,BLO,Baltimore Orioles
95,AA,CN2,CIN,Cincinnati Red Stockings
96,AA,LS2,LOU,Louisville Eclipse
97,AA,PH4,PHA,Philadelphia Athletics
98,AA,PT1,PIT,Pittsburg Alleghenys
99,AA,SL4,STL,St. Louis Brown Stockings
100,NL,BFN,BUF,Buffalo Bisons
101,NL,BSN,ATL,Boston Red Caps
102,NL,CHN,CHC,Chicago White Stockings
103,NL,CL2,CBL,Cleveland Blues
104,NL,DTN,DTN,Detroit Wolverines
105,NL,PRO,PRO,Providence Grays
106,NL,TRN,TRT,Troy Trojans
107,NL,WOR,WOR,Worcester Ruby Legs
108,AA,BL2,BLO,Baltimore Orioles
109,AA,CL5,CBK,Columbus Buckeyes
110,AA,CN2,CIN,Cincinnati Red Stockings
111,AA,LS2,LOU,Louisville Eclipse
112,AA,NY4,NYP,New York Metropolitans
113,AA,PH4,PHA,Philadelphia Athletics
114,AA,PT1,PIT,Pittsburg Alleghenys
115,AA,SL4,STL,St. Louis Browns
116,NL,BFN,BUF,Buffalo Bisons
117,NL,BSN,ATL,Boston Beaneaters
118,NL,CHN,CHC,Chicago White Stockings
119,NL,CL2,CBL,Cleveland Blues
120,NL,DTN,DTN,Detroit Wolverines
121,NL,NY1,SFG,New York Gothams
122,NL,PHI,PHI,Philadelphia Quakers
123,NL,PRO,PRO,Providence Grays
124,AA,BL2,BLO,Baltimore Orioles
125,AA,BR3,LAD,Brooklyn Atlantics
126,AA,CL5,CBK,Columbus Buckeyes
127,AA,CN2,CIN,Cincinnati Red Stockings
128,AA,IN2,IHO,Indianapolis Hoosiers
129,AA,LS2,LOU,Louisville Eclipse
130,AA,NY4,NYP,New York Metropolitans
131,AA,PH4,PHA,Philadelphia Athletics
132,AA,PT1,PIT,Pittsburg Alleghenys
133,AA,RIC,RIC,Richmond Virginians
134,AA,SL4,STL,St. Louis Browns
135,AA,TL1,TOL,Toledo Blue Stockings
136,AA,WS7,WST,Washington Nationals
137,NL,BFN,BUF,Buffalo Bisons
138,NL,BSN,ATL,Boston Beaneaters
139,NL,CHN,CHC,Chicago White Stockings
140,NL,CL2,CBL,Cleveland Blues
141,NL,DTN,DTN,Detroit Wolverines
142,NL,NY1,SFG,New York Gothams
143,NL,PHI,PHI,Philadelphia Quakers
144,NL,PRO,PRO,Providence Grays
145,UA,ALT,ALT,Altoona Mountain City
146,UA,BLU,BLU,Baltimore Monumentals
147,UA,BSU,BRD,Boston Reds
148,UA,CHU,CPI,Chicago/Pittsburgh (Union League)
149,UA,CNU,COR,Cincinnati Outlaw Reds
150,UA,KCU,KCU,Kansas City Cowboys
151,UA,MLU,MLU,Milwaukee Brewers
152,UA,PHU,PHK,Philadelphia Keystones
153,UA,SLU,SLM,St. Louis Maroons
154,UA,SPU,STP,St. Paul White Caps
155,UA,WIL,WIL,Wilmington Quicksteps
156,UA,WSU,WNA,Washington Nationals
157,AA,BL2,BLO,Baltimore Orioles
158,AA,BR3,LAD,Brooklyn Grays
159,AA,CN2,CIN,Cincinnati Red Stockings
160,AA,LS2,LOU,Louisville Colonels
161,AA,NY4,NYP,New York Metropolitans
162,AA,PH4,PHA,Philadelphia Athletics
163,AA,PT1,PIT,Pittsburg Alleghenys
164,AA,SL4,STL,St. Louis Browns
165,NL,BFN,BUF,Buffalo Bisons
166,NL,BSN,ATL,Boston Beaneaters
167,NL,CHN,CHC,Chicago White Stockings
168,NL,DTN,DTN,Detroit Wolverines
169,NL,NY1,SFG,New York Giants
170,NL,PHI,PHI,Philadelphia Quakers
171,NL,PRO,PRO,Providence Grays
172,NL,SL5,SLM,St. Louis Maroons
173,AA,BL2,BLO,Baltimore Orioles
174,AA,BR3,LAD,Brooklyn Grays
175,AA,CN2,CIN,Cincinnati Red Stockings
176,AA,LS2,LOU,Louisville Colonels
177,AA,NY4,NYP,New York Metropolitans
178,AA,PH4,PHA,Philadelphia Athletics
179,AA,PT1,PIT,Pittsburg Alleghenys
180,AA,SL4,STL,St. Louis Browns
181,NL,BSN,ATL,Boston Beaneaters
182,NL,CHN,CHC,Chicago White Stockings
183,NL,DTN,DTN,Detroit Wolverines
184,NL,KCN,KCN,Kansas City Cowboys
185,NL,NY1,SFG,New York Giants
186,NL,PHI,PHI,Philadelphia Quakers
187,NL,SL5,SLM,St. Louis Maroons
188,NL,WS8,WNL,Washington Nationals
189,AA,BL2,BLO,Baltimore Orioles
190,AA,BR3,LAD,Brooklyn Grays
191,AA,CL3,CLV,Cleveland Blues
192,AA,CN2,CIN,Cincinnati Red Stockings
193,AA,LS2,LOU,Louisville Colonels
194,AA,NY4,NYP,New York Metropolitans
195,AA,PH4,PHA,Philadelphia Athletics
196,AA,SL4,STL,St. Louis Browns
197,NL,BSN,ATL,Boston Beaneaters
198,NL,CHN,CHC,Chicago White Stockings
199,NL,DTN,DTN,Detroit Wolverines
200,NL,IN3,IND,Indianapolis Hoosiers
201,NL,NY1,SFG,New York Giants
202,NL,PHI,PHI,Philadelphia Quakers
203,NL,PIT,PIT,Pittsburg Alleghenys
204,NL,WS8,WNL,Washington Nationals
205,AA,BL2,BLO,Baltimore Orioles
206,AA,BR3,LAD,Brooklyn Bridegrooms
207,AA,CL3,CLV,Cleveland Blues
208,AA,CN2,CIN,Cincinnati Red Stockings
209,AA,KC2,KCC,Kansas City Cowboys
210,AA,LS2,LOU,Louisville Colonels
211,AA,PH4,PHA,Philadelphia Athletics
212,AA,SL4,STL,St. Louis Browns
213,NL,BSN,ATL,Boston Beaneaters
214,NL,CHN,CHC,Chicago White Stockings
215,NL,DTN,DTN,Detroit Wolverines
216,NL,IN3,IND,Indianapolis Hoosiers
217,NL,NY1,SFG,New York Giants
218,NL,PHI,PHI,Philadelphia Quakers
219,NL,PIT,PIT,Pittsburg Alleghenys
220,NL,WS8,WNL,Washington Nationals
221,AA,BL2,BLO,Baltimore Orioles
222,AA,BR3,LAD,Brooklyn Bridegrooms
223,AA,CL6,CLS,Columbus Solons
224,AA,CN2,CIN,Cincinnati Red Stockings
225,AA,KC2,KCC,Kansas City Cowboys
226,AA,LS2,LOU,Louisville Colonels
227,AA,PH4,PHA,Philadelphia Athletics
228,AA,SL4,STL,St. Louis Browns
229,NL,BSN,ATL,Boston Beaneaters
230,NL,CHN,CHC,Chicago White Stockings
231,NL,CL4,CLV,Cleveland Spiders
232,NL,IN3,IND,Indianapolis Hoosiers
233,NL,NY1,SFG,New York Giants
234,NL,PHI,PHI,Philadelphia Quakers
235,NL,PIT,PIT,Pittsburg Alleghenys
236,NL,WS8,WNL,Washington Nationals
237,AA,BL3,BLO,Baltimore Orioles
238,AA,BR4,BRG,Brooklyn Gladiators
239,AA,CL6,CLS,Columbus Solons
240,AA,LS2,LOU,Louisville Colonels
241,AA,PH4,PHA,Philadelphia Athletics
242,AA,RC2,ROC,Rochester Broncos
243,AA,SL4,STL,St. Louis Browns
244,AA,SR2,SYS,Syracuse Stars
245,AA,TL2,TLM,Toledo Maumees
246,NL,BRO,LAD,Brooklyn Bridegrooms
247,NL,BSN,ATL,Boston Beaneaters
248,NL,CHN,CHC,Chicago Colts
249,NL,CIN,CIN,Cincinnati Reds
250,NL,CL4,CLV,Cleveland Spiders
251,NL,NY1,SFG,New York Giants
252,NL,PHI,PHI,Philadelphia Phillies
253,NL,PIT,PIT,Pittsburg Alleghenys
254,PL,BFP,BFB,Buffalo Bisons
255,PL,BRP,BWW,Brooklyn Ward's Wonders
256,PL,BSP,BRS,Boston Reds
257,PL,CHP,CHP,Chicago Pirates
258,PL,CLP,CLI,Cleveland Infants
259,PL,NYP,NYI,New York Giants
260,PL,PHP,PHQ,Philadelphia Athletics
261,PL,PTP,PBB,Pittsburgh Burghers
262,AA,BL3,BLO,Baltimore Orioles
263,AA,BS2,BRS,Boston Reds
264,AA,CL6,CLS,Columbus Solons
265,AA,CN3,CKK,Cincinnati Kelly's Killers
266,AA,LS2,LOU,Louisville Colonels
267,AA,ML3,MLA,Milwaukee Brewers
268,AA,PH4,PHQ,Philadelphia Athletics
269,AA,SL4,STL,St. Louis Browns
270,AA,WS9,WAS,Washington Statesmen
271,NL,BRO,LAD,Brooklyn Grooms
272,NL,BSN,ATL,Boston Beaneaters
273,NL,CHN,CHC,Chicago Colts
274,NL,CIN,CIN,Cincinnati Reds
275,NL,CL4,CLV,Cleveland Spiders
276,NL,NY1,SFG,New York Giants
277,NL,PHI,PHI,Philadelphia Phillies
278,NL,PIT,PIT,Pittsburgh Pirates
279,NL,BLN,BLO,Baltimore Orioles
280,NL,BRO,LAD,Brooklyn Grooms
281,NL,BSN,ATL,Boston Beaneaters
282,NL,CHN,CHC,Chicago Colts
283,NL,CIN,CIN,Cincinnati Reds
284,NL,CL4,CLV,Cleveland Spiders
285,NL,LS3,LOU,Louisville Colonels
286,NL,NY1,SFG,New York Giants
287,NL,PHI,PHI,Philadelphia Phillies
288,NL,PIT,PIT,Pittsburgh Pirates
289,NL,SLN,STL,St. Louis Browns
290,NL,WAS,WAS,Washington Senators
291,NL,BLN,BLO,Baltimore Orioles
292,NL,BRO,LAD,Brooklyn Grooms
293,NL,BSN,ATL,Boston Beaneaters
294,NL,CHN,CHC,Chicago Colts
295,NL,CIN,CIN,Cincinnati Reds
296,NL,CL4,CLV,Cleveland Spiders
297,NL,LS3,LOU,Louisville Colonels
298,NL,NY1,SFG,New York Giants
299,NL,PHI,PHI,Philadelphia Phillies
300,NL,PIT,PIT,Pittsburgh Pirates
301,NL,SLN,STL,St. Louis Browns
302,NL,WAS,WAS,Washington Senators
303,NL,BLN,BLO,Baltimore Orioles
304,NL,BRO,LAD,Brooklyn Grooms
305,NL,BSN,ATL,Boston Beaneaters
306,NL,CHN,CHC,Chicago Colts
307,NL,CIN,CIN,Cincinnati Reds
308,NL,CL4,CLV,Cleveland Spiders
309,NL,LS3,LOU,Louisville Colonels
310,NL,NY1,SFG,New York Giants
311,NL,PHI,PHI,Philadelphia Phillies
312,NL,PIT,PIT,Pittsburgh Pirates
313,NL,SLN,STL,St. Louis Browns
314,NL,WAS,WAS,Washington Senators
315,NL,BLN,BLO,Baltimore Orioles
316,NL,BRO,LAD,Brooklyn Grooms
317,NL,BSN,ATL,Boston Beaneaters
318,NL,CHN,CHC,Chicago Colts
319,NL,CIN,CIN,Cincinnati Reds
320,NL,CL4,CLV,Cleveland Spiders
321,NL,LS3,LOU,Louisville Colonels
322,NL,NY1,SFG,New York Giants
323,NL,PHI,PHI,Philadelphia Phillies
324,NL,PIT,PIT,Pittsburgh Pirates
325,NL,SLN,STL,St. Louis Browns
326,NL,WAS,WAS,Washington Senators
327,NL,BLN,BLO,Baltimore Orioles
328,NL,BRO,LAD,Brooklyn Bridegrooms
329,NL,BSN,ATL,Boston Beaneaters
330,NL,CHN,CHC,Chicago Colts
331,NL,CIN,CIN,Cincinnati Reds
332,NL,CL4,CLV,Cleveland Spiders
333,NL,LS3,LOU,Louisville Colonels
334,NL,NY1,SFG,New York Giants
335,NL,PHI,PHI,Philadelphia Phillies
336,NL,PIT,PIT,Pittsburgh Pirates
337,NL,SLN,STL,St. Louis Browns
338,NL,WAS,WAS,Washington Senators
339,NL,BLN,BLO,Baltimore Orioles
340,NL,BRO,LAD,Brooklyn Bridegrooms
341,NL,BSN,ATL,Boston Beaneaters
342,NL,CHN,CHC,Chicago Colts
343,NL,CIN,CIN,Cincinnati Reds
344,NL,CL4,CLV,Cleveland Spiders
345,NL,LS3,LOU,Louisville Colonels
346,NL,NY1,SFG,New York Giants
347,NL,PHI,PHI,Philadelphia Phillies
348,NL,PIT,PIT,Pittsburgh Pirates
349,NL,SLN,STL,St. Louis Browns
350,NL,WAS,WAS,Washington Senators
351,NL,BLN,BLO,Baltimore Orioles
352,NL,BRO,LAD,Brooklyn Bridegrooms
353,NL,BSN,ATL,Boston Beaneaters
354,NL,CHN,CHC,Chicago Orphans
355,NL,CIN,CIN,Cincinnati Reds
356,NL,CL4,CLV,Cleveland Spiders
357,NL,LS3,LOU,Louisville Colonels
358,NL,NY1,SFG,New York Giants
359,NL,PHI,PHI,Philadelphia Phillies
360,NL,PIT,PIT,Pittsburgh Pirates
361,NL,SLN,STL,St. Louis Browns
362,NL,WAS,WAS,Washington Senators
363,NL,BLN,BLO,Baltimore Orioles
364,NL,BRO,LAD,Brooklyn Superbas
365,NL,BSN,ATL,Boston Beaneaters
366,NL,CHN,CHC,Chicago Orphans
367,NL,CIN,CIN,Cincinnati Reds
368,NL,CL4,CLV,Cleveland Spiders
369,NL,LS3,LOU,Louisville Colonels
370,NL,NY1,SFG,New York Giants
371,NL,PHI,PHI,Philadelphia Phillies
372,NL,PIT,PIT,Pittsburgh Pirates
373,NL,SLN,STL,St. Louis Perfectos
374,NL,WAS,WAS,Washington Senators
375,NL,BRO,LAD,Brooklyn Superbas
376,NL,BSN,ATL,Boston Beaneaters
377,NL,CHN,CHC,Chicago Orphans
378,NL,CIN,CIN,Cincinnati Reds
379,NL,NY1,SFG,New York Giants
380,NL,PHI,PHI,Philadelphia Phillies
381,NL,PIT,PIT,Pittsburgh Pirates
382,NL,SLN,STL,St. Louis Cardinals
383,AL,BLA,NYY,Baltimore Orioles
384,AL,BOS,BOS,Boston Americans
385,AL,CHA,CHW,Chicago White Sox
386,AL,CLE,CLE,Cleveland Blues
387,AL,DET,DET,Detroit Tigers
388,AL,MLA,BAL,Milwaukee Brewers
389,AL,PHA,OAK,Philadelphia Athletics
390,AL,WS1,MIN,Washington Senators
391,NL,BRO,LAD,Brooklyn Superbas
392,NL,BSN,ATL,Boston Beaneaters
393,NL,CHN,CHC,Chicago Orphans
394,NL,CIN,CIN,Cincinnati Reds
395,NL,NY1,SFG,New York Giants
396,NL,PHI,PHI,Philadelphia Phillies
397,NL,PIT,PIT,Pittsburgh Pirates
398,NL,SLN,STL,St. Louis Cardinals
399,AL,BLA,NYY,Baltimore Orioles
400,AL,BOS,BOS,Boston Americans
401,AL,CHA,CHW,Chicago White Sox
402,AL,CLE,CLE,Cleveland Bronchos
403,AL,DET,DET,Detroit Tigers
404,AL,PHA,OAK,Philadelphia Athletics
405,AL,SLA,BAL,St. Louis Browns
406,AL,WS1,MIN,Washington Senators
407,NL,BRO,LAD,Brooklyn Superbas
408,NL,BSN,ATL,Boston Beaneaters
409,NL,CHN,CHC,Chicago Orphans
410,NL,CIN,CIN,Cincinnati Reds
411,NL,NY1,SFG,New York Giants
412,NL,PHI,PHI,Philadelphia Phillies
413,NL,PIT,PIT,Pittsburgh Pirates
414,NL,SLN,STL,St. Louis Cardinals
415,AL,BOS,BOS,Boston Americans
416,AL,CHA,CHW,Chicago White Sox
417,AL,CLE,CLE,Cleveland Naps
418,AL,DET,DET,Detroit Tigers
419,AL,NYA,NYY,New York Highlanders
420,AL,PHA,OAK,Philadelphia Athletics
421,AL,SLA,BAL,St. Louis Browns
422,AL,WS1,MIN,Washington Senators
423,NL,BRO,LAD,Brooklyn Superbas
424,NL,BSN,ATL,Boston Beaneaters
425,NL,CHN,CHC,Chicago Cubs
426,NL,CIN,CIN,Cincinnati Reds
427,NL,NY1,SFG,New York Giants
428,NL,PHI,PHI,Philadelphia Phillies
429,NL,PIT,PIT,Pittsburgh Pirates
430,NL,SLN,STL,St. Louis Cardinals
431,AL,BOS,BOS,Boston Americans
432,AL,CHA,CHW,Chicago White Sox
433,AL,CLE,CLE,Cleveland Naps
434,AL,DET,DET,Detroit Tigers
435,AL,NYA,NYY,New York Highlanders
436,AL,PHA,OAK,Philadelphia Athletics
437,AL,SLA,BAL,St. Louis Browns
438,AL,WS1,MIN,Washington Senators
439,NL,BRO,LAD,Brooklyn Superbas
440,NL,BSN,ATL,Boston Beaneaters
441,NL,CHN,CHC,Chicago Cubs
442,NL,CIN,CIN,Cincinnati Reds
443,NL,NY1,SFG,New York Giants
444,NL,PHI,PHI,Philadelphia Phillies
445,NL,PIT,PIT,Pittsburgh Pirates
446,NL,SLN,STL,St. Louis Cardinals
447,AL,BOS,BOS,Boston Americans
448,AL,CHA,CHW,Chicago White Sox
449,AL,CLE,CLE,Cleveland Naps
450,AL,DET,DET,Detroit Tigers
451,AL,NYA,NYY,New York Highlanders
452,AL,PHA,OAK,Philadelphia Athletics
453,AL,SLA,BAL,St. Louis Browns
454,AL,WS1,MIN,Washington Senators
455,NL,BRO,LAD,Brooklyn Superbas
456,NL,BSN,ATL,Boston Beaneaters
457,NL,CHN,CHC,Chicago Cubs
458,NL,CIN,CIN,Cincinnati Reds
459,NL,NY1,SFG,New York Giants
460,NL,PHI,PHI,Philadelphia Phillies
461,NL,PIT,PIT,Pittsburgh Pirates
462,NL,SLN,STL,St. Louis Cardinals
463,AL,BOS,BOS,Boston Americans
464,AL,CHA,CHW,Chicago White Sox
465,AL,CLE,CLE,Cleveland Naps
466,AL,DET,DET,Detroit Tigers
467,AL,NYA,NYY,New York Highlanders
468,AL,PHA,OAK,Philadelphia Athletics
469,AL,SLA,BAL,St. Louis Browns
470,AL,WS1,MIN,Washington Senators
471,NL,BRO,LAD,Brooklyn Superbas
472,NL,BSN,ATL,Boston Beaneaters
473,NL,CHN,CHC,Chicago Cubs
474,NL,CIN,CIN,Cincinnati Reds
475,NL,NY1,SFG,New York Giants
476,NL,PHI,PHI,Philadelphia Phillies
477,NL,PIT,PIT,Pittsburgh Pirates
478,NL,SLN,STL,St. Louis Cardinals
479,AL,BOS,BOS,Boston Americans
480,AL,CHA,CHW,Chicago White Sox
481,AL,CLE,CLE,Cleveland Naps
482,AL,DET,DET,Detroit Tigers
483,AL,NYA,NYY,New York Highlanders
484,AL,PHA,OAK,Philadelphia Athletics
485,AL,SLA,BAL,St. Louis Browns
486,AL,WS1,MIN,Washington Senators
487,NL,BRO,LAD,Brooklyn Superbas
488,NL,BSN,ATL,Boston Doves
489,NL,CHN,CHC,Chicago Cubs
490,NL,CIN,CIN,Cincinnati Reds
491,NL,NY1,SFG,New York Giants
492,NL,PHI,PHI,Philadelphia Phillies
493,NL,PIT,PIT,Pittsburgh Pirates
494,NL,SLN,STL,St. Louis Cardinals
495,AL,BOS,BOS,Boston Red Sox
496,AL,CHA,CHW,Chicago White Sox
497,AL,CLE,CLE,Cleveland Naps
498,AL,DET,DET,Detroit Tigers
499,AL,NYA,NYY,New York Highlanders
500,AL,PHA,OAK,Philadelphia Athletics
501,AL,SLA,BAL,St. Louis Browns
502,AL,WS1,MIN,Washington Senators
503,NL,BRO,LAD,Brooklyn Superbas
504,NL,BSN,ATL,Boston Doves
505,NL,CHN,CHC,Chicago Cubs
506,NL,CIN,CIN,Cincinnati Reds
507,NL,NY1,SFG,New York Giants
508,NL,PHI,PHI,Philadelphia Phillies
509,NL,PIT,PIT,Pittsburgh Pirates
510,NL,SLN,STL,St. Louis Cardinals
511,AL,BOS,BOS,Boston Red Sox
512,AL,CHA,CHW,Chicago White Sox
513,AL,CLE,CLE,Cleveland Naps
514,AL,DET,DET,Detroit Tigers
515,AL,NYA,NYY,New York Highlanders
516,AL,PHA,OAK,Philadelphia Athletics
517,AL,SLA,BAL,St. Louis Browns
518,AL,WS1,MIN,Washington Senators
519,NL,BRO,LAD,Brooklyn Superbas
520,NL,BSN,ATL,Boston Doves
521,NL,CHN,CHC,Chicago Cubs
522,NL,CIN,CIN,Cincinnati Reds
523,NL,NY1,SFG,New York Giants
524,NL,PHI,PHI,Philadelphia Phillies
525,NL,PIT,PIT,Pittsburgh Pirates
526,NL,SLN,STL,St. Louis Cardinals
527,AL,BOS,BOS,Boston Red Sox
528,AL,CHA,CHW,Chicago White Sox
529,AL,CLE,CLE,Cleveland Naps
530,AL,DET,DET,Detroit Tigers
531,AL,NYA,NYY,New York Highlanders
532,AL,PHA,OAK,Philadelphia Athletics
533,AL,SLA,BAL,St. Louis Browns
534,AL,WS1,MIN,Washington Senators
535,NL,BRO,LAD,Brooklyn Superbas
536,NL,BSN,ATL,Boston Doves
537,NL,CHN,CHC,Chicago Cubs
538,NL,CIN,CIN,Cincinnati Reds
539,NL,NY1,SFG,New York Giants
540,NL,PHI,PHI,Philadelphia Phillies
541,NL,PIT,PIT,Pittsburgh Pirates
542,NL,SLN,STL,St. Louis Cardinals
543,AL,BOS,BOS,Boston Red Sox
544,AL,CHA,CHW,Chicago White Sox
545,AL,CLE,CLE,Cleveland Naps
546,AL,DET,DET,Detroit Tigers
547,AL,NYA,NYY,New York Highlanders
548,AL,PHA,OAK,Philadelphia Athletics
549,AL,SLA,BAL,St. Louis Browns
550,AL,WS1,MIN,Washington Senators
551,NL,BRO,LAD,Brooklyn Dodgers
552,NL,BSN,ATL,Boston Rustlers
553,NL,CHN,CHC,Chicago Cubs
554,NL,CIN,CIN,Cincinnati Reds
555,NL,NY1,SFG,New York Giants
556,NL,PHI,PHI,Philadelphia Phillies
557,NL,PIT,PIT,Pittsburgh Pirates
558,NL,SLN,STL,St. Louis Cardinals
559,AL,BOS,BOS,Boston Red Sox
560,AL,CHA,CHW,Chicago White Sox
561,AL,CLE,CLE,Cleveland Naps
562,AL,DET,DET,Detroit Tigers
563,AL,NYA,NYY,New York Highlanders
564,AL,PHA,OAK,Philadelphia Athletics
565,AL,SLA,BAL,St. Louis Browns
566,AL,WS1,MIN,Washington Senators
567,NL,BRO,LAD,Brooklyn Dodgers
568,NL,BSN,ATL,Boston Braves
569,NL,CHN,CHC,Chicago Cubs
570,NL,CIN,CIN,Cincinnati Reds
571,NL,NY1,SFG,New York Giants
572,NL,PHI,PHI,Philadelphia Phillies
573,NL,PIT,PIT,Pittsburgh Pirates
574,NL,SLN,STL,St. Louis Cardinals
575,AL,BOS,BOS,Boston Red Sox
576,AL,CHA,CHW,Chicago White Sox
577,AL,CLE,CLE,Cleveland Naps
578,AL,DET,DET,Detroit Tigers
579,AL,NYA,NYY,New York Yankees
580,AL,PHA,OAK,Philadelphia Athletics
581,AL,SLA,BAL,St. Louis Browns
582,AL,WS1,MIN,Washington Senators
583,NL,BRO,LAD,Brooklyn Superbas
584,NL,BSN,ATL,Boston Braves
585,NL,CHN,CHC,Chicago Cubs
586,NL,CIN,CIN,Cincinnati Reds
587,NL,NY1,SFG,New York Giants
588,NL,PHI,PHI,Philadelphia Phillies
589,NL,PIT,PIT,Pittsburgh Pirates
590,NL,SLN,STL,St. Louis Cardinals
591,AL,BOS,BOS,Boston Red Sox
592,AL,CHA,CHW,Chicago White Sox
593,AL,CLE,CLE,Cleveland Naps
594,AL,DET,DET,Detroit Tigers
595,AL,NYA,NYY,New York Yankees
596,AL,PHA,OAK,Philadelphia Athletics
597,AL,SLA,BAL,St. Louis Browns
598,AL,WS1,MIN,Washington Senators
599,FL,BLF,BLT,Baltimore Terrapins
600,FL,BRF,BTT,Brooklyn Tip-Tops
601,FL,BUF,BFL,Buffalo Buffeds
602,FL,CHF,CHH,Chicago Chi-Feds
603,FL,IND,NEW,Indianapolis Hoosiers
604,FL,KCF,KCP,Kansas City Packers
605,FL,PTF,PBS,Pittsburgh Rebels
606,FL,SLF,SLI,St. Louis Terriers
607,NL,BRO,LAD,Brooklyn Robins
608,NL,BSN,ATL,Boston Braves
609,NL,CHN,CHC,Chicago Cubs
610,NL,CIN,CIN,Cincinnati Reds
611,NL,NY1,SFG,New York Giants
612,NL,PHI,PHI,Philadelphia Phillies
613,NL,PIT,PIT,Pittsburgh Pirates
614,NL,SLN,STL,St. Louis Cardinals
615,AL,BOS,BOS,Boston Red Sox
616,AL,CHA,CHW,Chicago White Sox
617,AL,CLE,CLE,Cleveland Indians
618,AL,DET,DET,Detroit Tigers
619,AL,NYA,NYY,New York Yankees
620,AL,PHA,OAK,Philadelphia Athletics
621,AL,SLA,BAL,St. Louis Browns
622,AL,WS1,MIN,Washington Senators
623,FL,BLF,BLT,Baltimore Terrapins
624,FL,BRF,BTT,Brooklyn Tip-Tops
625,FL,BUF,BFL,Buffalo Blues
626,FL,CHF,CHH,Chicago Whales
627,FL,KCF,KCP,Kansas City Packers
628,FL,NEW,NEW,Newark Pepper
629,FL,PTF,PBS,Pittsburgh Rebels
630,FL,SLF,SLI,St. Louis Terriers
631,NL,BRO,LAD,Brooklyn Robins
632,NL,BSN,ATL,Boston Braves
633,NL,CHN,CHC,Chicago Cubs
634,NL,CIN,CIN,Cincinnati Reds
635,NL,NY1,SFG,New York Giants
636,NL,PHI,PHI,Philadelphia Phillies
637,NL,PIT,PIT,Pittsburgh Pirates
638,NL,SLN,STL,St. Louis Cardinals
639,AL,BOS,BOS,Boston Red Sox
640,AL,CHA,CHW,Chicago White Sox
641,AL,CLE,CLE,Cleveland Indians
642,AL,DET,DET,Detroit Tigers
643,AL,NYA,NYY,New York Yankees
644,AL,PHA,OAK,Philadelphia Athletics
645,AL,SLA,BAL,St. Louis Browns
646,AL,WS1,MIN,Washington Senators
647,NL,BRO,LAD,Brooklyn Robins
648,NL,BSN,ATL,Boston Braves
649,NL,CHN,CHC,Chicago Cubs
650,NL,CIN,CIN,Cincinnati Reds
651,NL,NY1,SFG,New York Giants
652,NL,PHI,PHI,Philadelphia Phillies
653,NL,PIT,PIT,Pittsburgh Pirates
654,NL,SLN,STL,St. Louis Cardinals
655,AL,BOS,BOS,Boston Red Sox
656,AL,CHA,CHW,Chicago White Sox
657,AL,CLE,CLE,Cleveland Indians
658,AL,DET,DET,Detroit Tigers
659,AL,NYA,NYY,New York Yankees
660,AL,PHA,OAK,Philadelphia Athletics
661,AL,SLA,BAL,St. Louis Browns
662,AL,WS1,MIN,Washington Senators
663,NL,BRO,LAD,Brooklyn Robins
664,NL,BSN,ATL,Boston Braves
665,NL,CHN,CHC,Chicago Cubs
666,NL,CIN,CIN,Cincinnati Reds
667,NL,NY1,SFG,New York Giants
668,NL,PHI,PHI,Philadelphia Phillies
669,NL,PIT,PIT,Pittsburgh Pirates
670,NL,SLN,STL,St. Louis Cardinals
671,AL,BOS,BOS,Boston Red Sox
672,AL,CHA,CHW,Chicago White Sox
673,AL,CLE,CLE,Cleveland Indians
674,AL,DET,DET,Detroit Tigers
675,AL,NYA,NYY,New York Yankees
676,AL,PHA,OAK,Philadelphia Athletics
677,AL,SLA,BAL,St. Louis Browns
678,AL,WS1,MIN,Washington Senators
679,NL,BRO,LAD,Brooklyn Robins
680,NL,BSN,ATL,Boston Braves
681,NL,CHN,CHC,Chicago Cubs
682,NL,CIN,CIN,Cincinnati Reds
683,NL,NY1,SFG,New York Giants
684,NL,PHI,PHI,Philadelphia Phillies
685,NL,PIT,PIT,Pittsburgh Pirates
686,NL,SLN,STL,St. Louis Cardinals
687,AL,BOS,BOS,Boston Red Sox
688,AL,CHA,CHW,Chicago White Sox
689,AL,CLE,CLE,Cleveland Indians
690,AL,DET,DET,Detroit Tigers
691,AL,NYA,NYY,New York Yankees
692,AL,PHA,OAK,Philadelphia Athletics
693,AL,SLA,BAL,St. Louis Browns
694,AL,WS1,MIN,Washington Senators
695,NL,BRO,LAD,Brooklyn Robins
696,NL,BSN,ATL,Boston Braves
697,NL,CHN,CHC,Chicago Cubs
698,NL,CIN,CIN,Cincinnati Reds
699,NL,NY1,SFG,New York Giants
700,NL,PHI,PHI,Philadelphia Phillies
701,NL,PIT,PIT,Pittsburgh Pirates
702,NL,SLN,STL,St. Louis Cardinals
703,AL,BOS,BOS,Boston Red Sox
704,AL,CHA,CHW,Chicago White Sox
705,AL,CLE,CLE,Cleveland Indians
706,AL,DET,DET,Detroit Tigers
707,AL,NYA,NYY,New York Yankees
708,AL,PHA,OAK,Philadelphia Athletics
709,AL,SLA,BAL,St. Louis Browns
710,AL,WS1,MIN,Washington Senators
711,NL,BRO,LAD,Brooklyn Robins
712,NL,BSN,ATL,Boston Braves
713,NL,CHN,CHC,Chicago Cubs
714,NL,CIN,CIN,Cincinnati Reds
715,NL,NY1,SFG,New York Giants
716,NL,PHI,PHI,Philadelphia Phillies
717,NL,PIT,PIT,Pittsburgh Pirates
718,NL,SLN,STL,St. Louis Cardinals
719,AL,BOS,BOS,Boston Red Sox
720,AL,CHA,CHW,Chicago White Sox
721,AL,CLE,CLE,Cleveland Indians
722,AL,DET,DET,Detroit Tigers
723,AL,NYA,NYY,New York Yankees
724,AL,PHA,OAK,Philadelphia Athletics
725,AL,SLA,BAL,St. Louis Browns
726,AL,WS1,MIN,Washington Senators
727,NL,BRO,LAD,Brooklyn Robins
728,NL,BSN,ATL,Boston Braves
729,NL,CHN,CHC,Chicago Cubs
730,NL,CIN,CIN,Cincinnati Reds
731,NL,NY1,SFG,New York Giants
732,NL,PHI,PHI,Philadelphia Phillies
733,NL,PIT,PIT,Pittsburgh Pirates
734,NL,SLN,STL,St. Louis Cardinals
735,AL,BOS,BOS,Boston Red Sox
736,AL,CHA,CHW,Chicago White Sox
737,AL,CLE,CLE,Cleveland Indians
738,AL,DET,DET,Detroit Tigers
739,AL,NYA,NYY,New York Yankees
740,AL,PHA,OAK,Philadelphia Athletics
741,AL,SLA,BAL,St. Louis Browns
742,AL,WS1,MIN,Washington Senators
743,NL,BRO,LAD,Brooklyn Robins
744,NL,BSN,ATL,Boston Braves
745,NL,CHN,CHC,Chicago Cubs
746,NL,CIN,CIN,Cincinnati Reds
747,NL,NY1,SFG,New York Giants
748,NL,PHI,PHI,Philadelphia Phillies
749,NL,PIT,PIT,Pittsburgh Pirates
750,NL,SLN,STL,St. Louis Cardinals
751,AL,BOS,BOS,Boston Red Sox
752,AL,CHA,CHW,Chicago White Sox
753,AL,CLE,CLE,Cleveland Indians
754,AL,DET,DET,Detroit Tigers
755,AL,NYA,NYY,New York Yankees
756,AL,PHA,OAK,Philadelphia Athletics
757,AL,SLA,BAL,St. Louis Browns
758,AL,WS1,MIN,Washington Senators
759,NL,BRO,LAD,Brooklyn Robins
760,NL,BSN,ATL,Boston Braves
761,NL,CHN,CHC,Chicago Cubs
762,NL,CIN,CIN,Cincinnati Reds
763,NL,NY1,SFG,New York Giants
764,NL,PHI,PHI,Philadelphia Phillies
765,NL,PIT,PIT,Pittsburgh Pirates
766,NL,SLN,STL,St. Louis Cardinals
767,AL,BOS,BOS,Boston Red Sox
768,AL,CHA,CHW,Chicago White Sox
769,AL,CLE,CLE,Cleveland Indians
770,AL,DET,DET,Detroit Tigers
771,AL,NYA,NYY,New York Yankees
772,AL,PHA,OAK,Philadelphia Athletics
773,AL,SLA,BAL,St. Louis Browns
774,AL,WS1,MIN,Washington Senators
775,NL,BRO,LAD,Brooklyn Robins
776,NL,BSN,ATL,Boston Braves
777,NL,CHN,CHC,Chicago Cubs
778,NL,CIN,CIN,Cincinnati Reds
779,NL,NY1,SFG,New York Giants
780,NL,PHI,PHI,Philadelphia Phillies
781,NL,PIT,PIT,Pittsburgh Pirates
782,NL,SLN,STL,St. Louis Cardinals
783,AL,BOS,BOS,Boston Red Sox
784,AL,CHA,CHW,Chicago White Sox
785,AL,CLE,CLE,Cleveland Indians
786,AL,DET,DET,Detroit Tigers
787,AL,NYA,NYY,New York Yankees
788,AL,PHA,OAK,Philadelphia Athletics
789,AL,SLA,BAL,St. Louis Browns
790,AL,WS1,MIN,Washington Senators
791,NL,BRO,LAD,Brooklyn Robins
792,NL,BSN,ATL,Boston Braves
793,NL,CHN,CHC,Chicago Cubs
794,NL,CIN,CIN,Cincinnati Reds
795,NL,NY1,SFG,New York Giants
796,NL,PHI,PHI,Philadelphia Phillies
797,NL,PIT,PIT,Pittsburgh Pirates
798,NL,SLN,STL,St. Louis Cardinals
799,AL,BOS,BOS,Boston Red Sox
800,AL,CHA,CHW,Chicago White Sox
801,AL,CLE,CLE,Cleveland Indians
802,AL,DET,DET,Detroit Tigers
803,AL,NYA,NYY,New York Yankees
804,AL,PHA,OAK,Philadelphia Athletics
805,AL,SLA,BAL,St. Louis Browns
806,AL,WS1,MIN,Washington Senators
807,NL,BRO,LAD,Brooklyn Robins
808,NL,BSN,ATL,Boston Braves
809,NL,CHN,CHC,Chicago Cubs
810,NL,CIN,CIN,Cincinnati Reds
811,NL,NY1,SFG,New York Giants
812,NL,PHI,PHI,Philadelphia Phillies
813,NL,PIT,PIT,Pittsburgh Pirates
814,NL,SLN,STL,St. Louis Cardinals
815,AL,BOS,BOS,Boston Red Sox
816,AL,CHA,CHW,Chicago White Sox
817,AL,CLE,CLE,Cleveland Indians
818,AL,DET,DET,Detroit Tigers
819,AL,NYA,NYY,New York Yankees
820,AL,PHA,OAK,Philadelphia Athletics
821,AL,SLA,BAL,St. Louis Browns
822,AL,WS1,MIN,Washington Senators
823,NL,BRO,LAD,Brooklyn Robins
824,NL,BSN,ATL,Boston Braves
825,NL,CHN,CHC,Chicago Cubs
826,NL,CIN,CIN,Cincinnati Reds
827,NL,NY1,SFG,New York Giants
828,NL,PHI,PHI,Philadelphia Phillies
829,NL,PIT,PIT,Pittsburgh Pirates
830,NL,SLN,STL,St. Louis Cardinals
831,AL,BOS,BOS,Boston Red Sox
832,AL,CHA,CHW,Chicago White Sox
833,AL,CLE,CLE,Cleveland Indians
834,AL,DET,DET,Detroit Tigers
835,AL,NYA,NYY,New York Yankees
836,AL,PHA,OAK,Philadelphia Athletics
837,AL,SLA,BAL,St. Louis Browns
838,AL,WS1,MIN,Washington Senators
839,NL,BRO,LAD,Brooklyn Robins
840,NL,BSN,ATL,Boston Braves
841,NL,CHN,CHC,Chicago Cubs
842,NL,CIN,CIN,Cincinnati Reds
843,NL,NY1,SFG,New York Giants
844,NL,PHI,PHI,Philadelphia Phillies
845,NL,PIT,PIT,Pittsburgh Pirates
846,NL,SLN,STL,St. Louis Cardinals
847,AL,BOS,BOS,Boston Red Sox
848,AL,CHA,CHW,Chicago White Sox
849,AL,CLE,CLE,Cleveland Indians
850,AL,DET,DET,Detroit Tigers
851,AL,NYA,NYY,New York Yankees
852,AL,PHA,OAK,Philadelphia Athletics
853,AL,SLA,BAL,St. Louis Browns
854,AL,WS1,MIN,Washington Senators
855,NL,BRO,LAD,Brooklyn Robins
856,NL,BSN,ATL,Boston Braves
857,NL,CHN,CHC,Chicago Cubs
858,NL,CIN,CIN,Cincinnati Reds
859,NL,NY1,SFG,New York Giants
860,NL,PHI,PHI,Philadelphia Phillies
861,NL,PIT,PIT,Pittsburgh Pirates
862,NL,SLN,STL,St. Louis Cardinals
863,AL,BOS,BOS,Boston Red Sox
864,AL,CHA,CHW,Chicago White Sox
865,AL,CLE,CLE,Cleveland Indians
866,AL,DET,DET,Detroit Tigers
867,AL,NYA,NYY,New York Yankees
868,AL,PHA,OAK,Philadelphia Athletics
869,AL,SLA,BAL,St. Louis Browns
870,AL,WS1,MIN,Washington Senators
871,NL,BRO,LAD,Brooklyn Robins
872,NL,BSN,ATL,Boston Braves
873,NL,CHN,CHC,Chicago Cubs
874,NL,CIN,CIN,Cincinnati Reds
875,NL,NY1,SFG,New York Giants
876,NL,PHI,PHI,Philadelphia Phillies
877,NL,PIT,PIT,Pittsburgh Pirates
878,NL,SLN,STL,St. Louis Cardinals
879,AL,BOS,BOS,Boston Red Sox
880,AL,CHA,CHW,Chicago White Sox
881,AL,CLE,CLE,Cleveland Indians
882,AL,DET,DET,Detroit Tigers
883,AL,NYA,NYY,New York Yankees
884,AL,PHA,OAK,Philadelphia Athletics
885,AL,SLA,BAL,St. Louis Browns
886,AL,WS1,MIN,Washington Senators
887,NL,BRO,LAD,Brooklyn Robins
888,NL,BSN,ATL,Boston Braves
889,NL,CHN,CHC,Chicago Cubs
890,NL,CIN,CIN,Cincinnati Reds
891,NL,NY1,SFG,New York Giants
892,NL,PHI,PHI,Philadelphia Phillies
893,NL,PIT,PIT,Pittsburgh Pirates
894,NL,SLN,STL,St. Louis Cardinals
895,AL,BOS,BOS,Boston Red Sox
896,AL,CHA,CHW,Chicago White Sox
897,AL,CLE,CLE,Cleveland Indians
898,AL,DET,DET,Detroit Tigers
899,AL,NYA,NYY,New York Yankees
900,AL,PHA,OAK,Philadelphia Athletics
901,AL,SLA,BAL,St. Louis Browns
902,AL,WS1,MIN,Washington Senators
903,NL,BRO,LAD,Brooklyn Dodgers
904,NL,BSN,ATL,Boston Braves
905,NL,CHN,CHC,Chicago Cubs
906,NL,CIN,CIN,Cincinnati Reds
907,NL,NY1,SFG,New York Giants
908,NL,PHI,PHI,Philadelphia Phillies
909,NL,PIT,PIT,Pittsburgh Pirates
910,NL,SLN,STL,St. Louis Cardinals
911,AL,BOS,BOS,Boston Red Sox
912,AL,CHA,CHW,Chicago White Sox
913,AL,CLE,CLE,Cleveland Indians
914,AL,DET,DET,Detroit Tigers
915,AL,NYA,NYY,New York Yankees
916,AL,PHA,OAK,Philadelphia Athletics
917,AL,SLA,BAL,St. Louis Browns
918,AL,WS1,MIN,Washington Senators
919,NL,BRO,LAD,Brooklyn Dodgers
920,NL,BSN,ATL,Boston Braves
921,NL,CHN,CHC,Chicago Cubs
922,NL,CIN,CIN,Cincinnati Reds
923,NL,NY1,SFG,New York Giants
924,NL,PHI,PHI,Philadelphia Phillies
925,NL,PIT,PIT,Pittsburgh Pirates
926,NL,SLN,STL,St. Louis Cardinals
927,AL,BOS,BOS,Boston Red Sox
928,AL,CHA,CHW,Chicago White Sox
929,AL,CLE,CLE,Cleveland Indians
930,AL,DET,DET,Detroit Tigers
931,AL,NYA,NYY,New York Yankees
932,AL,PHA,OAK,Philadelphia Athletics
933,AL,SLA,BAL,St. Louis Browns
934,AL,WS1,MIN,Washington Senators
935,NL,BRO,LAD,Brooklyn Dodgers
936,NL,BSN,ATL,Boston Braves
937,NL,CHN,CHC,Chicago Cubs
938,NL,CIN,CIN,Cincinnati Reds
939,NL,NY1,SFG,New York Giants
940,NL,PHI,PHI,Philadelphia Phillies
941,NL,PIT,PIT,Pittsburgh Pirates
942,NL,SLN,STL,St. Louis Cardinals
943,AL,BOS,BOS,Boston Red Sox
944,AL,CHA,CHW,Chicago White Sox
945,AL,CLE,CLE,Cleveland Indians
946,AL,DET,DET,Detroit Tigers
947,AL,NYA,NYY,New York Yankees
948,AL,PHA,OAK,Philadelphia Athletics
949,AL,SLA,BAL,St. Louis Browns
950,AL,WS1,MIN,Washington Senators
951,NL,BRO,LAD,Brooklyn Dodgers
952,NL,BSN,ATL,Boston Braves
953,NL,CHN,CHC,Chicago Cubs
954,NL,CIN,CIN,Cincinnati Reds
955,NL,NY1,SFG,New York Giants
956,NL,PHI,PHI,Philadelphia Phillies
957,NL,PIT,PIT,Pittsburgh Pirates
958,NL,SLN,STL,St. Louis Cardinals
959,AL,BOS,BOS,Boston Red Sox
960,AL,CHA,CHW,Chicago White Sox
961,AL,CLE,CLE,Cleveland Indians
962,AL,DET,DET,Detroit Tigers
963,AL,NYA,NYY,New York Yankees
964,AL,PHA,OAK,Philadelphia Athletics
965,AL,SLA,BAL,St. Louis Browns
966,AL,WS1,MIN,Washington Senators
967,NL,BRO,LAD,Brooklyn Dodgers
968,NL,BSN,ATL,Boston Bees
969,NL,CHN,CHC,Chicago Cubs
970,NL,CIN,CIN,Cincinnati Reds
971,NL,NY1,SFG,New York Giants
972,NL,PHI,PHI,Philadelphia Phillies
973,NL,PIT,PIT,Pittsburgh Pirates
974,NL,SLN,STL,St. Louis Cardinals
975,AL,BOS,BOS,Boston Red Sox
976,AL,CHA,CHW,Chicago White Sox
977,AL,CLE,CLE,Cleveland Indians
978,AL,DET,DET,Detroit Tigers
979,AL,NYA,NYY,New York Yankees
980,AL,PHA,OAK,Philadelphia Athletics
981,AL,SLA,BAL,St. Louis Browns
982,AL,WS1,MIN,Washington Senators
983,NL,BRO,LAD,Brooklyn Dodgers
984,NL,BSN,ATL,Boston Bees
985,NL,CHN,CHC,Chicago Cubs
986,NL,CIN,CIN,Cincinnati Reds
987,NL,NY1,SFG,New York Giants
988,NL,PHI,PHI,Philadelphia Phillies
989,NL,PIT,PIT,Pittsburgh Pirates
990,NL,SLN,STL,St. Louis Cardinals
991,AL,BOS,BOS,Boston Red Sox
992,AL,CHA,CHW,Chicago White Sox
993,AL,CLE,CLE,Cleveland Indians
994,AL,DET,DET,Detroit Tigers
995,AL,NYA,NYY,New York Yankees
996,AL,PHA,OAK,Philadelphia Athletics
997,AL,SLA,BAL,St. Louis Browns
998,AL,WS1,MIN,Washington Senators
999,NL,BRO,LAD,Brooklyn Dodgers
1000,NL,BSN,ATL,Boston Bees
1001,NL,CHN,CHC,Chicago Cubs
1002,NL,CIN,CIN,Cincinnati Reds
1003,NL,NY1,SFG,New York Giants
1004,NL,PHI,PHI,Philadelphia Phillies
1005,NL,PIT,PIT,Pittsburgh Pirates
1006,NL,SLN,STL,St. Louis Cardinals
1007,AL,BOS,BOS,Boston Red Sox
1008,AL,CHA,CHW,Chicago White Sox
1009,AL,CLE,CLE,Cleveland Indians
1010,AL,DET,DET,Detroit Tigers
1011,AL,NYA,NYY,New York Yankees
1012,AL,PHA,OAK,Philadelphia Athletics
1013,AL,SLA,BAL,St. Louis Browns
1014,AL,WS1,MIN,Washington Senators
1015,NL,BRO,LAD,Brooklyn Dodgers
1016,NL,BSN,ATL,Boston Bees
1017,NL,CHN,CHC,Chicago Cubs
1018,NL,CIN,CIN,Cincinnati Reds
1019,NL,NY1,SFG,New York Giants
1020,NL,PHI,PHI,Philadelphia Phillies
1021,NL,PIT,PIT,Pittsburgh Pirates
1022,NL,SLN,STL,St. Louis Cardinals
1023,AL,BOS,BOS,Boston Red Sox
1024,AL,CHA,CHW,Chicago White Sox
1025,AL,CLE,CLE,Cleveland Indians
1026,AL,DET,DET,Detroit Tigers
1027,AL,NYA,NYY,New York Yankees
1028,AL,PHA,OAK,Philadelphia Athletics
1029,AL,SLA,BAL,St. Louis Browns
1030,AL,WS1,MIN,Washington Senators
1031,NL,BRO,LAD,Brooklyn Dodgers
1032,NL,BSN,ATL,Boston Bees
1033,NL,CHN,CHC,Chicago Cubs
1034,NL,CIN,CIN,Cincinnati Reds
1035,NL,NY1,SFG,New York Giants
1036,NL,PHI,PHI,Philadelphia Phillies
1037,NL,PIT,PIT,Pittsburgh Pirates
1038,NL,SLN,STL,St. Louis Cardinals
1039,AL,BOS,BOS,Boston Red Sox
1040,AL,CHA,CHW,Chicago White Sox
1041,AL,CLE,CLE,Cleveland Indians
1042,AL,DET,DET,Detroit Tigers
1043,AL,NYA,NYY,New York Yankees
1044,AL,PHA,OAK,Philadelphia Athletics
1045,AL,SLA,BAL,St. Louis Browns
1046,AL,WS1,MIN,Washington Senators
1047,NL,BRO,LAD,Brooklyn Dodgers
1048,NL,BSN,ATL,Boston Braves
1049,NL,CHN,CHC,Chicago Cubs
1050,NL,CIN,CIN,Cincinnati Reds
1051,NL,NY1,SFG,New York Giants
1052,NL,PHI,PHI,Philadelphia Phillies
1053,NL,PIT,PIT,Pittsburgh Pirates
1054,NL,SLN,STL,St. Louis Cardinals
1055,AL,BOS,BOS,Boston Red Sox
1056,AL,CHA,CHW,Chicago White Sox
1057,AL,CLE,CLE,Cleveland Indians
1058,AL,DET,DET,Detroit Tigers
1059,AL,NYA,NYY,New York Yankees
1060,AL,PHA,OAK,Philadelphia Athletics
1061,AL,SLA,BAL,St. Louis Browns
1062,AL,WS1,MIN,Washington Senators
1063,NL,BRO,LAD,Brooklyn Dodgers
1064,NL,BSN,ATL,Boston Braves
1065,NL,CHN,CHC,Chicago Cubs
1066,NL,CIN,CIN,Cincinnati Reds
1067,NL,NY1,SFG,New York Giants
1068,NL,PHI,PHI,Philadelphia Phillies
1069,NL,PIT,PIT,Pittsburgh Pirates
1070,NL,SLN,STL,St. Louis Cardinals
1071,AL,BOS,BOS,Boston Red Sox
1072,AL,CHA,CHW,Chicago White Sox
1073,AL,CLE,CLE,Cleveland Indians
1074,AL,DET,DET,Detroit Tigers
1075,AL,NYA,NYY,New York Yankees
1076,AL,PHA,OAK,Philadelphia Athletics
1077,AL,SLA,BAL,St. Louis Browns
1078,AL,WS1,MIN,Washington Senators
1079,NL,BRO,LAD,Brooklyn Dodgers
1080,NL,BSN,ATL,Boston Braves
1081,NL,CHN,CHC,Chicago Cubs
1082,NL,CIN,CIN,Cincinnati Reds
1083,NL,NY1,SFG,New York Giants
1084,NL,PHI,PHI,Philadelphia Blue Jays
1085,NL,PIT,PIT,Pittsburgh Pirates
1086,NL,SLN,STL,St. Louis Cardinals
1087,AL,BOS,BOS,Boston Red Sox
1088,AL,CHA,CHW,Chicago White Sox
1089,AL,CLE,CLE,Cleveland Indians
1090,AL,DET,DET,Detroit Tigers
1091,AL,NYA,NYY,New York Yankees
1092,AL,PHA,OAK,Philadelphia Athletics
1093,AL,SLA,BAL,St. Louis Browns
1094,AL,WS1,MIN,Washington Senators
1095,NL,BRO,LAD,Brooklyn Dodgers
1096,NL,BSN,ATL,Boston Braves
1097,NL,CHN,CHC,Chicago Cubs
1098,NL,CIN,CIN,Cincinnati Reds
1099,NL,NY1,SFG,New York Giants
1100,NL,PHI,PHI,Philadelphia Blue Jays
1101,NL,PIT,PIT,Pittsburgh Pirates
1102,NL,SLN,STL,St. Louis Cardinals
1103,AL,BOS,BOS,Boston Red Sox
1104,AL,CHA,CHW,Chicago White Sox
1105,AL,CLE,CLE,Cleveland Indians
1106,AL,DET,DET,Detroit Tigers
1107,AL,NYA,NYY,New York Yankees
1108,AL,PHA,OAK,Philadelphia Athletics
1109,AL,SLA,BAL,St. Louis Browns
1110,AL,WS1,MIN,Washington Senators
1111,NL,BRO,LAD,Brooklyn Dodgers
1112,NL,BSN,ATL,Boston Braves
1113,NL,CHN,CHC,Chicago Cubs
1114,NL,CIN,CIN,Cincinnati Reds
1115,NL,NY1,SFG,New York Giants
1116,NL,PHI,PHI,Philadelphia Phillies
1117,NL,PIT,PIT,Pittsburgh Pirates
1118,NL,SLN,STL,St. Louis Cardinals
1119,AL,BOS,BOS,Boston Red Sox
1120,AL,CHA,CHW,Chicago White Sox
1121,AL,CLE,CLE,Cleveland Indians
1122,AL,DET,DET,Detroit Tigers
1123,AL,NYA,NYY,New York Yankees
1124,AL,PHA,OAK,Philadelphia Athletics
1125,AL,SLA,BAL,St. Louis Browns
1126,AL,WS1,MIN,Washington Senators
1127,NL,BRO,LAD,Brooklyn Dodgers
1128,NL,BSN,ATL,Boston Braves
1129,NL,CHN,CHC,Chicago Cubs
1130,NL,CIN,CIN,Cincinnati Reds
1131,NL,NY1,SFG,New York Giants
1132,NL,PHI,PHI,Philadelphia Phillies
1133,NL,PIT,PIT,Pittsburgh Pirates
1134,NL,SLN,STL,St. Louis Cardinals
1135,AL,BOS,BOS,Boston Red Sox
1136,AL,CHA,CHW,Chicago White Sox
1137,AL,CLE,CLE,Cleveland Indians
1138,AL,DET,DET,Detroit Tigers
1139,AL,NYA,NYY,New York Yankees
1140,AL,PHA,OAK,Philadelphia Athletics
1141,AL,SLA,BAL,St. Louis Browns
1142,AL,WS1,MIN,Washington Senators
1143,NL,BRO,LAD,Brooklyn Dodgers
1144,NL,BSN,ATL,Boston Braves
1145,NL,CHN,CHC,Chicago Cubs
1146,NL,CIN,CIN,Cincinnati Reds
1147,NL,NY1,SFG,New York Giants
1148,NL,PHI,PHI,Philadelphia Phillies
1149,NL,PIT,PIT,Pittsburgh Pirates
1150,NL,SLN,STL,St. Louis Cardinals
1151,AL,BOS,BOS,Boston Red Sox
1152,AL,CHA,CHW,Chicago White Sox
1153,AL,CLE,CLE,Cleveland Indians
1154,AL,DET,DET,Detroit Tigers
1155,AL,NYA,NYY,New York Yankees
1156,AL,PHA,OAK,Philadelphia Athletics
1157,AL,SLA,BAL,St. Louis Browns
1158,AL,WS1,MIN,Washington Senators
1159,NL,BRO,LAD,Brooklyn Dodgers
1160,NL,BSN,ATL,Boston Braves
1161,NL,CHN,CHC,Chicago Cubs
1162,NL,CIN,CIN,Cincinnati Reds
1163,NL,NY1,SFG,New York Giants
1164,NL,PHI,PHI,Philadelphia Phillies
1165,NL,PIT,PIT,Pittsburgh Pirates
1166,NL,SLN,STL,St. Louis Cardinals
1167,AL,BOS,BOS,Boston Red Sox
1168,AL,CHA,CHW,Chicago White Sox
1169,AL,CLE,CLE,Cleveland Indians
1170,AL,DET,DET,Detroit Tigers
1171,AL,NYA,NYY,New York Yankees
1172,AL,PHA,OAK,Philadelphia Athletics
1173,AL,SLA,BAL,St. Louis Browns
1174,AL,WS1,MIN,Washington Senators
1175,NL,BRO,LAD,Brooklyn Dodgers
1176,NL,BSN,ATL,Boston Braves
1177,NL,CHN,CHC,Chicago Cubs
1178,NL,CIN,CIN,Cincinnati Reds
1179,NL,NY1,SFG,New York Giants
1180,NL,PHI,PHI,Philadelphia Phillies
1181,NL,PIT,PIT,Pittsburgh Pirates
1182,NL,SLN,STL,St. Louis Cardinals
1183,AL,BOS,BOS,Boston Red Sox
1184,AL,CHA,CHW,Chicago White Sox
1185,AL,CLE,CLE,Cleveland Indians
1186,AL,DET,DET,Detroit Tigers
1187,AL,NYA,NYY,New York Yankees
1188,AL,PHA,OAK,Philadelphia Athletics
1189,AL,SLA,BAL,St. Louis Browns
1190,AL,WS1,MIN,Washington Senators
1191,NL,BRO,LAD,Brooklyn Dodgers
1192,NL,BSN,ATL,Boston Braves
1193,NL,CHN,CHC,Chicago Cubs
1194,NL,CIN,CIN,Cincinnati Reds
1195,NL,NY1,SFG,New York Giants
1196,NL,PHI,PHI,Philadelphia Phillies
1197,NL,PIT,PIT,Pittsburgh Pirates
1198,NL,SLN,STL,St. Louis Cardinals
1199,AL,BOS,BOS,Boston Red Sox
1200,AL,CHA,CHW,Chicago White Sox
1201,AL,CLE,CLE,Cleveland Indians
1202,AL,DET,DET,Detroit Tigers
1203,AL,NYA,NYY,New York Yankees
1204,AL,PHA,OAK,Philadelphia Athletics
1205,AL,SLA,BAL,St. Louis Browns
1206,AL,WS1,MIN,Washington Senators
1207,NL,BRO,LAD,Brooklyn Dodgers
1208,NL,BSN,ATL,Boston Braves
1209,NL,CHN,CHC,Chicago Cubs
1210,NL,CIN,CIN,Cincinnati Reds
1211,NL,NY1,SFG,New York Giants
1212,NL,PHI,PHI,Philadelphia Phillies
1213,NL,PIT,PIT,Pittsburgh Pirates
1214,NL,SLN,STL,St. Louis Cardinals
1215,AL,BOS,BOS,Boston Red Sox
1216,AL,CHA,CHW,Chicago White Sox
1217,AL,CLE,CLE,Cleveland Indians
1218,AL,DET,DET,Detroit Tigers
1219,AL,NYA,NYY,New York Yankees
1220,AL,PHA,OAK,Philadelphia Athletics
1221,AL,SLA,BAL,St. Louis Browns
1222,AL,WS1,MIN,Washington Senators
1223,NL,BRO,LAD,Brooklyn Dodgers
1224,NL,BSN,ATL,Boston Braves
1225,NL,CHN,CHC,Chicago Cubs
1226,NL,CIN,CIN,Cincinnati Reds
1227,NL,NY1,SFG,New York Giants
1228,NL,PHI,PHI,Philadelphia Phillies
1229,NL,PIT,PIT,Pittsburgh Pirates
1230,NL,SLN,STL,St. Louis Cardinals
1231,AL,BOS,BOS,Boston Red Sox
1232,AL,CHA,CHW,Chicago White Sox
1233,AL,CLE,CLE,Cleveland Indians
1234,AL,DET,DET,Detroit Tigers
1235,AL,NYA,NYY,New York Yankees
1236,AL,PHA,OAK,Philadelphia Athletics
1237,AL,SLA,BAL,St. Louis Browns
1238,AL,WS1,MIN,Washington Senators
1239,NL,BRO,LAD,Brooklyn Dodgers
1240,NL,CHN,CHC,Chicago Cubs
1241,NL,CIN,CIN,Cincinnati Reds
1242,NL,ML1,ATL,Milwaukee Braves
1243,NL,NY1,SFG,New York Giants
1244,NL,PHI,PHI,Philadelphia Phillies
1245,NL,PIT,PIT,Pittsburgh Pirates
1246,NL,SLN,STL,St. Louis Cardinals
1247,AL,BAL,BAL,Baltimore Orioles
1248,AL,BOS,BOS,Boston Red Sox
1249,AL,CHA,CHW,Chicago White Sox
1250,AL,CLE,CLE,Cleveland Indians
1251,AL,DET,DET,Detroit Tigers
1252,AL,NYA,NYY,New York Yankees
1253,AL,PHA,OAK,Philadelphia Athletics
1254,AL,WS1,MIN,Washington Senators
1255,NL,BRO,LAD,Brooklyn Dodgers
1256,NL,CHN,CHC,Chicago Cubs
1257,NL,CIN,CIN,Cincinnati Redlegs
1258,NL,ML1,ATL,Milwaukee Braves
1259,NL,NY1,SFG,New York Giants
1260,NL,PHI,PHI,Philadelphia Phillies
1261,NL,PIT,PIT,Pittsburgh Pirates
1262,NL,SLN,STL,St. Louis Cardinals
1263,AL,BAL,BAL,Baltimore Orioles
1264,AL,BOS,BOS,Boston Red Sox
1265,AL,CHA,CHW,Chicago White Sox
1266,AL,CLE,CLE,Cleveland Indians
1267,AL,DET,DET,Detroit Tigers
1268,AL,KC1,OAK,Kansas City Athletics
1269,AL,NYA,NYY,New York Yankees
1270,AL,WS1,MIN,Washington Senators
1271,NL,BRO,LAD,Brooklyn Dodgers
1272,NL,CHN,CHC,Chicago Cubs
1273,NL,CIN,CIN,Cincinnati Redlegs
1274,NL,ML1,ATL,Milwaukee Braves
1275,NL,NY1,SFG,New York Giants
1276,NL,PHI,PHI,Philadelphia Phillies
1277,NL,PIT,PIT,Pittsburgh Pirates
1278,NL,SLN,STL,St. Louis Cardinals
1279,AL,BAL,BAL,Baltimore Orioles
1280,AL,BOS,BOS,Boston Red Sox
1281,AL,CHA,CHW,Chicago White Sox
1282,AL,CLE,CLE,Cleveland Indians
1283,AL,DET,DET,Detroit Tigers
1284,AL,KC1,OAK,Kansas City Athletics
1285,AL,NYA,NYY,New York Yankees
1286,AL,WS1,MIN,Washington Senators
1287,NL,BRO,LAD,Brooklyn Dodgers
1288,NL,CHN,CHC,Chicago Cubs
1289,NL,CIN,CIN,Cincinnati Redlegs
1290,NL,ML1,ATL,Milwaukee Braves
1291,NL,NY1,SFG,New York Giants
1292,NL,PHI,PHI,Philadelphia Phillies
1293,NL,PIT,PIT,Pittsburgh Pirates
1294,NL,SLN,STL,St. Louis Cardinals
1295,AL,BAL,BAL,Baltimore Orioles
1296,AL,BOS,BOS,Boston Red Sox
1297,AL,CHA,CHW,Chicago White Sox
1298,AL,CLE,CLE,Cleveland Indians
1299,AL,DET,DET,Detroit Tigers
1300,AL,KC1,OAK,Kansas City Athletics
1301,AL,NYA,NYY,New York Yankees
1302,AL,WS1,MIN,Washington Senators
1303,NL,BRO,LAD,Brooklyn Dodgers
1304,NL,CHN,CHC,Chicago Cubs
1305,NL,CIN,CIN,Cincinnati Redlegs
1306,NL,ML1,ATL,Milwaukee Braves
1307,NL,NY1,SFG,New York Giants
1308,NL,PHI,PHI,Philadelphia Phillies
1309,NL,PIT,PIT,Pittsburgh Pirates
1310,NL,SLN,STL,St. Louis Cardinals
1311,AL,BAL,BAL,Baltimore Orioles
1312,AL,BOS,BOS,Boston Red Sox
1313,AL,CHA,CHW,Chicago White Sox
1314,AL,CLE,CLE,Cleveland Indians
1315,AL,DET,DET,Detroit Tigers
1316,AL,KC1,OAK,Kansas City Athletics
1317,AL,NYA,NYY,New York Yankees
1318,AL,WS1,MIN,Washington Senators
1319,NL,CHN,CHC,Chicago Cubs
1320,NL,CIN,CIN,Cincinnati Redlegs
1321,NL,LAN,LAD,Los Angeles Dodgers
1322,NL,ML1,ATL,Milwaukee Braves
1323,NL,PHI,PHI,Philadelphia Phillies
1324,NL,PIT,PIT,Pittsburgh Pirates
1325,NL,SFN,SFG,San Francisco Giants
1326,NL,SLN,STL,St. Louis Cardinals
1327,AL,BAL,BAL,Baltimore Orioles
1328,AL,BOS,BOS,Boston Red Sox
1329,AL,CHA,CHW,Chicago White Sox
1330,AL,CLE,CLE,Cleveland Indians
1331,AL,DET,DET,Detroit Tigers
1332,AL,KC1,OAK,Kansas City Athletics
1333,AL,NYA,NYY,New York Yankees
1334,AL,WS1,MIN,Washington Senators
1335,NL,CHN,CHC,Chicago Cubs
1336,NL,CIN,CIN,Cincinnati Redlegs
1337,NL,LAN,LAD,Los Angeles Dodgers
1338,NL,ML1,ATL,Milwaukee Braves
1339,NL,PHI,PHI,Philadelphia Phillies
1340,NL,PIT,PIT,Pittsburgh Pirates
1341,NL,SFN,SFG,San Francisco Giants
1342,NL,SLN,STL,St. Louis Cardinals
1343,AL,BAL,BAL,Baltimore Orioles
1344,AL,BOS,BOS,Boston Red Sox
1345,AL,CHA,CHW,Chicago White Sox
1346,AL,CLE,CLE,Cleveland Indians
1347,AL,DET,DET,Detroit Tigers
1348,AL,KC1,OAK,Kansas City Athletics
1349,AL,NYA,NYY,New York Yankees
1350,AL,WS1,MIN,Washington Senators
1351,NL,CHN,CHC,Chicago Cubs
1352,NL,CIN,CIN,Cincinnati Reds
1353,NL,LAN,LAD,Los Angeles Dodgers
1354,NL,ML1,ATL,Milwaukee Braves
1355,NL,PHI,PHI,Philadelphia Phillies
1356,NL,PIT,PIT,Pittsburgh Pirates
1357,NL,SFN,SFG,San Francisco Giants
1358,NL,SLN,STL,St. Louis Cardinals
1359,AL,BAL,BAL,Baltimore Orioles
1360,AL,BOS,BOS,Boston Red Sox
1361,AL,CHA,CHW,Chicago White Sox
1362,AL,CLE,CLE,Cleveland Indians
1363,AL,DET,DET,Detroit Tigers
1364,AL,KC1,OAK,Kansas City Athletics
1365,AL,LAA,ANA,Los Angeles Angels
1366,AL,MIN,MIN,Minnesota Twins
1367,AL,NYA,NYY,New York Yankees
1368,AL,WS2,TEX,Washington Senators
1369,NL,CHN,CHC,Chicago Cubs
1370,NL,CIN,CIN,Cincinnati Reds
1371,NL,LAN,LAD,Los Angeles Dodgers
1372,NL,ML1,ATL,Milwaukee Braves
1373,NL,PHI,PHI,Philadelphia Phillies
1374,NL,PIT,PIT,Pittsburgh Pirates
1375,NL,SFN,SFG,San Francisco Giants
1376,NL,SLN,STL,St. Louis Cardinals
1377,AL,BAL,BAL,Baltimore Orioles
1378,AL,BOS,BOS,Boston Red Sox
1379,AL,CHA,CHW,Chicago White Sox
1380,AL,CLE,CLE,Cleveland Indians
1381,AL,DET,DET,Detroit Tigers
1382,AL,KC1,OAK,Kansas City Athletics
1383,AL,LAA,ANA,Los Angeles Angels
1384,AL,MIN,MIN,Minnesota Twins
1385,AL,NYA,NYY,New York Yankees
1386,AL,WS2,TEX,Washington Senators
1387,NL,CHN,CHC,Chicago Cubs
1388,NL,CIN,CIN,Cincinnati Reds
1389,NL,HOU,HOU,Houston Colt .45's
1390,NL,LAN,LAD,Los Angeles Dodgers
1391,NL,ML1,ATL,Milwaukee Braves
1392,NL,NYN,NYM,New York Mets
1393,NL,PHI,PHI,Philadelphia Phillies
1394,NL,PIT,PIT,Pittsburgh Pirates
1395,NL,SFN,SFG,San Francisco Giants
1396,NL,SLN,STL,St. Louis Cardinals
1397,AL,BAL,BAL,Baltimore Orioles
1398,AL,BOS,BOS,Boston Red Sox
1399,AL,CHA,CHW,Chicago White Sox
1400,AL,CLE,CLE,Cleveland Indians
1401,AL,DET,DET,Detroit Tigers
1402,AL,KC1,OAK,Kansas City Athletics
1403,AL,LAA,ANA,Los Angeles Angels
1404,AL,MIN,MIN,Minnesota Twins
1405,AL,NYA,NYY,New York Yankees
1406,AL,WS2,TEX,Washington Senators
1407,NL,CHN,CHC,Chicago Cubs
1408,NL,CIN,CIN,Cincinnati Reds
1409,NL,HOU,HOU,Houston Colt .45's
1410,NL,LAN,LAD,Los Angeles Dodgers
1411,NL,ML1,ATL,Milwaukee Braves
1412,NL,NYN,NYM,New York Mets
1413,NL,PHI,PHI,Philadelphia Phillies
1414,NL,PIT,PIT,Pittsburgh Pirates
1415,NL,SFN,SFG,San Francisco Giants
1416,NL,SLN,STL,St. Louis Cardinals
1417,AL,BAL,BAL,Baltimore Orioles
1418,AL,BOS,BOS,Boston Red Sox
1419,AL,CHA,CHW,Chicago White Sox
1420,AL,CLE,CLE,Cleveland Indians
1421,AL,DET,DET,Detroit Tigers
1422,AL,KC1,OAK,Kansas City Athletics
1423,AL,LAA,ANA,Los Angeles Angels
1424,AL,MIN,MIN,Minnesota Twins
1425,AL,NYA,NYY,New York Yankees
1426,AL,WS2,TEX,Washington Senators
1427,NL,CHN,CHC,Chicago Cubs
1428,NL,CIN,CIN,Cincinnati Reds
1429,NL,HOU,HOU,Houston Colt .45's
1430,NL,LAN,LAD,Los Angeles Dodgers
1431,NL,ML1,ATL,Milwaukee Braves
1432,NL,NYN,NYM,New York Mets
1433,NL,PHI,PHI,Philadelphia Phillies
1434,NL,PIT,PIT,Pittsburgh Pirates
1435,NL,SFN,SFG,San Francisco Giants
1436,NL,SLN,STL,St. Louis Cardinals
1437,AL,BAL,BAL,Baltimore Orioles
1438,AL,BOS,BOS,Boston Red Sox
1439,AL,CAL,ANA,California Angels
1440,AL,CHA,CHW,Chicago White Sox
1441,AL,CLE,CLE,Cleveland Indians
1442,AL,DET,DET,Detroit Tigers
1443,AL,KC1,OAK,Kansas City Athletics
1444,AL,MIN,MIN,Minnesota Twins
1445,AL,NYA,NYY,New York Yankees
1446,AL,WS2,TEX,Washington Senators
1447,NL,CHN,CHC,Chicago Cubs
1448,NL,CIN,CIN,Cincinnati Reds
1449,NL,HOU,HOU,Houston Astros
1450,NL,LAN,LAD,Los Angeles Dodgers
1451,NL,ML1,ATL,Milwaukee Braves
1452,NL,NYN,NYM,New York Mets
1453,NL,PHI,PHI,Philadelphia Phillies
1454,NL,PIT,PIT,Pittsburgh Pirates
1455,NL,SFN,SFG,San Francisco Giants
1456,NL,SLN,STL,St. Louis Cardinals
1457,AL,BAL,BAL,Baltimore Orioles
1458,AL,BOS,BOS,Boston Red Sox
1459,AL,CAL,ANA,California Angels
1460,AL,CHA,CHW,Chicago White Sox
1461,AL,CLE,CLE,Cleveland Indians
1462,AL,DET,DET,Detroit Tigers
1463,AL,KC1,OAK,Kansas City Athletics
1464,AL,MIN,MIN,Minnesota Twins
1465,AL,NYA,NYY,New York Yankees
1466,AL,WS2,TEX,Washington Senators
1467,NL,ATL,ATL,Atlanta Braves
1468,NL,CHN,CHC,Chicago Cubs
1469,NL,CIN,CIN,Cincinnati Reds
1470,NL,HOU,HOU,Houston Astros
1471,NL,LAN,LAD,Los Angeles Dodgers
1472,NL,NYN,NYM,New York Mets
1473,NL,PHI,PHI,Philadelphia Phillies
1474,NL,PIT,PIT,Pittsburgh Pirates
1475,NL,SFN,SFG,San Francisco Giants
1476,NL,SLN,STL,St. Louis Cardinals
1477,AL,BAL,BAL,Baltimore Orioles
1478,AL,BOS,BOS,Boston Red Sox
1479,AL,CAL,ANA,California Angels
1480,AL,CHA,CHW,Chicago White Sox
1481,AL,CLE,CLE,Cleveland Indians
1482,AL,DET,DET,Detroit Tigers
1483,AL,KC1,OAK,Kansas City Athletics
1484,AL,MIN,MIN,Minnesota Twins
1485,AL,NYA,NYY,New York Yankees
1486,AL,WS2,TEX,Washington Senators
1487,NL,ATL,ATL,Atlanta Braves
1488,NL,CHN,CHC,Chicago Cubs
1489,NL,CIN,CIN,Cincinnati Reds
1490,NL,HOU,HOU,Houston Astros
1491,NL,LAN,LAD,Los Angeles Dodgers
1492,NL,NYN,NYM,New York Mets
1493,NL,PHI,PHI,Philadelphia Phillies
1494,NL,PIT,PIT,Pittsburgh Pirates
1495,NL,SFN,SFG,San Francisco Giants
1496,NL,SLN,STL,St. Louis Cardinals
1497,AL,BAL,BAL,Baltimore Orioles
1498,AL,BOS,BOS,Boston Red Sox
1499,AL,CAL,ANA,California Angels
1500,AL,CHA,CHW,Chicago White Sox
1501,AL,CLE,CLE,Cleveland Indians
1502,AL,DET,DET,Detroit Tigers
1503,AL,MIN,MIN,Minnesota Twins
1504,AL,NYA,NYY,New York Yankees
1505,AL,OAK,OAK,Oakland Athletics
1506,AL,WS2,TEX,Washington Senators
1507,NL,ATL,ATL,Atlanta Braves
1508,NL,CHN,CHC,Chicago Cubs
1509,NL,CIN,CIN,Cincinnati Reds
1510,NL,HOU,HOU,Houston Astros
1511,NL,LAN,LAD,Los Angeles Dodgers
1512,NL,NYN,NYM,New York Mets
1513,NL,PHI,PHI,Philadelphia Phillies
1514,NL,PIT,PIT,Pittsburgh Pirates
1515,NL,SFN,SFG,San Francisco Giants
1516,NL,SLN,STL,St. Louis Cardinals
1517,AL,BAL,BAL,Baltimore Orioles
1518,AL,BOS,BOS,Boston Red Sox
1519,AL,CAL,ANA,California Angels
1520,AL,CHA,CHW,Chicago White Sox
1521,AL,CLE,CLE,Cleveland Indians
1522,AL,DET,DET,Detroit Tigers
1523,AL,KCA,KCR,Kansas City Royals
1524,AL,MIN,MIN,Minnesota Twins
1525,AL,NYA,NYY,New York Yankees
1526,AL,OAK,OAK,Oakland Athletics
1527,AL,SE1,MIL,Seattle Pilots
1528,AL,WS2,TEX,Washington Senators
1529,NL,ATL,ATL,Atlanta Braves
1530,NL,CHN,CHC,Chicago Cubs
1531,NL,CIN,CIN,Cincinnati Reds
1532,NL,HOU,HOU,Houston Astros
1533,NL,LAN,LAD,Los Angeles Dodgers
1534,NL,MON,WSN,Montreal Expos
1535,NL,NYN,NYM,New York Mets
1536,NL,PHI,PHI,Philadelphia Phillies
1537,NL,PIT,PIT,Pittsburgh Pirates
1538,NL,SDN,SDP,San Diego Padres
1539,NL,SFN,SFG,San Francisco Giants
1540,NL,SLN,STL,St. Louis Cardinals
1541,AL,BAL,BAL,Baltimore Orioles
1542,AL,BOS,BOS,Boston Red Sox
1543,AL,CAL,ANA,California Angels
1544,AL,CHA,CHW,Chicago White Sox
1545,AL,CLE,CLE,Cleveland Indians
1546,AL,DET,DET,Detroit Tigers
1547,AL,KCA,KCR,Kansas City Royals
1548,AL,MIN,MIN,Minnesota Twins
1549,AL,ML4,MIL,Milwaukee Brewers
1550,AL,NYA,NYY,New York Yankees
1551,AL,OAK,OAK,Oakland Athletics
1552,AL,WS2,TEX,Washington Senators
1553,NL,ATL,ATL,Atlanta Braves
1554,NL,CHN,CHC,Chicago Cubs
1555,NL,CIN,CIN,Cincinnati Reds
1556,NL,HOU,HOU,Houston Astros
1557,NL,LAN,LAD,Los Angeles Dodgers
1558,NL,MON,WSN,Montreal Expos
1559,NL,NYN,NYM,New York Mets
1560,NL,PHI,PHI,Philadelphia Phillies
1561,NL,PIT,PIT,Pittsburgh Pirates
1562,NL,SDN,SDP,San Diego Padres
1563,NL,SFN,SFG,San Francisco Giants
1564,NL,SLN,STL,St. Louis Cardinals
1565,AL,BAL,BAL,Baltimore Orioles
1566,AL,BOS,BOS,Boston Red Sox
1567,AL,CAL,ANA,California Angels
1568,AL,CHA,CHW,Chicago White Sox
1569,AL,CLE,CLE,Cleveland Indians
1570,AL,DET,DET,Detroit Tigers
1571,AL,KCA,KCR,Kansas City Royals
1572,AL,MIN,MIN,Minnesota Twins
1573,AL,ML4,MIL,Milwaukee Brewers
1574,AL,NYA,NYY,New York Yankees
1575,AL,OAK,OAK,Oakland Athletics
1576,AL,WS2,TEX,Washington Senators
1577,NL,ATL,ATL,Atlanta Braves
1578,NL,CHN,CHC,Chicago Cubs
1579,NL,CIN,CIN,Cincinnati Reds
1580,NL,HOU,HOU,Houston Astros
1581,NL,LAN,LAD,Los Angeles Dodgers
1582,NL,MON,WSN,Montreal Expos
1583,NL,NYN,NYM,New York Mets
1584,NL,PHI,PHI,Philadelphia Phillies
1585,NL,PIT,PIT,Pittsburgh Pirates
1586,NL,SDN,SDP,San Diego Padres
1587,NL,SFN,SFG,San Francisco Giants
1588,NL,SLN,STL,St. Louis Cardinals
1589,AL,BAL,BAL,Baltimore Orioles
1590,AL,BOS,BOS,Boston Red Sox
1591,AL,CAL,ANA,California Angels
1592,AL,CHA,CHW,Chicago White Sox
1593,AL,CLE,CLE,Cleveland Indians
1594,AL,DET,DET,Detroit Tigers
1595,AL,KCA,KCR,Kansas City Royals
1596,AL,MIN,MIN,Minnesota Twins
1597,AL,ML4,MIL,Milwaukee Brewers
1598,AL,NYA,NYY,New York Yankees
1599,AL,OAK,OAK,Oakland Athletics
1600,AL,TEX,TEX,Texas Rangers
1601,NL,ATL,ATL,Atlanta Braves
1602,NL,CHN,CHC,Chicago Cubs
1603,NL,CIN,CIN,Cincinnati Reds
1604,NL,HOU,HOU,Houston Astros
1605,NL,LAN,LAD,Los Angeles Dodgers
1606,NL,MON,WSN,Montreal Expos
1607,NL,NYN,NYM,New York Mets
1608,NL,PHI,PHI,Philadelphia Phillies
1609,NL,PIT,PIT,Pittsburgh Pirates
1610,NL,SDN,SDP,San Diego Padres
1611,NL,SFN,SFG,San Francisco Giants
1612,NL,SLN,STL,St. Louis Cardinals
1613,AL,BAL,BAL,Baltimore Orioles
1614,AL,BOS,BOS,Boston Red Sox
1615,AL,CAL,ANA,California Angels
1616,AL,CHA,CHW,Chicago White Sox
1617,AL,CLE,CLE,Cleveland Indians
1618,AL,DET,DET,Detroit Tigers
1619,AL,KCA,KCR,Kansas City Royals
1620,AL,MIN,MIN,Minnesota Twins
1621,AL,ML4,MIL,Milwaukee Brewers
1622,AL,NYA,NYY,New York Yankees
1623,AL,OAK,OAK,Oakland Athletics
1624,AL,TEX,TEX,Texas Rangers
1625,NL,ATL,ATL,Atlanta Braves
1626,NL,CHN,CHC,Chicago Cubs
1627,NL,CIN,CIN,Cincinnati Reds
1628,NL,HOU,HOU,Houston Astros
1629,NL,LAN,LAD,Los Angeles Dodgers
1630,NL,MON,WSN,Montreal Expos
1631,NL,NYN,NYM,New York Mets
1632,NL,PHI,PHI,Philadelphia Phillies
1633,NL,PIT,PIT,Pittsburgh Pirates
1634,NL,SDN,SDP,San Diego Padres
1635,NL,SFN,SFG,San Francisco Giants
1636,NL,SLN,STL,St. Louis Cardinals
1637,AL,BAL,BAL,Baltimore Orioles
1638,AL,BOS,BOS,Boston Red Sox
1639,AL,CAL,ANA,California Angels
1640,AL,CHA,CHW,Chicago White Sox
1641,AL,CLE,CLE,Cleveland Indians
1642,AL,DET,DET,Detroit Tigers
1643,AL,KCA,KCR,Kansas City Royals
1644,AL,MIN,MIN,Minnesota Twins
1645,AL,ML4,MIL,Milwaukee Brewers
1646,AL,NYA,NYY,New York Yankees
1647,AL,OAK,OAK,Oakland Athletics
1648,AL,TEX,TEX,Texas Rangers
1649,NL,ATL,ATL,Atlanta Braves
1650,NL,CHN,CHC,Chicago Cubs
1651,NL,CIN,CIN,Cincinnati Reds
1652,NL,HOU,HOU,Houston Astros
1653,NL,LAN,LAD,Los Angeles Dodgers
1654,NL,MON,WSN,Montreal Expos
1655,NL,NYN,NYM,New York Mets
1656,NL,PHI,PHI,Philadelphia Phillies
1657,NL,PIT,PIT,Pittsburgh Pirates
1658,NL,SDN,SDP,San Diego Padres
1659,NL,SFN,SFG,San Francisco Giants
1660,NL,SLN,STL,St. Louis Cardinals
1661,AL,BAL,BAL,Baltimore Orioles
1662,AL,BOS,BOS,Boston Red Sox
1663,AL,CAL,ANA,California Angels
1664,AL,CHA,CHW,Chicago White Sox
1665,AL,CLE,CLE,Cleveland Indians
1666,AL,DET,DET,Detroit Tigers
1667,AL,KCA,KCR,Kansas City Royals
1668,AL,MIN,MIN,Minnesota Twins
1669,AL,ML4,MIL,Milwaukee Brewers
1670,AL,NYA,NYY,New York Yankees
1671,AL,OAK,OAK,Oakland Athletics
1672,AL,TEX,TEX,Texas Rangers
1673,NL,ATL,ATL,Atlanta Braves
1674,NL,CHN,CHC,Chicago Cubs
1675,NL,CIN,CIN,Cincinnati Reds
1676,NL,HOU,HOU,Houston Astros
1677,NL,LAN,LAD,Los Angeles Dodgers
1678,NL,MON,WSN,Montreal Expos
1679,NL,NYN,NYM,New York Mets
1680,NL,PHI,PHI,Philadelphia Phillies
1681,NL,PIT,PIT,Pittsburgh Pirates
1682,NL,SDN,SDP,San Diego Padres
1683,NL,SFN,SFG,San Francisco Giants
1684,NL,SLN,STL,St. Louis Cardinals
1685,AL,BAL,BAL,Baltimore Orioles
1686,AL,BOS,BOS,Boston Red Sox
1687,AL,CAL,ANA,California Angels
1688,AL,CHA,CHW,Chicago White Sox
1689,AL,CLE,CLE,Cleveland Indians
1690,AL,DET,DET,Detroit Tigers
1691,AL,KCA,KCR,Kansas City Royals
1692,AL,MIN,MIN,Minnesota Twins
1693,AL,ML4,MIL,Milwaukee Brewers
1694,AL,NYA,NYY,New York Yankees
1695,AL,OAK,OAK,Oakland Athletics
1696,AL,TEX,TEX,Texas Rangers
1697,NL,ATL,ATL,Atlanta Braves
1698,NL,CHN,CHC,Chicago Cubs
1699,NL,CIN,CIN,Cincinnati Reds
1700,NL,HOU,HOU,Houston Astros
1701,NL,LAN,LAD,Los Angeles Dodgers
1702,NL,MON,WSN,Montreal Expos
1703,NL,NYN,NYM,New York Mets
1704,NL,PHI,PHI,Philadelphia Phillies
1705,NL,PIT,PIT,Pittsburgh Pirates
1706,NL,SDN,SDP,San Diego Padres
1707,NL,SFN,SFG,San Francisco Giants
1708,NL,SLN,STL,St. Louis Cardinals
1709,AL,BAL,BAL,Baltimore Orioles
1710,AL,BOS,BOS,Boston Red Sox
1711,AL,CAL,ANA,California Angels
1712,AL,CHA,CHW,Chicago White Sox
1713,AL,CLE,CLE,Cleveland Indians
1714,AL,DET,DET,Detroit Tigers
1715,AL,KCA,KCR,Kansas City Royals
1716,AL,MIN,MIN,Minnesota Twins
1717,AL,ML4,MIL,Milwaukee Brewers
1718,AL,NYA,NYY,New York Yankees
1719,AL,OAK,OAK,Oakland Athletics
1720,AL,SEA,SEA,Seattle Mariners
1721,AL,TEX,TEX,Texas Rangers
1722,AL,TOR,TOR,Toronto Blue Jays
1723,NL,ATL,ATL,Atlanta Braves
1724,NL,CHN,CHC,Chicago Cubs
1725,NL,CIN,CIN,Cincinnati Reds
1726,NL,HOU,HOU,Houston Astros
1727,NL,LAN,LAD,Los Angeles Dodgers
1728,NL,MON,WSN,Montreal Expos
1729,NL,NYN,NYM,New York Mets
1730,NL,PHI,PHI,Philadelphia Phillies
1731,NL,PIT,PIT,Pittsburgh Pirates
1732,NL,SDN,SDP,San Diego Padres
1733,NL,SFN,SFG,San Francisco Giants
1734,NL,SLN,STL,St. Louis Cardinals
1735,AL,BAL,BAL,Baltimore Orioles
1736,AL,BOS,BOS,Boston Red Sox
1737,AL,CAL,ANA,California Angels
1738,AL,CHA,CHW,Chicago White Sox
1739,AL,CLE,CLE,Cleveland Indians
1740,AL,DET,DET,Detroit Tigers
1741,AL,KCA,KCR,Kansas City Royals
1742,AL,MIN,MIN,Minnesota Twins
1743,AL,ML4,MIL,Milwaukee Brewers
1744,AL,NYA,NYY,New York Yankees
1745,AL,OAK,OAK,Oakland Athletics
1746,AL,SEA,SEA,Seattle Mariners
1747,AL,TEX,TEX,Texas Rangers
1748,AL,TOR,TOR,Toronto Blue Jays
1749,NL,ATL,ATL,Atlanta Braves
1750,NL,CHN,CHC,Chicago Cubs
1751,NL,CIN,CIN,Cincinnati Reds
1752,NL,HOU,HOU,Houston Astros
1753,NL,LAN,LAD,Los Angeles Dodgers
1754,NL,MON,WSN,Montreal Expos
1755,NL,NYN,NYM,New York Mets
1756,NL,PHI,PHI,Philadelphia Phillies
1757,NL,PIT,PIT,Pittsburgh Pirates
1758,NL,SDN,SDP,San Diego Padres
1759,NL,SFN,SFG,San Francisco Giants
1760,NL,SLN,STL,St. Louis Cardinals
1761,AL,BAL,BAL,Baltimore Orioles
1762,AL,BOS,BOS,Boston Red Sox
1763,AL,CAL,ANA,California Angels
1764,AL,CHA,CHW,Chicago White Sox
1765,AL,CLE,CLE,Cleveland Indians
1766,AL,DET,DET,Detroit Tigers
1767,AL,KCA,KCR,Kansas City Royals
1768,AL,MIN,MIN,Minnesota Twins
1769,AL,ML4,MIL,Milwaukee Brewers
1770,AL,NYA,NYY,New York Yankees
1771,AL,OAK,OAK,Oakland Athletics
1772,AL,SEA,SEA,Seattle Mariners
1773,AL,TEX,TEX,Texas Rangers
1774,AL,TOR,TOR,Toronto Blue Jays
1775,NL,ATL,ATL,Atlanta Braves
1776,NL,CHN,CHC,Chicago Cubs
1777,NL,CIN,CIN,Cincinnati Reds
1778,NL,HOU,HOU,Houston Astros
1779,NL,LAN,LAD,Los Angeles Dodgers
1780,NL,MON,WSN,Montreal Expos
1781,NL,NYN,NYM,New York Mets
1782,NL,PHI,PHI,Philadelphia Phillies
1783,NL,PIT,PIT,Pittsburgh Pirates
1784,NL,SDN,SDP,San Diego Padres
1785,NL,SFN,SFG,San Francisco Giants
1786,NL,SLN,STL,St. Louis Cardinals
1787,AL,BAL,BAL,Baltimore Orioles
1788,AL,BOS,BOS,Boston Red Sox
1789,AL,CAL,ANA,California Angels
1790,AL,CHA,CHW,Chicago White Sox
1791,AL,CLE,CLE,Cleveland Indians
1792,AL,DET,DET,Detroit Tigers
1793,AL,KCA,KCR,Kansas City Royals
1794,AL,MIN,MIN,Minnesota Twins
1795,AL,ML4,MIL,Milwaukee Brewers
1796,AL,NYA,NYY,New York Yankees
1797,AL,OAK,OAK,Oakland Athletics
1798,AL,SEA,SEA,Seattle Mariners
1799,AL,TEX,TEX,Texas Rangers
1800,AL,TOR,TOR,Toronto Blue Jays
1801,NL,ATL,ATL,Atlanta Braves
1802,NL,CHN,CHC,Chicago Cubs
1803,NL,CIN,CIN,Cincinnati Reds
1804,NL,HOU,HOU,Houston Astros
1805,NL,LAN,LAD,Los Angeles Dodgers
1806,NL,MON,WSN,Montreal Expos
1807,NL,NYN,NYM,New York Mets
1808,NL,PHI,PHI,Philadelphia Phillies
1809,NL,PIT,PIT,Pittsburgh Pirates
1810,NL,SDN,SDP,San Diego Padres
1811,NL,SFN,SFG,San Francisco Giants
1812,NL,SLN,STL,St. Louis Cardinals
1813,AL,BAL,BAL,Baltimore Orioles
1814,AL,BOS,BOS,Boston Red Sox
1815,AL,CAL,ANA,California Angels
1816,AL,CHA,CHW,Chicago White Sox
1817,AL,CLE,CLE,Cleveland Indians
1818,AL,DET,DET,Detroit Tigers
1819,AL,KCA,KCR,Kansas City Royals
1820,AL,MIN,MIN,Minnesota Twins
1821,AL,ML4,MIL,Milwaukee Brewers
1822,AL,NYA,NYY,New York Yankees
1823,AL,OAK,OAK,Oakland Athletics
1824,AL,SEA,SEA,Seattle Mariners
1825,AL,TEX,TEX,Texas Rangers
1826,AL,TOR,TOR,Toronto Blue Jays
1827,NL,ATL,ATL,Atlanta Braves
1828,NL,CHN,CHC,Chicago Cubs
1829,NL,CIN,CIN,Cincinnati Reds
1830,NL,HOU,HOU,Houston Astros
1831,NL,LAN,LAD,Los Angeles Dodgers
1832,NL,MON,WSN,Montreal Expos
1833,NL,NYN,NYM,New York Mets
1834,NL,PHI,PHI,Philadelphia Phillies
1835,NL,PIT,PIT,Pittsburgh Pirates
1836,NL,SDN,SDP,San Diego Padres
1837,NL,SFN,SFG,San Francisco Giants
1838,NL,SLN,STL,St. Louis Cardinals
1839,AL,BAL,BAL,Baltimore Orioles
1840,AL,BOS,BOS,Boston Red Sox
1841,AL,CAL,ANA,California Angels
1842,AL,CHA,CHW,Chicago White Sox
1843,AL,CLE,CLE,Cleveland Indians
1844,AL,DET,DET,Detroit Tigers
1845,AL,KCA,KCR,Kansas City Royals
1846,AL,MIN,MIN,Minnesota Twins
1847,AL,ML4,MIL,Milwaukee Brewers
1848,AL,NYA,NYY,New York Yankees
1849,AL,OAK,OAK,Oakland Athletics
1850,AL,SEA,SEA,Seattle Mariners
1851,AL,TEX,TEX,Texas Rangers
1852,AL,TOR,TOR,Toronto Blue Jays
1853,NL,ATL,ATL,Atlanta Braves
1854,NL,CHN,CHC,Chicago Cubs
1855,NL,CIN,CIN,Cincinnati Reds
1856,NL,HOU,HOU,Houston Astros
1857,NL,LAN,LAD,Los Angeles Dodgers
1858,NL,MON,WSN,Montreal Expos
1859,NL,NYN,NYM,New York Mets
1860,NL,PHI,PHI,Philadelphia Phillies
1861,NL,PIT,PIT,Pittsburgh Pirates
1862,NL,SDN,SDP,San Diego Padres
1863,NL,SFN,SFG,San Francisco Giants
1864,NL,SLN,STL,St. Louis Cardinals
1865,AL,BAL,BAL,Baltimore Orioles
1866,AL,BOS,BOS,Boston Red Sox
1867,AL,CAL,ANA,California Angels
1868,AL,CHA,CHW,Chicago White Sox
1869,AL,CLE,CLE,Cleveland Indians
1870,AL,DET,DET,Detroit Tigers
1871,AL,KCA,KCR,Kansas City Royals
1872,AL,MIN,MIN,Minnesota Twins
1873,AL,ML4,MIL,Milwaukee Brewers
1874,AL,NYA,NYY,New York Yankees
1875,AL,OAK,OAK,Oakland Athletics
1876,AL,SEA,SEA,Seattle Mariners
1877,AL,TEX,TEX,Texas Rangers
1878,AL,TOR,TOR,Toronto Blue Jays
1879,NL,ATL,ATL,Atlanta Braves
1880,NL,CHN,CHC,Chicago Cubs
1881,NL,CIN,CIN,Cincinnati Reds
1882,NL,HOU,HOU,Houston Astros
1883,NL,LAN,LAD,Los Angeles Dodgers
1884,NL,MON,WSN,Montreal Expos
1885,NL,NYN,NYM,New York Mets
1886,NL,PHI,PHI,Philadelphia Phillies
1887,NL,PIT,PIT,Pittsburgh Pirates
1888,NL,SDN,SDP,San Diego Padres
1889,NL,SFN,SFG,San Francisco Giants
1890,NL,SLN,STL,St. Louis Cardinals
1891,AL,BAL,BAL,Baltimore Orioles
1892,AL,BOS,BOS,Boston Red Sox
1893,AL,CAL,ANA,California Angels
1894,AL,CHA,CHW,Chicago White Sox
1895,AL,CLE,CLE,Cleveland Indians
1896,AL,DET,DET,Detroit Tigers
1897,AL,KCA,KCR,Kansas City Royals
1898,AL,MIN,MIN,Minnesota Twins
1899,AL,ML4,MIL,Milwaukee Brewers
1900,AL,NYA,NYY,New York Yankees
1901,AL,OAK,OAK,Oakland Athletics
1902,AL,SEA,SEA,Seattle Mariners
1903,AL,TEX,TEX,Texas Rangers
1904,AL,TOR,TOR,Toronto Blue Jays
1905,NL,ATL,ATL,Atlanta Braves
1906,NL,CHN,CHC,Chicago Cubs
1907,NL,CIN,CIN,Cincinnati Reds
1908,NL,HOU,HOU,Houston Astros
1909,NL,LAN,LAD,Los Angeles Dodgers
1910,NL,MON,WSN,Montreal Expos
1911,NL,NYN,NYM,New York Mets
1912,NL,PHI,PHI,Philadelphia Phillies
1913,NL,PIT,PIT,Pittsburgh Pirates
1914,NL,SDN,SDP,San Diego Padres
1915,NL,SFN,SFG,San Francisco Giants
1916,NL,SLN,STL,St. Louis Cardinals
1917,AL,BAL,BAL,Baltimore Orioles
1918,AL,BOS,BOS,Boston Red Sox
1919,AL,CAL,ANA,California Angels
1920,AL,CHA,CHW,Chicago White Sox
1921,AL,CLE,CLE,Cleveland Indians
1922,AL,DET,DET,Detroit Tigers
1923,AL,KCA,KCR,Kansas City Royals
1924,AL,MIN,MIN,Minnesota Twins
1925,AL,ML4,MIL,Milwaukee Brewers
1926,AL,NYA,NYY,New York Yankees
1927,AL,OAK,OAK,Oakland Athletics
1928,AL,SEA,SEA,Seattle Mariners
1929,AL,TEX,TEX,Texas Rangers
1930,AL,TOR,TOR,Toronto Blue Jays
1931,NL,ATL,ATL,Atlanta Braves
1932,NL,CHN,CHC,Chicago Cubs
1933,NL,CIN,CIN,Cincinnati Reds
1934,NL,HOU,HOU,Houston Astros
1935,NL,LAN,LAD,Los Angeles Dodgers
1936,NL,MON,WSN,Montreal Expos
1937,NL,NYN,NYM,New York Mets
1938,NL,PHI,PHI,Philadelphia Phillies
1939,NL,PIT,PIT,Pittsburgh Pirates
1940,NL,SDN,SDP,San Diego Padres
1941,NL,SFN,SFG,San Francisco Giants
1942,NL,SLN,STL,St. Louis Cardinals
1943,AL,BAL,BAL,Baltimore Orioles
1944,AL,BOS,BOS,Boston Red Sox
1945,AL,CAL,ANA,California Angels
1946,AL,CHA,CHW,Chicago White Sox
1947,AL,CLE,CLE,Cleveland Indians
1948,AL,DET,DET,Detroit Tigers
1949,AL,KCA,KCR,Kansas City Royals
1950,AL,MIN,MIN,Minnesota Twins
1951,AL,ML4,MIL,Milwaukee Brewers
1952,AL,NYA,NYY,New York Yankees
1953,AL,OAK,OAK,Oakland Athletics
1954,AL,SEA,SEA,Seattle Mariners
1955,AL,TEX,TEX,Texas Rangers
1956,AL,TOR,TOR,Toronto Blue Jays
1957,NL,ATL,ATL,Atlanta Braves
1958,NL,CHN,CHC,Chicago Cubs
1959,NL,CIN,CIN,Cincinnati Reds
1960,NL,HOU,HOU,Houston Astros
1961,NL,LAN,LAD,Los Angeles Dodgers
1962,NL,MON,WSN,Montreal Expos
1963,NL,NYN,NYM,New York Mets
1964,NL,PHI,PHI,Philadelphia Phillies
1965,NL,PIT,PIT,Pittsburgh Pirates
1966,NL,SDN,SDP,San Diego Padres
1967,NL,SFN,SFG,San Francisco Giants
1968,NL,SLN,STL,St. Louis Cardinals
1969,AL,BAL,BAL,Baltimore Orioles
1970,AL,BOS,BOS,Boston Red Sox
1971,AL,CAL,ANA,California Angels
1972,AL,CHA,CHW,Chicago White Sox
1973,AL,CLE,CLE,Cleveland Indians
1974,AL,DET,DET,Detroit Tigers
1975,AL,KCA,KCR,Kansas City Royals
1976,AL,MIN,MIN,Minnesota Twins
1977,AL,ML4,MIL,Milwaukee Brewers
1978,AL,NYA,NYY,New York Yankees
1979,AL,OAK,OAK,Oakland Athletics
1980,AL,SEA,SEA,Seattle Mariners
1981,AL,TEX,TEX,Texas Rangers
1982,AL,TOR,TOR,Toronto Blue Jays
1983,NL,ATL,ATL,Atlanta Braves
1984,NL,CHN,CHC,Chicago Cubs
1985,NL,CIN,CIN,Cincinnati Reds
1986,NL,HOU,HOU,Houston Astros
1987,NL,LAN,LAD,Los Angeles Dodgers
1988,NL,MON,WSN,Montreal Expos
1989,NL,NYN,NYM,New York Mets
1990,NL,PHI,PHI,Philadelphia Phillies
1991,NL,PIT,PIT,Pittsburgh Pirates
1992,NL,SDN,SDP,San Diego Padres
1993,NL,SFN,SFG,San Francisco Giants
1994,NL,SLN,STL,St. Louis Cardinals
1995,AL,BAL,BAL,Baltimore Orioles
1996,AL,BOS,BOS,Boston Red Sox
1997,AL,CAL,ANA,California Angels
1998,AL,CHA,CHW,Chicago White Sox
1999,AL,CLE,CLE,Cleveland Indians
2000,AL,DET,DET,Detroit Tigers
2001,AL,KCA,KCR,Kansas City Royals
2002,AL,MIN,MIN,Minnesota Twins
2003,AL,ML4,MIL,Milwaukee Brewers
2004,AL,NYA,NYY,New York Yankees
2005,AL,OAK,OAK,Oakland Athletics
2006,AL,SEA,SEA,Seattle Mariners
2007,AL,TEX,TEX,Texas Rangers
2008,AL,TOR,TOR,Toronto Blue Jays
2009,NL,ATL,ATL,Atlanta Braves
2010,NL,CHN,CHC,Chicago Cubs
2011,NL,CIN,CIN,Cincinnati Reds
2012,NL,HOU,HOU,Houston Astros
2013,NL,LAN,LAD,Los Angeles Dodgers
2014,NL,MON,WSN,Montreal Expos
2015,NL,NYN,NYM,New York Mets
2016,NL,PHI,PHI,Philadelphia Phillies
2017,NL,PIT,PIT,Pittsburgh Pirates
2018,NL,SDN,SDP,San Diego Padres
2019,NL,SFN,SFG,San Francisco Giants
2020,NL,SLN,STL,St. Louis Cardinals
2021,AL,BAL,BAL,Baltimore Orioles
2022,AL,BOS,BOS,Boston Red Sox
2023,AL,CAL,ANA,California Angels
2024,AL,CHA,CHW,Chicago White Sox
2025,AL,CLE,CLE,Cleveland Indians
2026,AL,DET,DET,Detroit Tigers
2027,AL,KCA,KCR,Kansas City Royals
2028,AL,MIN,MIN,Minnesota Twins
2029,AL,ML4,MIL,Milwaukee Brewers
2030,AL,NYA,NYY,New York Yankees
2031,AL,OAK,OAK,Oakland Athletics
2032,AL,SEA,SEA,Seattle Mariners
2033,AL,TEX,TEX,Texas Rangers
2034,AL,TOR,TOR,Toronto Blue Jays
2035,NL,ATL,ATL,Atlanta Braves
2036,NL,CHN,CHC,Chicago Cubs
2037,NL,CIN,CIN,Cincinnati Reds
2038,NL,HOU,HOU,Houston Astros
2039,NL,LAN,LAD,Los Angeles Dodgers
2040,NL,MON,WSN,Montreal Expos
2041,NL,NYN,NYM,New York Mets
2042,NL,PHI,PHI,Philadelphia Phillies
2043,NL,PIT,PIT,Pittsburgh Pirates
2044,NL,SDN,SDP,San Diego Padres
2045,NL,SFN,SFG,San Francisco Giants
2046,NL,SLN,STL,St. Louis Cardinals
2047,AL,BAL,BAL,Baltimore Orioles
2048,AL,BOS,BOS,Boston Red Sox
2049,AL,CAL,ANA,California Angels
2050,AL,CHA,CHW,Chicago White Sox
2051,AL,CLE,CLE,Cleveland Indians
2052,AL,DET,DET,Detroit Tigers
2053,AL,KCA,KCR,Kansas City Royals
2054,AL,MIN,MIN,Minnesota Twins
2055,AL,ML4,MIL,Milwaukee Brewers
2056,AL,NYA,NYY,New York Yankees
2057,AL,OAK,OAK,Oakland Athletics
2058,AL,SEA,SEA,Seattle Mariners
2059,AL,TEX,TEX,Texas Rangers
2060,AL,TOR,TOR,Toronto Blue Jays
2061,NL,ATL,ATL,Atlanta Braves
2062,NL,CHN,CHC,Chicago Cubs
2063,NL,CIN,CIN,Cincinnati Reds
2064,NL,HOU,HOU,Houston Astros
2065,NL,LAN,LAD,Los Angeles Dodgers
2066,NL,MON,WSN,Montreal Expos
2067,NL,NYN,NYM,New York Mets
2068,NL,PHI,PHI,Philadelphia Phillies
2069,NL,PIT,PIT,Pittsburgh Pirates
2070,NL,SDN,SDP,San Diego Padres
2071,NL,SFN,SFG,San Francisco Giants
2072,NL,SLN,STL,St. Louis Cardinals
2073,AL,BAL,BAL,Baltimore Orioles
2074,AL,BOS,BOS,Boston Red Sox
2075,AL,CAL,ANA,California Angels
2076,AL,CHA,CHW,Chicago White Sox
2077,AL,CLE,CLE,Cleveland Indians
2078,AL,DET,DET,Detroit Tigers
2079,AL,KCA,KCR,Kansas City Royals
2080,AL,MIN,MIN,Minnesota Twins
2081,AL,ML4,MIL,Milwaukee Brewers
2082,AL,NYA,NYY,New York Yankees
2083,AL,OAK,OAK,Oakland Athletics
2084,AL,SEA,SEA,Seattle Mariners
2085,AL,TEX,TEX,Texas Rangers
2086,AL,TOR,TOR,Toronto Blue Jays
2087,NL,ATL,ATL,Atlanta Braves
2088,NL,CHN,CHC,Chicago Cubs
2089,NL,CIN,CIN,Cincinnati Reds
2090,NL,HOU,HOU,Houston Astros
2091,NL,LAN,LAD,Los Angeles Dodgers
2092,NL,MON,WSN,Montreal Expos
2093,NL,NYN,NYM,New York Mets
2094,NL,PHI,PHI,Philadelphia Phillies
2095,NL,PIT,PIT,Pittsburgh Pirates
2096,NL,SDN,SDP,San Diego Padres
2097,NL,SFN,SFG,San Francisco Giants
2098,NL,SLN,STL,St. Louis Cardinals
2099,AL,BAL,BAL,Baltimore Orioles
2100,AL,BOS,BOS,Boston Red Sox
2101,AL,CAL,ANA,California Angels
2102,AL,CHA,CHW,Chicago White Sox
2103,AL,CLE,CLE,Cleveland Indians
2104,AL,DET,DET,Detroit Tigers
2105,AL,KCA,KCR,Kansas City Royals
2106,AL,MIN,MIN,Minnesota Twins
2107,AL,ML4,MIL,Milwaukee Brewers
2108,AL,NYA,NYY,New York Yankees
2109,AL,OAK,OAK,Oakland Athletics
2110,AL,SEA,SEA,Seattle Mariners
2111,AL,TEX,TEX,Texas Rangers
2112,AL,TOR,TOR,Toronto Blue Jays
2113,NL,ATL,ATL,Atlanta Braves
2114,NL,CHN,CHC,Chicago Cubs
2115,NL,CIN,CIN,Cincinnati Reds
2116,NL,HOU,HOU,Houston Astros
2117,NL,LAN,LAD,Los Angeles Dodgers
2118,NL,MON,WSN,Montreal Expos
2119,NL,NYN,NYM,New York Mets
2120,NL,PHI,PHI,Philadelphia Phillies
2121,NL,PIT,PIT,Pittsburgh Pirates
2122,NL,SDN,SDP,San Diego Padres
2123,NL,SFN,SFG,San Francisco Giants
2124,NL,SLN,STL,St. Louis Cardinals
2125,AL,BAL,BAL,Baltimore Orioles
2126,AL,BOS,BOS,Boston Red Sox
2127,AL,CAL,ANA,California Angels
2128,AL,CHA,CHW,Chicago White Sox
2129,AL,CLE,CLE,Cleveland Indians
2130,AL,DET,DET,Detroit Tigers
2131,AL,KCA,KCR,Kansas City Royals
2132,AL,MIN,MIN,Minnesota Twins
2133,AL,ML4,MIL,Milwaukee Brewers
2134,AL,NYA,NYY,New York Yankees
2135,AL,OAK,OAK,Oakland Athletics
2136,AL,SEA,SEA,Seattle Mariners
2137,AL,TEX,TEX,Texas Rangers
2138,AL,TOR,TOR,Toronto Blue Jays
2139,NL,ATL,ATL,Atlanta Braves
2140,NL,CHN,CHC,Chicago Cubs
2141,NL,CIN,CIN,Cincinnati Reds
2142,NL,COL,COL,Colorado Rockies
2143,NL,FLO,FLA,Florida Marlins
2144,NL,HOU,HOU,Houston Astros
2145,NL,LAN,LAD,Los Angeles Dodgers
2146,NL,MON,WSN,Montreal Expos
2147,NL,NYN,NYM,New York Mets
2148,NL,PHI,PHI,Philadelphia Phillies
2149,NL,PIT,PIT,Pittsburgh Pirates
2150,NL,SDN,SDP,San Diego Padres
2151,NL,SFN,SFG,San Francisco Giants
2152,NL,SLN,STL,St. Louis Cardinals
2153,AL,BAL,BAL,Baltimore Orioles
2154,AL,BOS,BOS,Boston Red Sox
2155,AL,CAL,ANA,California Angels
2156,AL,CHA,CHW,Chicago White Sox
2157,AL,CLE,CLE,Cleveland Indians
2158,AL,DET,DET,Detroit Tigers
2159,AL,KCA,KCR,Kansas City Royals
2160,AL,MIN,MIN,Minnesota Twins
2161,AL,ML4,MIL,Milwaukee Brewers
2162,AL,NYA,NYY,New York Yankees
2163,AL,OAK,OAK,Oakland Athletics
2164,AL,SEA,SEA,Seattle Mariners
2165,AL,TEX,TEX,Texas Rangers
2166,AL,TOR,TOR,Toronto Blue Jays
2167,NL,ATL,ATL,Atlanta Braves
2168,NL,CHN,CHC,Chicago Cubs
2169,NL,CIN,CIN,Cincinnati Reds
2170,NL,COL,COL,Colorado Rockies
2171,NL,FLO,FLA,Florida Marlins
2172,NL,HOU,HOU,Houston Astros
2173,NL,LAN,LAD,Los Angeles Dodgers
2174,NL,MON,WSN,Montreal Expos
2175,NL,NYN,NYM,New York Mets
2176,NL,PHI,PHI,Philadelphia Phillies
2177,NL,PIT,PIT,Pittsburgh Pirates
2178,NL,SDN,SDP,San Diego Padres
2179,NL,SFN,SFG,San Francisco Giants
2180,NL,SLN,STL,St. Louis Cardinals
2181,AL,BAL,BAL,Baltimore Orioles
2182,AL,BOS,BOS,Boston Red Sox
2183,AL,CAL,ANA,California Angels
2184,AL,CHA,CHW,Chicago White Sox
2185,AL,CLE,CLE,Cleveland Indians
2186,AL,DET,DET,Detroit Tigers
2187,AL,KCA,KCR,Kansas City Royals
2188,AL,MIN,MIN,Minnesota Twins
2189,AL,ML4,MIL,Milwaukee Brewers
2190,AL,NYA,NYY,New York Yankees
2191,AL,OAK,OAK,Oakland Athletics
2192,AL,SEA,SEA,Seattle Mariners
2193,AL,TEX,TEX,Texas Rangers
2194,AL,TOR,TOR,Toronto Blue Jays
2195,NL,ATL,ATL,Atlanta Braves
2196,NL,CHN,CHC,Chicago Cubs
2197,NL,CIN,CIN,Cincinnati Reds
2198,NL,COL,COL,Colorado Rockies
2199,NL,FLO,FLA,Florida Marlins
2200,NL,HOU,HOU,Houston Astros
2201,NL,LAN,LAD,Los Angeles Dodgers
2202,NL,MON,WSN,Montreal Expos
2203,NL,NYN,NYM,New York Mets
2204,NL,PHI,PHI,Philadelphia Phillies
2205,NL,PIT,PIT,Pittsburgh Pirates
2206,NL,SDN,SDP,San Diego Padres
2207,NL,SFN,SFG,San Francisco Giants
2208,NL,SLN,STL,St. Louis Cardinals
2209,AL,BAL,BAL,Baltimore Orioles
2210,AL,BOS,BOS,Boston Red Sox
2211,AL,CAL,ANA,California Angels
2212,AL,CHA,CHW,Chicago White Sox
2213,AL,CLE,CLE,Cleveland Indians
2214,AL,DET,DET,Detroit Tigers
2215,AL,KCA,KCR,Kansas City Royals
2216,AL,MIN,MIN,Minnesota Twins
2217,AL,ML4,MIL,Milwaukee Brewers
2218,AL,NYA,NYY,New York Yankees
2219,AL,OAK,OAK,Oakland Athletics
2220,AL,SEA,SEA,Seattle Mariners
2221,AL,TEX,TEX,Texas Rangers
2222,AL,TOR,TOR,Toronto Blue Jays
2223,NL,ATL,ATL,Atlanta Braves
2224,NL,CHN,CHC,Chicago Cubs
2225,NL,CIN,CIN,Cincinnati Reds
2226,NL,COL,COL,Colorado Rockies
2227,NL,FLO,FLA,Florida Marlins
2228,NL,HOU,HOU,Houston Astros
2229,NL,LAN,LAD,Los Angeles Dodgers
2230,NL,MON,WSN,Montreal Expos
2231,NL,NYN,NYM,New York Mets
2232,NL,PHI,PHI,Philadelphia Phillies
2233,NL,PIT,PIT,Pittsburgh Pirates
2234,NL,SDN,SDP,San Diego Padres
2235,NL,SFN,SFG,San Francisco Giants
2236,NL,SLN,STL,St. Louis Cardinals
2237,AL,ANA,ANA,Anaheim Angels
2238,AL,BAL,BAL,Baltimore Orioles
2239,AL,BOS,BOS,Boston Red Sox
2240,AL,CHA,CHW,Chicago White Sox
2241,AL,CLE,CLE,Cleveland Indians
2242,AL,DET,DET,Detroit Tigers
2243,AL,KCA,KCR,Kansas City Royals
2244,AL,MIN,MIN,Minnesota Twins
2245,AL,ML4,MIL,Milwaukee Brewers
2246,AL,NYA,NYY,New York Yankees
2247,AL,OAK,OAK,Oakland Athletics
2248,AL,SEA,SEA,Seattle Mariners
2249,AL,TEX,TEX,Texas Rangers
2250,AL,TOR,TOR,Toronto Blue Jays
2251,NL,ATL,ATL,Atlanta Braves
2252,NL,CHN,CHC,Chicago Cubs
2253,NL,CIN,CIN,Cincinnati Reds
2254,NL,COL,COL,Colorado Rockies
2255,NL,FLO,FLA,Florida Marlins
2256,NL,HOU,HOU,Houston Astros
2257,NL,LAN,LAD,Los Angeles Dodgers
2258,NL,MON,WSN,Montreal Expos
2259,NL,NYN,NYM,New York Mets
2260,NL,PHI,PHI,Philadelphia Phillies
2261,NL,PIT,PIT,Pittsburgh Pirates
2262,NL,SDN,SDP,San Diego Padres
2263,NL,SFN,SFG,San Francisco Giants
2264,NL,SLN,STL,St. Louis Cardinals
2265,AL,ANA,ANA,Anaheim Angels
2266,AL,BAL,BAL,Baltimore Orioles
2267,AL,BOS,BOS,Boston Red Sox
2268,AL,CHA,CHW,Chicago White Sox
2269,AL,CLE,CLE,Cleveland Indians
2270,AL,DET,DET,Detroit Tigers
2271,AL,KCA,KCR,Kansas City Royals
2272,AL,MIN,MIN,Minnesota Twins
2273,AL,NYA,NYY,New York Yankees
2274,AL,OAK,OAK,Oakland Athletics
2275,AL,SEA,SEA,Seattle Mariners
2276,AL,TBA,TBD,Tampa Bay Devil Rays
2277,AL,TEX,TEX,Texas Rangers
2278,AL,TOR,TOR,Toronto Blue Jays
2279,NL,ARI,ARI,Arizona Diamondbacks
2280,NL,ATL,ATL,Atlanta Braves
2281,NL,CHN,CHC,Chicago Cubs
2282,NL,CIN,CIN,Cincinnati Reds
2283,NL,COL,COL,Colorado Rockies
2284,NL,FLO,FLA,Florida Marlins
2285,NL,HOU,HOU,Houston Astros
2286,NL,LAN,LAD,Los Angeles Dodgers
2287,NL,MIL,MIL,Milwaukee Brewers
2288,NL,MON,WSN,Montreal Expos
2289,NL,NYN,NYM,New York Mets
2290,NL,PHI,PHI,Philadelphia Phillies
2291,NL,PIT,PIT,Pittsburgh Pirates
2292,NL,SDN,SDP,San Diego Padres
2293,NL,SFN,SFG,San Francisco Giants
2294,NL,SLN,STL,St. Louis Cardinals
2295,AL,ANA,ANA,Anaheim Angels
2296,AL,BAL,BAL,Baltimore Orioles
2297,AL,BOS,BOS,Boston Red Sox
2298,AL,CHA,CHW,Chicago White Sox
2299,AL,CLE,CLE,Cleveland Indians
2300,AL,DET,DET,Detroit Tigers
2301,AL,KCA,KCR,Kansas City Royals
2302,AL,MIN,MIN,Minnesota Twins
2303,AL,NYA,NYY,New York Yankees
2304,AL,OAK,OAK,Oakland Athletics
2305,AL,SEA,SEA,Seattle Mariners
2306,AL,TBA,TBD,Tampa Bay Devil Rays
2307,AL,TEX,TEX,Texas Rangers
2308,AL,TOR,TOR,Toronto Blue Jays
2309,NL,ARI,ARI,Arizona Diamondbacks
2310,NL,ATL,ATL,Atlanta Braves
2311,NL,CHN,CHC,Chicago Cubs
2312,NL,CIN,CIN,Cincinnati Reds
2313,NL,COL,COL,Colorado Rockies
2314,NL,FLO,FLA,Florida Marlins
2315,NL,HOU,HOU,Houston Astros
2316,NL,LAN,LAD,Los Angeles Dodgers
2317,NL,MIL,MIL,Milwaukee Brewers
2318,NL,MON,WSN,Montreal Expos
2319,NL,NYN,NYM,New York Mets
2320,NL,PHI,PHI,Philadelphia Phillies
2321,NL,PIT,PIT,Pittsburgh Pirates
2322,NL,SDN,SDP,San Diego Padres
2323,NL,SFN,SFG,San Francisco Giants
2324,NL,SLN,STL,St. Louis Cardinals
2325,AL,ANA,ANA,Anaheim Angels
2326,AL,BAL,BAL,Baltimore Orioles
2327,AL,BOS,BOS,Boston Red Sox
2328,AL,CHA,CHW,Chicago White Sox
2329,AL,CLE,CLE,Cleveland Indians
2330,AL,DET,DET,Detroit Tigers
2331,AL,KCA,KCR,Kansas City Royals
2332,AL,MIN,MIN,Minnesota Twins
2333,AL,NYA,NYY,New York Yankees
2334,AL,OAK,OAK,Oakland Athletics
2335,AL,SEA,SEA,Seattle Mariners
2336,AL,TBA,TBD,Tampa Bay Devil Rays
2337,AL,TEX,TEX,Texas Rangers
2338,AL,TOR,TOR,Toronto Blue Jays
2339,NL,ARI,ARI,Arizona Diamondbacks
2340,NL,ATL,ATL,Atlanta Braves
2341,NL,CHN,CHC,Chicago Cubs
2342,NL,CIN,CIN,Cincinnati Reds
2343,NL,COL,COL,Colorado Rockies
2344,NL,FLO,FLA,Florida Marlins
2345,NL,HOU,HOU,Houston Astros
2346,NL,LAN,LAD,Los Angeles Dodgers
2347,NL,MIL,MIL,Milwaukee Brewers
2348,NL,MON,WSN,Montreal Expos
2349,NL,NYN,NYM,New York Mets
2350,NL,PHI,PHI,Philadelphia Phillies
2351,NL,PIT,PIT,Pittsburgh Pirates
2352,NL,SDN,SDP,San Diego Padres
2353,NL,SFN,SFG,San Francisco Giants
2354,NL,SLN,STL,St. Louis Cardinals
2355,AL,ANA,ANA,Anaheim Angels
2356,AL,BAL,BAL,Baltimore Orioles
2357,AL,BOS,BOS,Boston Red Sox
2358,AL,CHA,CHW,Chicago White Sox
2359,AL,CLE,CLE,Cleveland Indians
2360,AL,DET,DET,Detroit Tigers
2361,AL,KCA,KCR,Kansas City Royals
2362,AL,MIN,MIN,Minnesota Twins
2363,AL,NYA,NYY,New York Yankees
2364,AL,OAK,OAK,Oakland Athletics
2365,AL,SEA,SEA,Seattle Mariners
2366,AL,TBA,TBD,Tampa Bay Devil Rays
2367,AL,TEX,TEX,Texas Rangers
2368,AL,TOR,TOR,Toronto Blue Jays
2369,NL,ARI,ARI,Arizona Diamondbacks
2370,NL,ATL,ATL,Atlanta Braves
2371,NL,CHN,CHC,Chicago Cubs
2372,NL,CIN,CIN,Cincinnati Reds
2373,NL,COL,COL,Colorado Rockies
2374,NL,FLO,FLA,Florida Marlins
2375,NL,HOU,HOU,Houston Astros
2376,NL,LAN,LAD,Los Angeles Dodgers
2377,NL,MIL,MIL,Milwaukee Brewers
2378,NL,MON,WSN,Montreal Expos
2379,NL,NYN,NYM,New York Mets
2380,NL,PHI,PHI,Philadelphia Phillies
2381,NL,PIT,PIT,Pittsburgh Pirates
2382,NL,SDN,SDP,San Diego Padres
2383,NL,SFN,SFG,San Francisco Giants
2384,NL,SLN,STL,St. Louis Cardinals
2385,AL,ANA,ANA,Anaheim Angels
2386,AL,BAL,BAL,Baltimore Orioles
2387,AL,BOS,BOS,Boston Red Sox
2388,AL,CHA,CHW,Chicago White Sox
2389,AL,CLE,CLE,Cleveland Indians
2390,AL,DET,DET,Detroit Tigers
2391,AL,KCA,KCR,Kansas City Royals
2392,AL,MIN,MIN,Minnesota Twins
2393,AL,NYA,NYY,New York Yankees
2394,AL,OAK,OAK,Oakland Athletics
2395,AL,SEA,SEA,Seattle Mariners
2396,AL,TBA,TBD,Tampa Bay Devil Rays
2397,AL,TEX,TEX,Texas Rangers
2398,AL,TOR,TOR,Toronto Blue Jays
2399,NL,ARI,ARI,Arizona Diamondbacks
2400,NL,ATL,ATL,Atlanta Braves
2401,NL,CHN,CHC,Chicago Cubs
2402,NL,CIN,CIN,Cincinnati Reds
2403,NL,COL,COL,Colorado Rockies
2404,NL,FLO,FLA,Florida Marlins
2405,NL,HOU,HOU,Houston Astros
2406,NL,LAN,LAD,Los Angeles Dodgers
2407,NL,MIL,MIL,Milwaukee Brewers
2408,NL,MON,WSN,Montreal Expos
2409,NL,NYN,NYM,New York Mets
2410,NL,PHI,PHI,Philadelphia Phillies
2411,NL,PIT,PIT,Pittsburgh Pirates
2412,NL,SDN,SDP,San Diego Padres
2413,NL,SFN,SFG,San Francisco Giants
2414,NL,SLN,STL,St. Louis Cardinals
2415,AL,ANA,ANA,Anaheim Angels
2416,AL,BAL,BAL,Baltimore Orioles
2417,AL,BOS,BOS,Boston Red Sox
2418,AL,CHA,CHW,Chicago White Sox
2419,AL,CLE,CLE,Cleveland Indians
2420,AL,DET,DET,Detroit Tigers
2421,AL,KCA,KCR,Kansas City Royals
2422,AL,MIN,MIN,Minnesota Twins
2423,AL,NYA,NYY,New York Yankees
2424,AL,OAK,OAK,Oakland Athletics
2425,AL,SEA,SEA,Seattle Mariners
2426,AL,TBA,TBD,Tampa Bay Devil Rays
2427,AL,TEX,TEX,Texas Rangers
2428,AL,TOR,TOR,Toronto Blue Jays
2429,NL,ARI,ARI,Arizona Diamondbacks
2430,NL,ATL,ATL,Atlanta Braves
2431,NL,CHN,CHC,Chicago Cubs
2432,NL,CIN,CIN,Cincinnati Reds
2433,NL,COL,COL,Colorado Rockies
2434,NL,FLO,FLA,Florida Marlins
2435,NL,HOU,HOU,Houston Astros
2436,NL,LAN,LAD,Los Angeles Dodgers
2437,NL,MIL,MIL,Milwaukee Brewers
2438,NL,MON,WSN,Montreal Expos
2439,NL,NYN,NYM,New York Mets
2440,NL,PHI,PHI,Philadelphia Phillies
2441,NL,PIT,PIT,Pittsburgh Pirates
2442,NL,SDN,SDP,San Diego Padres
2443,NL,SFN,SFG,San Francisco Giants
2444,NL,SLN,STL,St. Louis Cardinals
2445,AL,ANA,ANA,Anaheim Angels
2446,AL,BAL,BAL,Baltimore Orioles
2447,AL,BOS,BOS,Boston Red Sox
2448,AL,CHA,CHW,Chicago White Sox
2449,AL,CLE,CLE,Cleveland Indians
2450,AL,DET,DET,Detroit Tigers
2451,AL,KCA,KCR,Kansas City Royals
2452,AL,MIN,MIN,Minnesota Twins
2453,AL,NYA,NYY,New York Yankees
2454,AL,OAK,OAK,Oakland Athletics
2455,AL,SEA,SEA,Seattle Mariners
2456,AL,TBA,TBD,Tampa Bay Devil Rays
2457,AL,TEX,TEX,Texas Rangers
2458,AL,TOR,TOR,Toronto Blue Jays
2459,NL,ARI,ARI,Arizona Diamondbacks
2460,NL,ATL,ATL,Atlanta Braves
2461,NL,CHN,CHC,Chicago Cubs
2462,NL,CIN,CIN,Cincinnati Reds
2463,NL,COL,COL,Colorado Rockies
2464,NL,FLO,FLA,Florida Marlins
2465,NL,HOU,HOU,Houston Astros
2466,NL,LAN,LAD,Los Angeles Dodgers
2467,NL,MIL,MIL,Milwaukee Brewers
2468,NL,MON,WSN,Montreal Expos
2469,NL,NYN,NYM,New York Mets
2470,NL,PHI,PHI,Philadelphia Phillies
2471,NL,PIT,PIT,Pittsburgh Pirates
2472,NL,SDN,SDP,San Diego Padres
2473,NL,SFN,SFG,San Francisco Giants
2474,NL,SLN,STL,St. Louis Cardinals
2475,AL,BAL,BAL,Baltimore Orioles
2476,AL,BOS,BOS,Boston Red Sox
2477,AL,CHA,CHW,Chicago White Sox
2478,AL,CLE,CLE,Cleveland Indians
2479,AL,DET,DET,Detroit Tigers
2480,AL,KCA,KCR,Kansas City Royals
2481,AL,LAA,ANA,Los Angeles Angels of Anaheim
2482,AL,MIN,MIN,Minnesota Twins
2483,AL,NYA,NYY,New York Yankees
2484,AL,OAK,OAK,Oakland Athletics
2485,AL,SEA,SEA,Seattle Mariners
2486,AL,TBA,TBD,Tampa Bay Devil Rays
2487,AL,TEX,TEX,Texas Rangers
2488,AL,TOR,TOR,Toronto Blue Jays
2489,NL,ARI,ARI,Arizona Diamondbacks
2490,NL,ATL,ATL,Atlanta Braves
2491,NL,CHN,CHC,Chicago Cubs
2492,NL,CIN,CIN,Cincinnati Reds
2493,NL,COL,COL,Colorado Rockies
2494,NL,FLO,FLA,Florida Marlins
2495,NL,HOU,HOU,Houston Astros
2496,NL,LAN,LAD,Los Angeles Dodgers
2497,NL,MIL,MIL,Milwaukee Brewers
2498,NL,NYN,NYM,New York Mets
2499,NL,PHI,PHI,Philadelphia Phillies
2500,NL,PIT,PIT,Pittsburgh Pirates
2501,NL,SDN,SDP,San Diego Padres
2502,NL,SFN,SFG,San Francisco Giants
2503,NL,SLN,STL,St. Louis Cardinals
2504,NL,WAS,WSN,Washington Nationals
2505,AL,BAL,BAL,Baltimore Orioles
2506,AL,BOS,BOS,Boston Red Sox
2507,AL,CHA,CHW,Chicago White Sox
2508,AL,CLE,CLE,Cleveland Indians
2509,AL,DET,DET,Detroit Tigers
2510,AL,KCA,KCR,Kansas City Royals
2511,AL,LAA,ANA,Los Angeles Angels of Anaheim
2512,AL,MIN,MIN,Minnesota Twins
2513,AL,NYA,NYY,New York Yankees
2514,AL,OAK,OAK,Oakland Athletics
2515,AL,SEA,SEA,Seattle Mariners
2516,AL,TBA,TBD,Tampa Bay Devil Rays
2517,AL,TEX,TEX,Texas Rangers
2518,AL,TOR,TOR,Toronto Blue Jays
2519,NL,ARI,ARI,Arizona Diamondbacks
2520,NL,ATL,ATL,Atlanta Braves
2521,NL,CHN,CHC,Chicago Cubs
2522,NL,CIN,CIN,Cincinnati Reds
2523,NL,COL,COL,Colorado Rockies
2524,NL,FLO,FLA,Florida Marlins
2525,NL,HOU,HOU,Houston Astros
2526,NL,LAN,LAD,Los Angeles Dodgers
2527,NL,MIL,MIL,Milwaukee Brewers
2528,NL,NYN,NYM,New York Mets
2529,NL,PHI,PHI,Philadelphia Phillies
2530,NL,PIT,PIT,Pittsburgh Pirates
2531,NL,SDN,SDP,San Diego Padres
2532,NL,SFN,SFG,San Francisco Giants
2533,NL,SLN,STL,St. Louis Cardinals
2534,NL,WAS,WSN,Washington Nationals
2535,AL,BAL,BAL,Baltimore Orioles
2536,AL,BOS,BOS,Boston Red Sox
2537,AL,CHA,CHW,Chicago White Sox
2538,AL,CLE,CLE,Cleveland Indians
2539,AL,DET,DET,Detroit Tigers
2540,AL,KCA,KCR,Kansas City Royals
2541,AL,LAA,ANA,Los Angeles Angels of Anaheim
2542,AL,MIN,MIN,Minnesota Twins
2543,AL,NYA,NYY,New York Yankees
2544,AL,OAK,OAK,Oakland Athletics
2545,AL,SEA,SEA,Seattle Mariners
2546,AL,TBA,TBD,Tampa Bay Devil Rays
2547,AL,TEX,TEX,Texas Rangers
2548,AL,TOR,TOR,Toronto Blue Jays
2549,NL,ARI,ARI,Arizona Diamondbacks
2550,NL,ATL,ATL,Atlanta Braves
2551,NL,CHN,CHC,Chicago Cubs
2552,NL,CIN,CIN,Cincinnati Reds
2553,NL,COL,COL,Colorado Rockies
2554,NL,FLO,FLA,Florida Marlins
2555,NL,HOU,HOU,Houston Astros
2556,NL,LAN,LAD,Los Angeles Dodgers
2557,NL,MIL,MIL,Milwaukee Brewers
2558,NL,NYN,NYM,New York Mets
2559,NL,PHI,PHI,Philadelphia Phillies
2560,NL,PIT,PIT,Pittsburgh Pirates
2561,NL,SDN,SDP,San Diego Padres
2562,NL,SFN,SFG,San Francisco Giants
2563,NL,SLN,STL,St. Louis Cardinals
2564,NL,WAS,WSN,Washington Nationals
2565,AL,BAL,BAL,Baltimore Orioles
2566,AL,BOS,BOS,Boston Red Sox
2567,AL,CHA,CHW,Chicago White Sox
2568,AL,CLE,CLE,Cleveland Indians
2569,AL,DET,DET,Detroit Tigers
2570,AL,KCA,KCR,Kansas City Royals
2571,AL,LAA,ANA,Los Angeles Angels of Anaheim
2572,AL,MIN,MIN,Minnesota Twins
2573,AL,NYA,NYY,New York Yankees
2574,AL,OAK,OAK,Oakland Athletics
2575,AL,SEA,SEA,Seattle Mariners
2576,AL,TBA,TBD,Tampa Bay Rays
2577,AL,TEX,TEX,Texas Rangers
2578,AL,TOR,TOR,Toronto Blue Jays
2579,NL,ARI,ARI,Arizona Diamondbacks
2580,NL,ATL,ATL,Atlanta Braves
2581,NL,CHN,CHC,Chicago Cubs
2582,NL,CIN,CIN,Cincinnati Reds
2583,NL,COL,COL,Colorado Rockies
2584,NL,FLO,FLA,Florida Marlins
2585,NL,HOU,HOU,Houston Astros
2586,NL,LAN,LAD,Los Angeles Dodgers
2587,NL,MIL,MIL,Milwaukee Brewers
2588,NL,NYN,NYM,New York Mets
2589,NL,PHI,PHI,Philadelphia Phillies
2590,NL,PIT,PIT,Pittsburgh Pirates
2591,NL,SDN,SDP,San Diego Padres
2592,NL,SFN,SFG,San Francisco Giants
2593,NL,SLN,STL,St. Louis Cardinals
2594,NL,WAS,WSN,Washington Nationals
2595,AL,BAL,BAL,Baltimore Orioles
2596,AL,BOS,BOS,Boston Red Sox
2597,AL,CHA,CHW,Chicago White Sox
2598,AL,CLE,CLE,Cleveland Indians
2599,AL,DET,DET,Detroit Tigers
2600,AL,KCA,KCR,Kansas City Royals
2601,AL,LAA,ANA,Los Angeles Angels of Anaheim
2602,AL,MIN,MIN,Minnesota Twins
2603,AL,NYA,NYY,New York Yankees
2604,AL,OAK,OAK,Oakland Athletics
2605,AL,SEA,SEA,Seattle Mariners
2606,AL,TBA,TBD,Tampa Bay Rays
2607,AL,TEX,TEX,Texas Rangers
2608,AL,TOR,TOR,Toronto Blue Jays
2609,NL,ARI,ARI,Arizona Diamondbacks
2610,NL,ATL,ATL,Atlanta Braves
2611,NL,CHN,CHC,Chicago Cubs
2612,NL,CIN,CIN,Cincinnati Reds
2613,NL,COL,COL,Colorado Rockies
2614,NL,FLO,FLA,Florida Marlins
2615,NL,HOU,HOU,Houston Astros
2616,NL,LAN,LAD,Los Angeles Dodgers
2617,NL,MIL,MIL,Milwaukee Brewers
2618,NL,NYN,NYM,New York Mets
2619,NL,PHI,PHI,Philadelphia Phillies
2620,NL,PIT,PIT,Pittsburgh Pirates
2621,NL,SDN,SDP,San Diego Padres
2622,NL,SFN,SFG,San Francisco Giants
2623,NL,SLN,STL,St. Louis Cardinals
2624,NL,WAS,WSN,Washington Nationals
2625,AL,BAL,BAL,Baltimore Orioles
2626,AL,BOS,BOS,Boston Red Sox
2627,AL,CHA,CHW,Chicago White Sox
2628,AL,CLE,CLE,Cleveland Indians
2629,AL,DET,DET,Detroit Tigers
2630,AL,KCA,KCR,Kansas City Royals
2631,AL,LAA,ANA,Los Angeles Angels of Anaheim
2632,AL,MIN,MIN,Minnesota Twins
2633,AL,NYA,NYY,New York Yankees
2634,AL,OAK,OAK,Oakland Athletics
2635,AL,SEA,SEA,Seattle Mariners
2636,AL,TBA,TBD,Tampa Bay Rays
2637,AL,TEX,TEX,Texas Rangers
2638,AL,TOR,TOR,Toronto Blue Jays
2639,NL,ARI,ARI,Arizona Diamondbacks
2640,NL,ATL,ATL,Atlanta Braves
2641,NL,CHN,CHC,Chicago Cubs
2642,NL,CIN,CIN,Cincinnati Reds
2643,NL,COL,COL,Colorado Rockies
2644,NL,FLO,FLA,Florida Marlins
2645,NL,HOU,HOU,Houston Astros
2646,NL,LAN,LAD,Los Angeles Dodgers
2647,NL,MIL,MIL,Milwaukee Brewers
2648,NL,NYN,NYM,New York Mets
2649,NL,PHI,PHI,Philadelphia Phillies
2650,NL,PIT,PIT,Pittsburgh Pirates
2651,NL,SDN,SDP,San Diego Padres
2652,NL,SFN,SFG,San Francisco Giants
2653,NL,SLN,STL,St. Louis Cardinals
2654,NL,WAS,WSN,Washington Nationals
2655,AL,BAL,BAL,Baltimore Orioles
2656,AL,BOS,BOS,Boston Red Sox
2657,AL,CHA,CHW,Chicago White Sox
2658,AL,CLE,CLE,Cleveland Indians
2659,AL,DET,DET,Detroit Tigers
2660,AL,KCA,KCR,Kansas City Royals
2661,AL,LAA,ANA,Los Angeles Angels of Anaheim
2662,AL,MIN,MIN,Minnesota Twins
2663,AL,NYA,NYY,New York Yankees
2664,AL,OAK,OAK,Oakland Athletics
2665,AL,SEA,SEA,Seattle Mariners
2666,AL,TBA,TBD,Tampa Bay Rays
2667,AL,TEX,TEX,Texas Rangers
2668,AL,TOR,TOR,Toronto Blue Jays
2669,NL,ARI,ARI,Arizona Diamondbacks
2670,NL,ATL,ATL,Atlanta Braves
2671,NL,CHN,CHC,Chicago Cubs
2672,NL,CIN,CIN,Cincinnati Reds
2673,NL,COL,COL,Colorado Rockies
2674,NL,FLO,FLA,Florida Marlins
2675,NL,HOU,HOU,Houston Astros
2676,NL,LAN,LAD,Los Angeles Dodgers
2677,NL,MIL,MIL,Milwaukee Brewers
2678,NL,NYN,NYM,New York Mets
2679,NL,PHI,PHI,Philadelphia Phillies
2680,NL,PIT,PIT,Pittsburgh Pirates
2681,NL,SDN,SDP,San Diego Padres
2682,NL,SFN,SFG,San Francisco Giants
2683,NL,SLN,STL,St. Louis Cardinals
2684,NL,WAS,WSN,Washington Nationals
2685,AL,BAL,BAL,Baltimore Orioles
2686,AL,BOS,BOS,Boston Red Sox
2687,AL,CHA,CHW,Chicago White Sox
2688,AL,CLE,CLE,Cleveland Indians
2689,AL,DET,DET,Detroit Tigers
2690,AL,KCA,KCR,Kansas City Royals
2691,AL,LAA,ANA,Los Angeles Angels of Anaheim
2692,AL,MIN,MIN,Minnesota Twins
2693,AL,NYA,NYY,New York Yankees
2694,AL,OAK,OAK,Oakland Athletics
2695,AL,SEA,SEA,Seattle Mariners
2696,AL,TBA,TBD,Tampa Bay Rays
2697,AL,TEX,TEX,Texas Rangers
2698,AL,TOR,TOR,Toronto Blue Jays
2699,NL,ARI,ARI,Arizona Diamondbacks
2700,NL,ATL,ATL,Atlanta Braves
2701,NL,CHN,CHC,Chicago Cubs
2702,NL,CIN,CIN,Cincinnati Reds
2703,NL,COL,COL,Colorado Rockies
2704,NL,HOU,HOU,Houston Astros
2705,NL,LAN,LAD,Los Angeles Dodgers
2706,NL,MIA,FLA,Miami Marlins
2707,NL,MIL,MIL,Milwaukee Brewers
2708,NL,NYN,NYM,New York Mets
2709,NL,PHI,PHI,Philadelphia Phillies
2710,NL,PIT,PIT,Pittsburgh Pirates
2711,NL,SDN,SDP,San Diego Padres
2712,NL,SFN,SFG,San Francisco Giants
2713,NL,SLN,STL,St. Louis Cardinals
2714,NL,WAS,WSN,Washington Nationals
2715,AL,BAL,BAL,Baltimore Orioles
2716,AL,BOS,BOS,Boston Red Sox
2717,AL,CHA,CHW,Chicago White Sox
2718,AL,CLE,CLE,Cleveland Indians
2719,AL,DET,DET,Detroit Tigers
2720,AL,HOU,HOU,Houston Astros
2721,AL,KCA,KCR,Kansas City Royals
2722,AL,LAA,ANA,Los Angeles Angels of Anaheim
2723,AL,MIN,MIN,Minnesota Twins
2724,AL,NYA,NYY,New York Yankees
2725,AL,OAK,OAK,Oakland Athletics
2726,AL,SEA,SEA,Seattle Mariners
2727,AL,TBA,TBD,Tampa Bay Rays
2728,AL,TEX,TEX,Texas Rangers
2729,AL,TOR,TOR,Toronto Blue Jays
2730,NL,ARI,ARI,Arizona Diamondbacks
2731,NL,ATL,ATL,Atlanta Braves
2732,NL,CHN,CHC,Chicago Cubs
2733,NL,CIN,CIN,Cincinnati Reds
2734,NL,COL,COL,Colorado Rockies
2735,NL,LAN,LAD,Los Angeles Dodgers
2736,NL,MIA,FLA,Miami Marlins
2737,NL,MIL,MIL,Milwaukee Brewers
2738,NL,NYN,NYM,New York Mets
2739,NL,PHI,PHI,Philadelphia Phillies
2740,NL,PIT,PIT,Pittsburgh Pirates
2741,NL,SDN,SDP,San Diego Padres
2742,NL,SFN,SFG,San Francisco Giants
2743,NL,SLN,STL,St. Louis Cardinals
2744,NL,WAS,WSN,Washington Nationals
2745,AL,BAL,BAL,Baltimore Orioles
2746,AL,BOS,BOS,Boston Red Sox
2747,AL,CHA,CHW,Chicago White Sox
2748,AL,CLE,CLE,Cleveland Indians
2749,AL,DET,DET,Detroit Tigers
2750,AL,HOU,HOU,Houston Astros
2751,AL,KCA,KCR,Kansas City Royals
2752,AL,LAA,ANA,Los Angeles Angels of Anaheim
2753,AL,MIN,MIN,Minnesota Twins
2754,AL,NYA,NYY,New York Yankees
2755,AL,OAK,OAK,Oakland Athletics
2756,AL,SEA,SEA,Seattle Mariners
2757,AL,TBA,TBD,Tampa Bay Rays
2758,AL,TEX,TEX,Texas Rangers
2759,AL,TOR,TOR,Toronto Blue Jays
2760,NL,ARI,ARI,Arizona Diamondbacks
2761,NL,ATL,ATL,Atlanta Braves
2762,NL,CHN,CHC,Chicago Cubs
2763,NL,CIN,CIN,Cincinnati Reds
2764,NL,COL,COL,Colorado Rockies
2765,NL,LAN,LAD,Los Angeles Dodgers
2766,NL,MIA,FLA,Miami Marlins
2767,NL,MIL,MIL,Milwaukee Brewers
2768,NL,NYN,NYM,New York Mets
2769,NL,PHI,PHI,Philadelphia Phillies
2770,NL,PIT,PIT,Pittsburgh Pirates
2771,NL,SDN,SDP,San Diego Padres
2772,NL,SFN,SFG,San Francisco Giants
2773,NL,SLN,STL,St. Louis Cardinals
2774,NL,WAS,WSN,Washington Nationals
2775,AL,BAL,BAL,Baltimore Orioles
2776,AL,BOS,BOS,Boston Red Sox
2777,AL,CHA,CHW,Chicago White Sox
2778,AL,CLE,CLE,Cleveland Indians
2779,AL,DET,DET,Detroit Tigers
2780,AL,HOU,HOU,Houston Astros
2781,AL,KCA,KCR,Kansas City Royals
2782,AL,LAA,ANA,Los Angeles Angels of Anaheim
2783,AL,MIN,MIN,Minnesota Twins
2784,AL,NYA,NYY,New York Yankees
2785,AL,OAK,OAK,Oakland Athletics
2786,AL,SEA,SEA,Seattle Mariners
2787,AL,TBA,TBD,Tampa Bay Rays
2788,AL,TEX,TEX,Texas Rangers
2789,AL,TOR,TOR,Toronto Blue Jays
2790,NL,ARI,ARI,Arizona Diamondbacks
2791,NL,ATL,ATL,Atlanta Braves
2792,NL,CHN,CHC,Chicago Cubs
2793,NL,CIN,CIN,Cincinnati Reds
2794,NL,COL,COL,Colorado Rockies
2795,NL,LAN,LAD,Los Angeles Dodgers
2796,NL,MIA,FLA,Miami Marlins
2797,NL,MIL,MIL,Milwaukee Brewers
2798,NL,NYN,NYM,New York Mets
2799,NL,PHI,PHI,Philadelphia Phillies
2800,NL,PIT,PIT,Pittsburgh Pirates
2801,NL,SDN,SDP,San Diego Padres
2802,NL,SFN,SFG,San Francisco Giants
2803,NL,SLN,STL,St. Louis Cardinals
2804,NL,WAS,WSN,Washington Nationals
2805,AL,BAL,BAL,Baltimore Orioles
2806,AL,BOS,BOS,Boston Red Sox
2807,AL,CHA,CHW,Chicago White Sox
2808,AL,CLE,CLE,Cleveland Indians
2809,AL,DET,DET,Detroit Tigers
2810,AL,HOU,HOU,Houston Astros
2811,AL,KCA,KCR,Kansas City Royals
2812,AL,LAA,ANA,Los Angeles Angels of Anaheim
2813,AL,MIN,MIN,Minnesota Twins
2814,AL,NYA,NYY,New York Yankees
2815,AL,OAK,OAK,Oakland Athletics
2816,AL,SEA,SEA,Seattle Mariners
2817,AL,TBA,TBD,Tampa Bay Rays
2818,AL,TEX,TEX,Texas Rangers
2819,AL,TOR,TOR,Toronto Blue Jays
2820,NL,ARI,ARI,Arizona Diamondbacks
2821,NL,ATL,ATL,Atlanta Braves
2822,NL,CHN,CHC,Chicago Cubs
2823,NL,CIN,CIN,Cincinnati Reds
2824,NL,COL,COL,Colorado Rockies
2825,NL,LAN,LAD,Los Angeles Dodgers
2826,NL,MIA,FLA,Miami Marlins
2827,NL,MIL,MIL,Milwaukee Brewers
2828,NL,NYN,NYM,New York Mets
2829,NL,PHI,PHI,Philadelphia Phillies
2830,NL,PIT,PIT,Pittsburgh Pirates
2831,NL,SDN,SDP,San Diego Padres
2832,NL,SFN,SFG,San Francisco Giants
2833,NL,SLN,STL,St. Louis Cardinals
2834,NL,WAS,WSN,Washington Nationals
2835,AL,BAL,BAL,Baltimore Orioles
2836,AL,BOS,BOS,Boston Red Sox
2837,AL,CHA,CHW,Chicago White Sox
2838,AL,CLE,CLE,Cleveland Indians
2839,AL,DET,DET,Detroit Tigers
2840,AL,HOU,HOU,Houston Astros
2841,AL,KCA,KCR,Kansas City Royals
2842,AL,LAA,ANA,Los Angeles Angels of Anaheim
2843,AL,MIN,MIN,Minnesota Twins
2844,AL,NYA,NYY,New York Yankees
2845,AL,OAK,OAK,Oakland Athletics
2846,AL,SEA,SEA,Seattle Mariners
2847,AL,TBA,TBD,Tampa Bay Rays
2848,AL,TEX,TEX,Texas Rangers
2849,AL,TOR,TOR,Toronto Blue Jays
2850,NL,ARI,ARI,Arizona Diamondbacks
2851,NL,ATL,ATL,Atlanta Braves
2852,NL,CHN,CHC,Chicago Cubs
2853,NL,CIN,CIN,Cincinnati Reds
2854,NL,COL,COL,Colorado Rockies
2855,NL,LAN,LAD,Los Angeles Dodgers
2856,NL,MIA,FLA,Miami Marlins
2857,NL,MIL,MIL,Milwaukee Brewers
2858,NL,NYN,NYM,New York Mets
2859,NL,PHI,PHI,Philadelphia Phillies
2860,NL,PIT,PIT,Pittsburgh Pirates
2861,NL,SDN,SDP,San Diego Padres
2862,NL,SFN,SFG,San Francisco Giants
2863,NL,SLN,STL,St. Louis Cardinals
2864,NL,WAS,WSN,Washington Nationals
2865,AL,BAL,BAL,Baltimore Orioles
2866,AL,BOS,BOS,Boston Red Sox
2867,AL,CHA,CHW,Chicago White Sox
2868,AL,CLE,CLE,Cleveland Indians
2869,AL,DET,DET,Detroit Tigers
2870,AL,HOU,HOU,Houston Astros
2871,AL,KCA,KCR,Kansas City Royals
2872,AL,LAA,ANA,Los Angeles Angels of Anaheim
2873,AL,MIN,MIN,Minnesota Twins
2874,AL,NYA,NYY,New York Yankees
2875,AL,OAK,OAK,Oakland Athletics
2876,AL,SEA,SEA,Seattle Mariners
2877,AL,TBA,TBD,Tampa Bay Rays
2878,AL,TEX,TEX,Texas Rangers
2879,AL,TOR,TOR,Toronto Blue Jays
2880,NL,ARI,ARI,Arizona Diamondbacks
2881,NL,ATL,ATL,Atlanta Braves
2882,NL,CHN,CHC,Chicago Cubs
2883,NL,CIN,CIN,Cincinnati Reds
2884,NL,COL,COL,Colorado Rockies
2885,NL,LAN,LAD,Los Angeles Dodgers
2886,NL,MIA,FLA,Miami Marlins
2887,NL,MIL,MIL,Milwaukee Brewers
2888,NL,NYN,NYM,New York Mets
2889,NL,PHI,PHI,Philadelphia Phillies
2890,NL,PIT,PIT,Pittsburgh Pirates
2891,NL,SDN,SDP,San Diego Padres
2892,NL,SFN,SFG,San Francisco Giants
2893,NL,SLN,STL,St. Louis Cardinals
2894,NL,WAS,WSN,Washington Nationals
2895,AL,BAL,BAL,Baltimore Orioles
2896,AL,BOS,BOS,Boston Red Sox
2897,AL,CHA,CHW,Chicago White Sox
2898,AL,CLE,CLE,Cleveland Indians
2899,AL,DET,DET,Detroit Tigers
2900,AL,HOU,HOU,Houston Astros
2901,AL,KCA,KCR,Kansas City Royals
2902,AL,LAA,ANA,Los Angeles Angels of Anaheim
2903,AL,MIN,MIN,Minnesota Twins
2904,AL,NYA,NYY,New York Yankees
2905,AL,OAK,OAK,Oakland Athletics
2906,AL,SEA,SEA,Seattle Mariners
2907,AL,TBA,TBD,Tampa Bay Rays
2908,AL,TEX,TEX,Texas Rangers
2909,AL,TOR,TOR,Toronto Blue Jays
2910,NL,ARI,ARI,Arizona Diamondbacks
2911,NL,ATL,ATL,Atlanta Braves
2912,NL,CHN,CHC,Chicago Cubs
2913,NL,CIN,CIN,Cincinnati Reds
2914,NL,COL,COL,Colorado Rockies
2915,NL,LAN,LAD,Los Angeles Dodgers
2916,NL,MIA,FLA,Miami Marlins
2917,NL,MIL,MIL,Milwaukee Brewers
2918,NL,NYN,NYM,New York Mets
2919,NL,PHI,PHI,Philadelphia Phillies
2920,NL,PIT,PIT,Pittsburgh Pirates
2921,NL,SDN,SDP,San Diego Padres
2922,NL,SFN,SFG,San Francisco Giants
2923,NL,SLN,STL,St. Louis Cardinals
2924,NL,WAS,WSN,Washington Nationals
2925,AL,BAL,BAL,Baltimore Orioles
2926,AL,BOS,BOS,Boston Red Sox
2927,AL,CHA,CHW,Chicago White Sox
2928,AL,CLE,CLE,Cleveland Indians
2929,AL,DET,DET,Detroit Tigers
2930,AL,HOU,HOU,Houston Astros
2931,AL,KCA,KCR,Kansas City Royals
2932,AL,LAA,ANA,Los Angeles Angels of Anaheim
2933,AL,MIN,MIN,Minnesota Twins
2934,AL,NYA,NYY,New York Yankees
2935,AL,OAK,OAK,Oakland Athletics
2936,AL,SEA,SEA,Seattle Mariners
2937,AL,TBA,TBD,Tampa Bay Rays
2938,AL,TEX,TEX,Texas Rangers
2939,AL,TOR,TOR,Toronto Blue Jays
2940,NL,ARI,ARI,Arizona Diamondbacks
2941,NL,ATL,ATL,Atlanta Braves
2942,NL,CHN,CHC,Chicago Cubs
2943,NL,CIN,CIN,Cincinnati Reds
2944,NL,COL,COL,Colorado Rockies
2945,NL,LAN,LAD,Los Angeles Dodgers
2946,NL,MIA,FLA,Miami Marlins
2947,NL,MIL,MIL,Milwaukee Brewers
2948,NL,NYN,NYM,New York Mets
2949,NL,PHI,PHI,Philadelphia Phillies
2950,NL,PIT,PIT,Pittsburgh Pirates
2951,NL,SDN,SDP,San Diego Padres
2952,NL,SFN,SFG,San Francisco Giants
2953,NL,SLN,STL,St. Louis Cardinals
2954,NL,WAS,WSN,Washington Nationals
2955,AL,BAL,BAL,Baltimore Orioles
2956,AL,BOS,BOS,Boston Red Sox
2957,AL,CHA,CHW,Chicago White Sox
2958,AL,CLE,CLE,Cleveland Indians
2959,AL,DET,DET,Detroit Tigers
2960,AL,HOU,HOU,Houston Astros
2961,AL,KCA,KCR,Kansas City Royals
2962,AL,LAA,ANA,Los Angeles Angels of Anaheim
2963,AL,MIN,MIN,Minnesota Twins
2964,AL,NYA,NYY,New York Yankees
2965,AL,OAK,OAK,Oakland Athletics
2966,AL,SEA,SEA,Seattle Mariners
2967,AL,TBA,TBD,Tampa Bay Rays
2968,AL,TEX,TEX,Texas Rangers
2969,AL,TOR,TOR,Toronto Blue Jays
2970,NL,ARI,ARI,Arizona Diamondbacks
2971,NL,ATL,ATL,Atlanta Braves
2972,NL,CHN,CHC,Chicago Cubs
2973,NL,CIN,CIN,Cincinnati Reds
2974,NL,COL,COL,Colorado Rockies
2975,NL,LAN,LAD,Los Angeles Dodgers
2976,NL,MIA,FLA,Miami Marlins
2977,NL,MIL,MIL,Milwaukee Brewers
2978,NL,NYN,NYM,New York Mets
2979,NL,PHI,PHI,Philadelphia Phillies
2980,NL,PIT,PIT,Pittsburgh Pirates
2981,NL,SDN,SDP,San Diego Padres
2982,NL,SFN,SFG,San Francisco Giants
2983,NL,SLN,STL,St. Louis Cardinals
2984,NL,WAS,WSN,Washington Nationals
2985,AL,BAL,BAL,Baltimore Orioles
2986,AL,BOS,BOS,Boston Red Sox
2987,AL,CHA,CHW,Chicago White Sox
2988,AL,CLE,CLE,Cleveland Guardians
2989,AL,DET,DET,Detroit Tigers
2990,AL,HOU,HOU,Houston Astros
2991,AL,KCA,KCR,Kansas City Royals
2992,AL,LAA,ANA,Los Angeles Angels of Anaheim
2993,AL,MIN,MIN,Minnesota Twins
2994,AL,NYA,NYY,New York Yankees
2995,AL,OAK,OAK,Oakland Athletics
2996,AL,SEA,SEA,Seattle Mariners
2997,AL,TBA,TBD,Tampa Bay Rays
2998,AL,TEX,TEX,Texas Rangers
2999,AL,TOR,TOR,Toronto Blue Jays
3000,NL,ARI,ARI,Arizona Diamondbacks
3001,NL,ATL,ATL,Atlanta Braves
3002,NL,CHN,CHC,Chicago Cubs
3003,NL,CIN,CIN,Cincinnati Reds
3004,NL,COL,COL,Colorado Rockies
3005,NL,LAN,LAD,Los Angeles Dodgers
3006,NL,MIA,FLA,Miami Marlins
3007,NL,MIL,MIL,Milwaukee Brewers
3008,NL,NYN,NYM,New York Mets
3009,NL,PHI,PHI,Philadelphia Phillies
3010,NL,PIT,PIT,Pittsburgh Pirates
3011,NL,SDN,SDP,San Diego Padres
3012,NL,SFN,SFG,San Francisco Giants
3013,NL,SLN,STL,St. Louis Cardinals
3014,NL,WAS,WSN,Washington Nationals
3015,AL,BAL,BAL,Baltimore Orioles
3016,AL,BOS,BOS,Boston Red Sox
3017,AL,CHA,CHW,Chicago White Sox
3018,AL,CLE,CLE,Cleveland Guardians
3019,AL,DET,DET,Detroit Tigers
3020,AL,HOU,HOU,Houston Astros
3021,AL,KCA,KCR,Kansas City Royals
3022,AL,LAA,ANA,Los Angeles Angels of Anaheim
3023,AL,MIN,MIN,Minnesota Twins
3024,AL,NYA,NYY,New York Yankees
3025,AL,OAK,OAK,Oakland Athletics
3026,AL,SEA,SEA,Seattle Mariners
3027,AL,TBA,TBD,Tampa Bay Rays
3028,AL,TEX,TEX,Texas Rangers
3029,AL,TOR,TOR,Toronto Blue Jays
3030,NL,ARI,ARI,Arizona Diamondbacks
3031,NL,ATL,ATL,Atlanta Braves
3032,NL,CHN,CHC,Chicago Cubs
3033,NL,CIN,CIN,Cincinnati Reds
3034,NL,COL,COL,Colorado Rockies
3035,NL,LAN,LAD,Los Angeles Dodgers
3036,NL,MIA,FLA,Miami Marlins
3037,NL,MIL,MIL,Milwaukee Brewers
3038,NL,NYN,NYM,New York Mets
3039,NL,PHI,PHI,Philadelphia Phillies
3040,NL,PIT,PIT,Pittsburgh Pirates
3041,NL,SDN,SDP,San Diego Padres
3042,NL,SFN,SFG,San Francisco Giants
3043,NL,SLN,STL,St. Louis Cardinals
3044,NL,WAS,WSN,Washington Nationals
