,playerID,yearid,votedBy,ballots,needed,votes,inducted,category,needed_note
0,aaronha01,1982,BBWAA,415.0,312.0,406.0,Y,Player,
44,alexape01,1936,BBWAA,226.0,170.0,55.0,N,Player,
45,alexape01,1937,BBWAA,201.0,151.0,125.0,N,Player,
46,alexape01,1938,BBWAA,262.0,197.0,212.0,Y,Player,
73,alomaro01,2010,BBWAA,539.0,405.0,397.0,N,Player,
74,alomaro01,2011,BBWAA,581.0,436.0,523.0,Y,Player,
83,alstowa01,1979,Veterans,,,,N,Manager,At least 1 vote
84,alstowa01,1980,Veterans,,,,N,Manager,Finalist
85,alstowa01,1981,Veterans,,,,N,Manager,
86,alstowa01,1982,Veterans,,,,N,Manager,
87,alstowa01,1983,Veterans,,,,Y,Manager,
98,andersp01,2000,Veterans,,,,Y,Manager,
100,ansonca01,1936,Veterans,78.0,59.0,39.0,N,Player,
101,ansonca01,1939,Old Timers,,,,Y,Player,
102,aparilu01,1979,BBWAA,432.0,324.0,120.0,N,Player,
103,aparilu01,1980,BBWAA,385.0,289.0,124.0,N,Player,
104,aparilu01,1981,BBWAA,401.0,301.0,148.0,N,Player,
105,aparilu01,1982,BBWAA,415.0,312.0,174.0,N,Player,
106,aparilu01,1983,BBWAA,374.0,281.0,252.0,N,Player,
107,aparilu01,1984,BBWAA,403.0,303.0,341.0,Y,Player,
109,applilu01,1953,BBWAA,264.0,198.0,2.0,N,Player,
110,applilu01,1955,BBWAA,251.0,189.0,3.0,N,Player,
111,applilu01,1956,BBWAA,193.0,145.0,14.0,N,Player,
112,applilu01,1958,BBWAA,266.0,200.0,77.0,N,Player,
113,applilu01,1960,BBWAA,269.0,202.0,72.0,N,Player,
114,applilu01,1962,BBWAA,160.0,120.0,48.0,N,Player,
115,applilu01,1964,BBWAA,201.0,151.0,142.0,N,Player,
116,applilu01,1964,Run Off,201.0,,189.0,Y,Player,Player receiving most votes inducted
121,ashburi01,1968,BBWAA,283.0,213.0,6.0,N,Player,
122,ashburi01,1969,BBWAA,340.0,255.0,10.0,N,Player,
123,ashburi01,1970,BBWAA,300.0,225.0,11.0,N,Player,
124,ashburi01,1971,BBWAA,360.0,270.0,10.0,N,Player,
125,ashburi01,1972,BBWAA,396.0,297.0,11.0,N,Player,
126,ashburi01,1973,BBWAA,380.0,285.0,25.0,N,Player,
127,ashburi01,1974,BBWAA,365.0,274.0,56.0,N,Player,
128,ashburi01,1975,BBWAA,362.0,272.0,76.0,N,Player,
129,ashburi01,1976,BBWAA,388.0,291.0,85.0,N,Player,
130,ashburi01,1977,BBWAA,383.0,288.0,139.0,N,Player,
131,ashburi01,1978,BBWAA,379.0,285.0,158.0,N,Player,
132,ashburi01,1979,BBWAA,432.0,324.0,130.0,N,Player,
133,ashburi01,1980,BBWAA,385.0,289.0,134.0,N,Player,
134,ashburi01,1981,BBWAA,401.0,301.0,142.0,N,Player,
135,ashburi01,1982,BBWAA,415.0,312.0,126.0,N,Player,
136,ashburi01,1986,Veterans,,,,N,Player,
137,ashburi01,1987,Veterans,,,,N,Player,
138,ashburi01,1988,Veterans,18.0,14.0,,N,Player,
139,ashburi01,1989,Veterans,,,,N,Player,
140,ashburi01,1990,Veterans,14.0,11.0,,N,Player,Had 8 or 9 votes
141,ashburi01,1994,Veterans,,,,N,Player,Highest vote-getter behind Rizzuto
142,ashburi01,1995,Veterans,,,,Y,Player,
149,averiea01,1949,BBWAA,153.0,115.0,1.0,N,Player,
150,averiea01,1952,BBWAA,234.0,176.0,2.0,N,Player,
151,averiea01,1955,BBWAA,251.0,189.0,2.0,N,Player,
152,averiea01,1956,BBWAA,193.0,145.0,3.0,N,Player,
153,averiea01,1958,BBWAA,266.0,200.0,14.0,N,Player,
154,averiea01,1960,BBWAA,269.0,202.0,11.0,N,Player,
155,averiea01,1962,BBWAA,160.0,120.0,3.0,N,Player,
156,averiea01,1963,Veterans,,,,N,Player,Group B - Rule change removed from BBWAA ballot - two could be elected from Group B
157,averiea01,1975,Veterans,,,,Y,Player,
160,bagweje01,2011,BBWAA,581.0,436.0,242.0,N,Player,
161,bagweje01,2012,BBWAA,573.0,430.0,321.0,N,Player,
162,bagweje01,2013,BBWAA,569.0,427.0,339.0,N,Player,
163,bagweje01,2014,BBWAA,571.0,429.0,310.0,N,Player,
164,bagweje01,2015,BBWAA,549.0,412.0,306.0,N,Player,
165,bagweje01,2016,BBWAA,440.0,330.0,315.0,N,Player,
166,bagweje01,2017,BBWAA,442.0,332.0,381.0,Y,Player,
170,baineha01,2007,BBWAA,545.0,409.0,29.0,N,Player,
171,baineha01,2008,BBWAA,543.0,408.0,28.0,N,Player,
172,baineha01,2009,BBWAA,539.0,405.0,32.0,N,Player,
173,baineha01,2010,BBWAA,539.0,405.0,33.0,N,Player,
174,baineha01,2011,BBWAA,581.0,436.0,28.0,N,Player,
175,baineha01,2017,Veterans - Today's Game Era,16.0,12.0,,N,Player,<5 votes
176,baineha01,2019,Veterans - Today's Game Era,16.0,12.0,12.0,Y,Player,
178,bakerfr01,1936,BBWAA,226.0,170.0,1.0,N,Player,
179,bakerfr01,1937,BBWAA,201.0,151.0,13.0,N,Player,
180,bakerfr01,1938,BBWAA,262.0,197.0,32.0,N,Player,
181,bakerfr01,1939,BBWAA,274.0,206.0,30.0,N,Player,
182,bakerfr01,1942,BBWAA,233.0,175.0,39.0,N,Player,
183,bakerfr01,1945,BBWAA,247.0,186.0,26.0,N,Player,
184,bakerfr01,1946,Final Ballot,263.0,198.0,36.0,N,Player,
185,bakerfr01,1946,Nominating Vote,202.0,,39.0,N,Player,Players in top 20 proceed to final ballot
186,bakerfr01,1947,BBWAA,161.0,121.0,49.0,N,Player,
187,bakerfr01,1948,BBWAA,121.0,91.0,4.0,N,Player,
188,bakerfr01,1950,BBWAA,168.0,126.0,4.0,N,Player,
189,bakerfr01,1951,BBWAA,226.0,170.0,8.0,N,Player,
190,bakerfr01,1953,Veterans,,,,N,Player,
191,bakerfr01,1955,Veterans,,,,Y,Player,
195,bancrda01,1937,BBWAA,201.0,151.0,3.0,N,Player,
196,bancrda01,1938,BBWAA,262.0,197.0,2.0,N,Player,
197,bancrda01,1939,BBWAA,274.0,206.0,1.0,N,Player,
198,bancrda01,1946,Nominating Vote,202.0,,1.0,N,Player,Players in top 20 proceed to final ballot
199,bancrda01,1948,BBWAA,121.0,91.0,4.0,N,Player,
200,bancrda01,1949,BBWAA,153.0,115.0,5.0,N,Player,
201,bancrda01,1950,BBWAA,168.0,126.0,9.0,N,Player,
202,bancrda01,1951,BBWAA,226.0,170.0,9.0,N,Player,
203,bancrda01,1952,BBWAA,234.0,176.0,11.0,N,Player,
204,bancrda01,1953,BBWAA,264.0,198.0,10.0,N,Player,
205,bancrda01,1954,BBWAA,252.0,189.0,10.0,N,Player,
206,bancrda01,1955,BBWAA,251.0,189.0,19.0,N,Player,
207,bancrda01,1956,BBWAA,193.0,145.0,15.0,N,Player,
208,bancrda01,1958,BBWAA,266.0,200.0,43.0,N,Player,
209,bancrda01,1960,BBWAA,269.0,202.0,30.0,N,Player,
210,bancrda01,1962,Veterans,,,,N,Player,Preliminary poll
211,bancrda01,1963,Veterans,,,,N,Player,Group A - Holdover from 1962 ballot - two could be elected from Group A
212,bancrda01,1964,Veterans,,,,N,Player,
213,bancrda01,1971,Veterans,,,,Y,Player,
218,bankser01,1977,BBWAA,383.0,288.0,321.0,Y,Player,
220,barlial99,1981,Veterans,,,,N,Umpire,
221,barlial99,1982,Veterans,,,,N,Umpire,
222,barlial99,1983,Veterans,,,,N,Umpire,
223,barlial99,1984,Veterans,,,,N,Umpire,Came closest among umpires
224,barlial99,1985,Veterans,,,,N,Umpire,
225,barlial99,1986,Veterans,,,,N,Umpire,
226,barlial99,1987,Veterans,,,,N,Umpire,
227,barlial99,1988,Veterans,,,,N,Umpire,
228,barlial99,1989,Veterans,17.0,13.0,13.0,Y,Umpire,Inducted with 13 of 17 votes
231,barroed99,1953,Veterans,,,,Y,Executive,
269,becklja01,1936,Veterans,78.0,59.0,1.0,N,Player,
270,becklja01,1942,BBWAA,233.0,175.0,1.0,N,Player,
271,becklja01,1953,Veterans,,,,N,Player,
272,becklja01,1955,Veterans,,,,N,Player,
273,becklja01,1957,Veterans,,,,N,Player,
274,becklja01,1959,Veterans,,,,N,Player,
275,becklja01,1961,Veterans,,,,N,Player,Preliminary poll
276,becklja01,1962,Veterans,,,,N,Player,Preliminary poll
277,becklja01,1963,Veterans,,,,N,Player,Group A - Holdover from 1962 ballot - two could be elected from Group A
278,becklja01,1964,Veterans,,,,N,Player,
279,becklja01,1971,Veterans,,,,Y,Player,
288,bellco99,1974,Negro League,,,,Y,Player,
298,beltrad01,2024,BBWAA,385.0,289.0,366.0,Y,Player,
301,benchjo01,1989,BBWAA,447.0,336.0,431.0,Y,Player,
302,bendech01,1936,BBWAA,226.0,170.0,2.0,N,Player,
303,bendech01,1937,BBWAA,201.0,151.0,17.0,N,Player,
304,bendech01,1938,BBWAA,262.0,197.0,33.0,N,Player,
305,bendech01,1939,BBWAA,274.0,206.0,40.0,N,Player,
306,bendech01,1942,BBWAA,233.0,175.0,55.0,N,Player,
307,bendech01,1945,BBWAA,247.0,186.0,40.0,N,Player,
308,bendech01,1946,Final Ballot,263.0,198.0,35.0,N,Player,
309,bendech01,1946,Nominating Vote,202.0,,39.0,N,Player,Players in top 20 proceed to final ballot
310,bendech01,1947,BBWAA,161.0,121.0,72.0,N,Player,
311,bendech01,1948,BBWAA,121.0,91.0,5.0,N,Player,
312,bendech01,1949,BBWAA,153.0,115.0,2.0,N,Player,
313,bendech01,1950,BBWAA,168.0,126.0,6.0,N,Player,
314,bendech01,1951,BBWAA,226.0,170.0,35.0,N,Player,
315,bendech01,1952,BBWAA,234.0,176.0,70.0,N,Player,
316,bendech01,1953,BBWAA,264.0,198.0,104.0,N,Player,
317,bendech01,1953,Veterans,,,,Y,Player,
332,berrayo01,1971,BBWAA,360.0,270.0,242.0,N,Player,
333,berrayo01,1972,BBWAA,396.0,297.0,339.0,Y,Player,
340,biggicr01,2013,BBWAA,569.0,427.0,388.0,N,Player,
341,biggicr01,2014,BBWAA,571.0,429.0,427.0,N,Player,
342,biggicr01,2015,BBWAA,549.0,412.0,454.0,Y,Player,
368,blylebe01,1998,BBWAA,473.0,355.0,83.0,N,Player,
369,blylebe01,1999,BBWAA,497.0,373.0,70.0,N,Player,
370,blylebe01,2000,BBWAA,499.0,375.0,87.0,N,Player,
371,blylebe01,2001,BBWAA,515.0,387.0,121.0,N,Player,
372,blylebe01,2002,BBWAA,472.0,354.0,124.0,N,Player,
373,blylebe01,2003,BBWAA,496.0,372.0,145.0,N,Player,
374,blylebe01,2004,BBWAA,506.0,380.0,179.0,N,Player,
375,blylebe01,2005,BBWAA,516.0,387.0,211.0,N,Player,
376,blylebe01,2006,BBWAA,520.0,390.0,277.0,N,Player,
377,blylebe01,2007,BBWAA,545.0,409.0,260.0,N,Player,
378,blylebe01,2008,BBWAA,543.0,408.0,336.0,N,Player,
379,blylebe01,2009,BBWAA,539.0,405.0,338.0,N,Player,
380,blylebe01,2010,BBWAA,539.0,405.0,400.0,N,Player,
381,blylebe01,2011,BBWAA,581.0,436.0,463.0,Y,Player,
386,boggswa01,2005,BBWAA,516.0,387.0,474.0,Y,Player,
423,bottoji01,1948,BBWAA,121.0,91.0,4.0,N,Player,
424,bottoji01,1949,BBWAA,153.0,115.0,8.0,N,Player,
425,bottoji01,1950,BBWAA,168.0,126.0,8.0,N,Player,
426,bottoji01,1951,BBWAA,226.0,170.0,6.0,N,Player,
427,bottoji01,1952,BBWAA,234.0,176.0,7.0,N,Player,
428,bottoji01,1953,BBWAA,264.0,198.0,10.0,N,Player,
429,bottoji01,1954,BBWAA,252.0,189.0,16.0,N,Player,
430,bottoji01,1955,BBWAA,251.0,189.0,26.0,N,Player,
431,bottoji01,1956,BBWAA,193.0,145.0,42.0,N,Player,
432,bottoji01,1958,BBWAA,266.0,200.0,57.0,N,Player,
433,bottoji01,1960,BBWAA,269.0,202.0,89.0,N,Player,
434,bottoji01,1962,BBWAA,160.0,120.0,20.0,N,Player,
435,bottoji01,1963,Veterans,,,,N,Player,Group B - Rule change removed from BBWAA ballot - two could be elected from Group B
436,bottoji01,1964,Veterans,,,,N,Player,
437,bottoji01,1968,Veterans,,,,N,Player,
438,bottoji01,1971,Veterans,,,,N,Player,
439,bottoji01,1973,Veterans,,,,N,Player,
440,bottoji01,1974,Veterans,,,,Y,Player,
441,boudrlo01,1956,BBWAA,193.0,145.0,2.0,N,Player,
442,boudrlo01,1958,BBWAA,266.0,200.0,64.0,N,Player,
443,boudrlo01,1960,BBWAA,269.0,202.0,35.0,N,Player,
444,boudrlo01,1962,BBWAA,160.0,120.0,12.0,N,Player,
445,boudrlo01,1964,BBWAA,201.0,151.0,68.0,N,Player,
446,boudrlo01,1964,Run Off,201.0,,43.0,N,Player,Player receiving most votes inducted
447,boudrlo01,1966,BBWAA,302.0,227.0,115.0,N,Player,
448,boudrlo01,1967,BBWAA,292.0,219.0,143.0,N,Player,
449,boudrlo01,1967,Run Off,306.0,,68.0,N,Player,Player receiving most votes inducted
450,boudrlo01,1968,BBWAA,283.0,213.0,146.0,N,Player,
451,boudrlo01,1969,BBWAA,340.0,255.0,218.0,N,Player,
452,boudrlo01,1970,BBWAA,300.0,225.0,232.0,Y,Player,
458,boyerke01,1975,BBWAA,362.0,272.0,9.0,N,Player,
459,boyerke01,1976,BBWAA,388.0,291.0,15.0,N,Player,
460,boyerke01,1977,BBWAA,383.0,288.0,14.0,N,Player,
461,boyerke01,1978,BBWAA,379.0,285.0,18.0,N,Player,
462,boyerke01,1979,BBWAA,432.0,324.0,20.0,N,Player,
463,boyerke01,1985,BBWAA,395.0,297.0,68.0,N,Player,
464,boyerke01,1986,BBWAA,425.0,319.0,95.0,N,Player,
465,boyerke01,1987,BBWAA,413.0,310.0,96.0,N,Player,
466,boyerke01,1988,BBWAA,427.0,321.0,109.0,N,Player,
467,boyerke01,1989,BBWAA,447.0,336.0,62.0,N,Player,
468,boyerke01,1990,BBWAA,444.0,333.0,78.0,N,Player,
469,boyerke01,1991,BBWAA,443.0,333.0,58.0,N,Player,
470,boyerke01,1992,BBWAA,430.0,323.0,71.0,N,Player,
471,boyerke01,1993,BBWAA,423.0,318.0,69.0,N,Player,
472,boyerke01,1994,BBWAA,456.0,342.0,54.0,N,Player,
473,boyerke01,1998,Veterans,,,,N,Player,
474,boyerke01,2003,Veterans - Players,81.0,61.0,11.0,N,Player,
475,boyerke01,2005,Veterans - Players,80.0,60.0,15.0,N,Player,
476,boyerke01,2007,Veterans - Players,84.0,62.0,9.0,N,Player,
477,boyerke01,2009,Veterans - 1943 and Later,,,,Y,Player,Preliminary poll
478,boyerke01,2012,Veterans - Golden Era,16.0,12.0,,N,Player,<3 votes
479,boyerke01,2015,Veterans - Golden Era,16.0,12.0,,N,Player,<3 votes
480,boyerke01,2022,Veterans - Golden Age Era,16.0,12.0,,N,Player,<4 votes
509,bresnro01,1936,BBWAA,226.0,170.0,47.0,N,Player,
510,bresnro01,1937,BBWAA,201.0,151.0,43.0,N,Player,
511,bresnro01,1938,BBWAA,262.0,197.0,67.0,N,Player,
512,bresnro01,1939,BBWAA,274.0,206.0,67.0,N,Player,
513,bresnro01,1942,BBWAA,233.0,175.0,57.0,N,Player,
514,bresnro01,1945,BBWAA,247.0,186.0,133.0,N,Player,
515,bresnro01,1945,Old Timers,,,,Y,Player,
516,brettge01,1999,BBWAA,497.0,373.0,488.0,Y,Player,
533,brocklo01,1985,BBWAA,395.0,297.0,315.0,Y,Player,
539,broutda01,1936,Veterans,78.0,59.0,2.0,N,Player,
540,broutda01,1945,Old Timers,,,,Y,Player,
545,brownmo01,1936,BBWAA,226.0,170.0,6.0,N,Player,
546,brownmo01,1937,BBWAA,201.0,151.0,31.0,N,Player,
547,brownmo01,1938,BBWAA,262.0,197.0,54.0,N,Player,
548,brownmo01,1939,BBWAA,274.0,206.0,54.0,N,Player,
549,brownmo01,1942,BBWAA,233.0,175.0,63.0,N,Player,
550,brownmo01,1945,BBWAA,247.0,186.0,46.0,N,Player,
551,brownmo01,1946,Final Ballot,263.0,198.0,48.0,N,Player,
552,brownmo01,1946,Nominating Vote,202.0,,56.0,N,Player,Players in top 20 proceed to final ballot
553,brownmo01,1949,Old Timers,,,,Y,Player,
559,brownra99,2006,Negro League,,,,Y,Player,
561,brownwi02,2006,Negro League,,,,Y,Player,
578,bulkemo99,1937,Centennial,,,,Y,Pioneer/Executive,
580,bunniji01,1977,BBWAA,383.0,288.0,146.0,N,Player,
581,bunniji01,1978,BBWAA,379.0,285.0,181.0,N,Player,
582,bunniji01,1979,BBWAA,432.0,324.0,147.0,N,Player,
583,bunniji01,1980,BBWAA,385.0,289.0,177.0,N,Player,
584,bunniji01,1981,BBWAA,401.0,301.0,164.0,N,Player,
585,bunniji01,1982,BBWAA,415.0,312.0,138.0,N,Player,
586,bunniji01,1983,BBWAA,374.0,281.0,138.0,N,Player,
587,bunniji01,1984,BBWAA,403.0,303.0,201.0,N,Player,
588,bunniji01,1985,BBWAA,395.0,297.0,214.0,N,Player,
589,bunniji01,1986,BBWAA,425.0,319.0,279.0,N,Player,
590,bunniji01,1987,BBWAA,413.0,310.0,289.0,N,Player,
591,bunniji01,1988,BBWAA,427.0,321.0,317.0,N,Player,
592,bunniji01,1989,BBWAA,447.0,336.0,283.0,N,Player,
593,bunniji01,1990,BBWAA,444.0,333.0,257.0,N,Player,
594,bunniji01,1991,BBWAA,443.0,333.0,282.0,N,Player,
595,bunniji01,1995,Veterans,,,,N,Player,
596,bunniji01,1996,Veterans,14.0,11.0,,Y,Player,
617,burkeje01,1936,Veterans,78.0,59.0,1.0,N,Player,
618,burkeje01,1937,BBWAA,201.0,151.0,1.0,N,Player,
619,burkeje01,1938,BBWAA,262.0,197.0,2.0,N,Player,
620,burkeje01,1942,BBWAA,233.0,175.0,4.0,N,Player,
621,burkeje01,1945,BBWAA,247.0,186.0,2.0,N,Player,
622,burkeje01,1946,Nominating Vote,202.0,,2.0,N,Player,Players in top 20 proceed to final ballot
623,burkeje01,1946,Old Timers,,,,Y,Player,
676,campabe01,1989,BBWAA,447.0,336.0,14.0,N,Player,
677,campabe01,2005,Veterans - Players,,,,N,Player,Preliminary ballot (200 players)
678,campabe01,2007,Veterans - Players,,,,N,Player,Preliminary ballot (200 players)
679,campabe01,2009,Veterans - 1943 and Later,,,,Y,Player,Preliminary poll
680,camparo01,1964,BBWAA,201.0,151.0,115.0,N,Player,
681,camparo01,1964,Run Off,201.0,,138.0,N,Player,Player receiving most votes inducted
682,camparo01,1966,BBWAA,302.0,227.0,197.0,N,Player,
683,camparo01,1967,BBWAA,292.0,219.0,204.0,N,Player,
684,camparo01,1967,Run Off,306.0,,170.0,N,Player,Player receiving most votes inducted
685,camparo01,1968,BBWAA,283.0,213.0,205.0,N,Player,
686,camparo01,1969,BBWAA,340.0,255.0,270.0,Y,Player,
696,carewro01,1991,BBWAA,443.0,333.0,401.0,Y,Player,
697,careyma01,1937,BBWAA,201.0,151.0,6.0,N,Player,
698,careyma01,1938,BBWAA,262.0,197.0,6.0,N,Player,
699,careyma01,1939,BBWAA,274.0,206.0,7.0,N,Player,
700,careyma01,1945,BBWAA,247.0,186.0,1.0,N,Player,
701,careyma01,1948,BBWAA,121.0,91.0,9.0,N,Player,
702,careyma01,1949,BBWAA,153.0,115.0,12.0,N,Player,
703,careyma01,1950,BBWAA,168.0,126.0,14.0,N,Player,
704,careyma01,1951,BBWAA,226.0,170.0,27.0,N,Player,
705,careyma01,1952,BBWAA,234.0,176.0,36.0,N,Player,
706,careyma01,1953,BBWAA,264.0,198.0,55.0,N,Player,
707,careyma01,1954,BBWAA,252.0,189.0,55.0,N,Player,
708,careyma01,1955,BBWAA,251.0,189.0,119.0,N,Player,
709,careyma01,1956,BBWAA,193.0,145.0,65.0,N,Player,
710,careyma01,1958,BBWAA,266.0,200.0,136.0,N,Player,
711,careyma01,1961,Veterans,,,,Y,Player,
712,carltst01,1994,BBWAA,456.0,342.0,436.0,Y,Player,
723,cartega01,1998,BBWAA,473.0,355.0,200.0,N,Player,
724,cartega01,1999,BBWAA,497.0,373.0,168.0,N,Player,
725,cartega01,2000,BBWAA,499.0,375.0,248.0,N,Player,
726,cartega01,2001,BBWAA,515.0,387.0,334.0,N,Player,
727,cartega01,2002,BBWAA,472.0,354.0,343.0,N,Player,
728,cartega01,2003,BBWAA,496.0,372.0,387.0,Y,Player,
731,cartwal99,1938,Centennial,,,,Y,Pioneer/Executive,
774,cepedor01,1980,BBWAA,385.0,289.0,48.0,N,Player,
775,cepedor01,1981,BBWAA,401.0,301.0,77.0,N,Player,
776,cepedor01,1982,BBWAA,415.0,312.0,42.0,N,Player,
777,cepedor01,1983,BBWAA,374.0,281.0,59.0,N,Player,
778,cepedor01,1984,BBWAA,403.0,303.0,124.0,N,Player,
779,cepedor01,1985,BBWAA,395.0,297.0,114.0,N,Player,
780,cepedor01,1986,BBWAA,425.0,319.0,152.0,N,Player,
781,cepedor01,1987,BBWAA,413.0,310.0,179.0,N,Player,
782,cepedor01,1988,BBWAA,427.0,321.0,199.0,N,Player,
783,cepedor01,1989,BBWAA,447.0,336.0,176.0,N,Player,
784,cepedor01,1990,BBWAA,444.0,333.0,211.0,N,Player,
785,cepedor01,1991,BBWAA,443.0,333.0,192.0,N,Player,
786,cepedor01,1992,BBWAA,430.0,323.0,246.0,N,Player,
787,cepedor01,1993,BBWAA,423.0,318.0,252.0,N,Player,
788,cepedor01,1994,BBWAA,456.0,342.0,335.0,N,Player,
789,cepedor01,1998,Veterans,,,,N,Player,
790,cepedor01,1999,Veterans,,,,Y,Player,
792,chadwhe99,1938,Centennial,,,,Y,Pioneer/Executive,
794,chancfr01,1936,BBWAA,226.0,170.0,5.0,N,Player,
795,chancfr01,1937,BBWAA,201.0,151.0,49.0,N,Player,
796,chancfr01,1938,BBWAA,262.0,197.0,133.0,N,Player,
797,chancfr01,1939,BBWAA,274.0,206.0,158.0,N,Player,
798,chancfr01,1942,BBWAA,233.0,175.0,136.0,N,Player,
799,chancfr01,1945,BBWAA,247.0,186.0,179.0,N,Player,
800,chancfr01,1946,Final Ballot,263.0,198.0,150.0,N,Player,
801,chancfr01,1946,Nominating Vote,202.0,,144.0,N,Player,Players in top 20 proceed to final ballot
802,chancfr01,1946,Old Timers,,,,Y,Player,
803,chandha99,1980,Veterans,,,,N,Executive,
804,chandha99,1982,Veterans,,,,Y,Executive,
820,charlos99,1976,Negro League,,,,Y,Player,
824,chesbja01,1937,BBWAA,201.0,151.0,1.0,N,Player,
825,chesbja01,1938,BBWAA,262.0,197.0,2.0,N,Player,
826,chesbja01,1939,BBWAA,274.0,206.0,6.0,N,Player,
827,chesbja01,1946,Nominating Vote,202.0,,1.0,N,Player,Players in top 20 proceed to final ballot
828,chesbja01,1946,Old Timers,,,,Y,Player,
829,chylane99,1991,Veterans,17.0,13.0,,N,Umpire,Among the frontrunners in the other category
830,chylane99,1992,Veterans,,,,N,Umpire,
831,chylane99,1993,Veterans,,,,N,Umpire,Received strong support in the non-player category
832,chylane99,1995,Veterans,,,,N,Umpire,
833,chylane99,1997,Veterans,,,,N,Umpire,Lost second ballot runoff to Lasorda
834,chylane99,1998,Veterans,,,,N,Umpire,
835,chylane99,1999,Veterans,,,,Y,Umpire,
838,clarkfr01,1936,BBWAA,226.0,170.0,1.0,N,Player,
839,clarkfr01,1936,Veterans,78.0,59.0,9.0,N,Player,
840,clarkfr01,1937,BBWAA,201.0,151.0,22.0,N,Player,
841,clarkfr01,1938,BBWAA,262.0,197.0,63.0,N,Player,
842,clarkfr01,1939,BBWAA,274.0,206.0,59.0,N,Player,
843,clarkfr01,1942,BBWAA,233.0,175.0,58.0,N,Player,
844,clarkfr01,1945,BBWAA,247.0,186.0,53.0,N,Player,
845,clarkfr01,1945,Old Timers,,,,Y,Player,
848,clarkjo01,1936,Veterans,78.0,59.0,5.0,N,Player,
849,clarkjo01,1946,Nominating Vote,202.0,,1.0,N,Player,Players in top 20 proceed to final ballot
850,clarkjo01,1953,Veterans,,,,N,Player,
851,clarkjo01,1955,Veterans,,,,N,Player,
852,clarkjo01,1957,Veterans,,,,N,Player,
853,clarkjo01,1959,Veterans,,,,N,Player,
854,clarkjo01,1961,Veterans,,,,N,Player,Finalist
855,clarkjo01,1962,Veterans,,,,N,Player,Preliminary poll
856,clarkjo01,1963,Veterans,,,,Y,Player,Group A - Holdover from 1962 ballot - two could be elected from Group A
862,clemero01,1973,Special Election,,,,Y,Player,
875,cobbty01,1936,BBWAA,226.0,170.0,222.0,Y,Player,
876,cochrmi01,1936,BBWAA,226.0,170.0,80.0,N,Player,
877,cochrmi01,1939,BBWAA,274.0,206.0,28.0,N,Player,
878,cochrmi01,1942,BBWAA,233.0,175.0,88.0,N,Player,
879,cochrmi01,1945,BBWAA,247.0,186.0,125.0,N,Player,
880,cochrmi01,1946,Final Ballot,263.0,198.0,65.0,N,Player,
881,cochrmi01,1946,Nominating Vote,202.0,,80.0,N,Player,Players in top 20 proceed to final ballot
882,cochrmi01,1947,BBWAA,161.0,121.0,128.0,Y,Player,
883,colavro01,1974,BBWAA,365.0,274.0,2.0,N,Player,
884,colavro01,1975,BBWAA,362.0,272.0,1.0,N,Player,
885,colavro01,2003,Veterans - Players,81.0,61.0,7.0,N,Player,
886,colavro01,2005,Veterans - Players,80.0,60.0,4.0,N,Player,
887,colavro01,2007,Veterans - Players,84.0,62.0,5.0,N,Player,
888,colavro01,2009,Veterans - 1943 and Later,,,,Y,Player,Preliminary poll
891,collied01,1936,BBWAA,226.0,170.0,60.0,N,Player,
892,collied01,1937,BBWAA,201.0,151.0,115.0,N,Player,
893,collied01,1938,BBWAA,262.0,197.0,175.0,N,Player,
894,collied01,1939,BBWAA,274.0,206.0,213.0,Y,Player,
895,colliji01,1936,BBWAA,226.0,170.0,58.0,N,Player,
896,colliji01,1936,Veterans,78.0,59.0,8.0,N,Player,
897,colliji01,1937,BBWAA,201.0,151.0,66.0,N,Player,
898,colliji01,1938,BBWAA,262.0,197.0,79.0,N,Player,
899,colliji01,1939,BBWAA,274.0,206.0,72.0,N,Player,
900,colliji01,1942,BBWAA,233.0,175.0,68.0,N,Player,
901,colliji01,1945,BBWAA,247.0,186.0,121.0,N,Player,
902,colliji01,1945,Old Timers,,,,Y,Player,
905,combsea01,1937,BBWAA,201.0,151.0,4.0,N,Player,
906,combsea01,1938,BBWAA,262.0,197.0,7.0,N,Player,
907,combsea01,1939,BBWAA,274.0,206.0,3.0,N,Player,
908,combsea01,1945,BBWAA,247.0,186.0,1.0,N,Player,
909,combsea01,1948,BBWAA,121.0,91.0,6.0,N,Player,
910,combsea01,1949,BBWAA,153.0,115.0,6.0,N,Player,
911,combsea01,1950,BBWAA,168.0,126.0,3.0,N,Player,
912,combsea01,1952,BBWAA,234.0,176.0,1.0,N,Player,
913,combsea01,1953,BBWAA,264.0,198.0,3.0,N,Player,
914,combsea01,1955,BBWAA,251.0,189.0,1.0,N,Player,
915,combsea01,1956,BBWAA,193.0,145.0,14.0,N,Player,
916,combsea01,1958,BBWAA,266.0,200.0,34.0,N,Player,
917,combsea01,1960,BBWAA,269.0,202.0,43.0,N,Player,
918,combsea01,1962,BBWAA,160.0,120.0,6.0,N,Player,
919,combsea01,1963,Veterans,,,,N,Player,Group B - Rule change removed from BBWAA ballot - two could be elected from Group B
920,combsea01,1964,Veterans,,,,N,Player,
921,combsea01,1968,Veterans,,,,N,Player,
922,combsea01,1970,Veterans,,,,Y,Player,
923,comisch01,1936,Veterans,78.0,59.0,6.0,N,Player,
924,comisch01,1939,Old Timers,,,,Y,Pioneer/Executive,
944,conlajo01,1974,Veterans,,,,Y,Umpire,
945,connoro01,1953,Veterans,,,,N,Player,
946,connoro01,1955,Veterans,,,,N,Player,
947,connoro01,1957,Veterans,,,,N,Player,
948,connoro01,1959,Veterans,,,,N,Player,
949,connoro01,1961,Veterans,,,,N,Player,Finalist
950,connoro01,1962,Veterans,,,,N,Player,Preliminary poll
951,connoro01,1963,Veterans,,,,N,Player,Group A - Holdover from 1962 ballot - two could be elected from Group A
952,connoro01,1964,Veterans,,,,N,Player,
953,connoro01,1974,Veterans,,,,N,Player,
954,connoro01,1975,Veterans,,,,N,Player,
955,connoro01,1976,Veterans,,,,Y,Player,
956,connoto01,1953,Veterans,,,,Y,Umpire,
957,connoto99,1953,Veterans,,,,Y,Umpire,
972,coopean99,2006,Negro League,,,,Y,Player,
1024,covelst01,1938,BBWAA,262.0,197.0,1.0,N,Player,
1025,covelst01,1948,BBWAA,121.0,91.0,2.0,N,Player,
1026,covelst01,1949,BBWAA,153.0,115.0,3.0,N,Player,
1027,covelst01,1950,BBWAA,168.0,126.0,1.0,N,Player,
1028,covelst01,1958,BBWAA,266.0,200.0,34.0,N,Player,
1029,covelst01,1959,Veterans,,,,N,Player,
1030,covelst01,1961,Veterans,,,,N,Player,Finalist
1031,covelst01,1962,Veterans,,,,N,Player,Preliminary poll
1032,covelst01,1963,Veterans,,,,N,Player,Group A - Holdover from 1962 ballot - two could be elected from Group A
1033,covelst01,1964,Veterans,,,,N,Player,
1034,covelst01,1968,Veterans,,,,N,Player,
1035,covelst01,1969,Veterans,,,,Y,Player,
1037,coxbo01,2014,Veterans - Expansion Era,16.0,12.0,16.0,Y,Manager,
1065,crawfsa01,1936,BBWAA,226.0,170.0,1.0,N,Player,
1066,crawfsa01,1937,BBWAA,201.0,151.0,5.0,N,Player,
1067,crawfsa01,1938,BBWAA,262.0,197.0,11.0,N,Player,
1068,crawfsa01,1939,BBWAA,274.0,206.0,6.0,N,Player,
1069,crawfsa01,1942,BBWAA,233.0,175.0,2.0,N,Player,
1070,crawfsa01,1945,BBWAA,247.0,186.0,4.0,N,Player,
1071,crawfsa01,1946,Nominating Vote,202.0,,9.0,N,Player,Players in top 20 proceed to final ballot
1072,crawfsa01,1953,Veterans,,,,N,Player,
1073,crawfsa01,1955,Veterans,,,,N,Player,
1074,crawfsa01,1957,Veterans,,,,Y,Player,
1082,cronijo01,1947,BBWAA,161.0,121.0,6.0,N,Player,
1083,cronijo01,1948,BBWAA,121.0,91.0,25.0,N,Player,
1084,cronijo01,1949,BBWAA,153.0,115.0,33.0,N,Player,
1085,cronijo01,1949,Run Off,187.0,,16.0,N,Player,1st
1086,cronijo01,1950,BBWAA,168.0,126.0,33.0,N,Player,
1087,cronijo01,1951,BBWAA,226.0,170.0,44.0,N,Player,
1088,cronijo01,1952,BBWAA,234.0,176.0,48.0,N,Player,
1089,cronijo01,1953,BBWAA,264.0,198.0,69.0,N,Player,
1090,cronijo01,1954,BBWAA,252.0,189.0,85.0,N,Player,
1091,cronijo01,1955,BBWAA,251.0,189.0,135.0,N,Player,
1092,cronijo01,1956,BBWAA,193.0,145.0,152.0,Y,Player,
1120,cuellmi01,1983,BBWAA,374.0,281.0,0.0,N,Player,
1121,cuellmi01,2003,Veterans - Players,,,,N,Player,Preliminary ballot (200 players)
1122,cuellmi01,2005,Veterans - Players,,,,N,Player,Preliminary ballot (200 players)
1123,cuellmi01,2007,Veterans - Players,,,,N,Player,Preliminary ballot (200 players)
1124,cuellmi01,2009,Veterans - 1943 and Later,,,,Y,Player,Preliminary poll
1126,cummica01,1936,Veterans,78.0,59.0,0.0,N,Player,
1127,cummica01,1939,Old Timers,,,,Y,Pioneer/Executive,
1128,cuyleki01,1948,BBWAA,121.0,91.0,3.0,N,Player,
1129,cuyleki01,1949,BBWAA,153.0,115.0,4.0,N,Player,
1130,cuyleki01,1950,BBWAA,168.0,126.0,11.0,N,Player,
1131,cuyleki01,1951,BBWAA,226.0,170.0,8.0,N,Player,
1132,cuyleki01,1952,BBWAA,234.0,176.0,10.0,N,Player,
1133,cuyleki01,1953,BBWAA,264.0,198.0,18.0,N,Player,
1134,cuyleki01,1954,BBWAA,252.0,189.0,20.0,N,Player,
1135,cuyleki01,1955,BBWAA,251.0,189.0,35.0,N,Player,
1136,cuyleki01,1956,BBWAA,193.0,145.0,55.0,N,Player,
1137,cuyleki01,1958,BBWAA,266.0,200.0,90.0,N,Player,
1138,cuyleki01,1960,BBWAA,269.0,202.0,72.0,N,Player,
1139,cuyleki01,1962,BBWAA,160.0,120.0,31.0,N,Player,
1140,cuyleki01,1963,Veterans,,,,N,Player,Group B - Rule change removed from BBWAA ballot - two could be elected from Group B
1141,cuyleki01,1964,Veterans,,,,N,Player,
1142,cuyleki01,1968,Veterans,,,,Y,Player,
1165,dandrra99,1979,Veterans,,,,N,Player,At least 1 vote
1166,dandrra99,1980,Veterans,,,,N,Player,
1167,dandrra99,1982,Veterans,,,,N,Player,
1168,dandrra99,1983,Veterans,,,,N,Player,
1169,dandrra99,1984,Veterans,,,,N,Player,
1170,dandrra99,1985,Veterans,,,,N,Player,
1171,dandrra99,1986,Veterans,,,,N,Player,
1172,dandrra99,1987,Veterans,,,,Y,Player,
1226,davisge01,1959,Veterans,,,,N,Player,
1227,davisge01,1995,Veterans,,,,N,Player,
1228,davisge01,1996,Veterans,14.0,11.0,,N,Player,
1229,davisge01,1998,Veterans,,,,Y,Player,
1242,dawsoan01,2002,BBWAA,472.0,354.0,214.0,N,Player,
1243,dawsoan01,2003,BBWAA,496.0,372.0,248.0,N,Player,
1244,dawsoan01,2004,BBWAA,506.0,380.0,253.0,N,Player,
1245,dawsoan01,2005,BBWAA,516.0,387.0,270.0,N,Player,
1246,dawsoan01,2006,BBWAA,520.0,390.0,317.0,N,Player,
1247,dawsoan01,2007,BBWAA,545.0,409.0,309.0,N,Player,
1248,dawsoan01,2008,BBWAA,543.0,408.0,358.0,N,Player,
1249,dawsoan01,2009,BBWAA,539.0,405.0,361.0,N,Player,
1250,dawsoan01,2010,BBWAA,539.0,405.0,420.0,Y,Player,
1251,dayle99,1989,Veterans,,,,N,Player,
1252,dayle99,1991,Veterans,16.0,12.0,,N,Player,Among the frontrunners in the other category
1253,dayle99,1992,Veterans,16.0,12.0,7.0,N,Player,
1254,dayle99,1993,Veterans,16.0,12.0,11.0,N,Player,Missed by one vote when friend and committee member Roy Campanella was unable to attend due to illness
1255,dayle99,1994,Veterans,,,,N,Player,
1256,dayle99,1995,Veterans,,,,Y,Player,
1257,deandi01,1945,BBWAA,247.0,186.0,17.0,N,Player,
1258,deandi01,1946,Final Ballot,263.0,198.0,45.0,N,Player,
1259,deandi01,1946,Nominating Vote,202.0,,40.0,N,Player,Players in top 20 proceed to final ballot
1260,deandi01,1947,BBWAA,161.0,121.0,88.0,N,Player,
1261,deandi01,1948,BBWAA,121.0,91.0,40.0,N,Player,
1262,deandi01,1949,BBWAA,153.0,115.0,88.0,N,Player,
1263,deandi01,1949,Run Off,187.0,,81.0,N,Player,1st
1264,deandi01,1950,BBWAA,168.0,126.0,85.0,N,Player,
1265,deandi01,1951,BBWAA,226.0,170.0,145.0,N,Player,
1266,deandi01,1952,BBWAA,234.0,176.0,152.0,N,Player,
1267,deandi01,1953,BBWAA,264.0,198.0,209.0,Y,Player,
1269,delahed01,1936,BBWAA,226.0,170.0,17.0,N,Player,
1270,delahed01,1936,Veterans,78.0,59.0,21.0,N,Player,
1271,delahed01,1937,BBWAA,201.0,151.0,70.0,N,Player,
1272,delahed01,1938,BBWAA,262.0,197.0,132.0,N,Player,
1273,delahed01,1939,BBWAA,274.0,206.0,145.0,N,Player,
1274,delahed01,1942,BBWAA,233.0,175.0,104.0,N,Player,
1275,delahed01,1945,BBWAA,247.0,186.0,111.0,N,Player,
1276,delahed01,1945,Old Timers,,,,Y,Player,
1297,dickebi01,1945,BBWAA,247.0,186.0,17.0,N,Player,
1298,dickebi01,1946,Final Ballot,263.0,198.0,32.0,N,Player,
1299,dickebi01,1946,Nominating Vote,202.0,,40.0,N,Player,Players in top 20 proceed to final ballot
1300,dickebi01,1948,BBWAA,121.0,91.0,39.0,N,Player,
1301,dickebi01,1949,BBWAA,153.0,115.0,65.0,N,Player,
1302,dickebi01,1949,Run Off,187.0,,39.0,N,Player,1st
1303,dickebi01,1950,BBWAA,168.0,126.0,78.0,N,Player,
1304,dickebi01,1951,BBWAA,226.0,170.0,118.0,N,Player,
1305,dickebi01,1952,BBWAA,234.0,176.0,139.0,N,Player,
1306,dickebi01,1953,BBWAA,264.0,198.0,179.0,N,Player,
1307,dickebi01,1954,BBWAA,252.0,189.0,202.0,Y,Player,
1310,dihigma99,1977,Negro League,,,,Y,Player,
1330,dimagjo01,1945,BBWAA,247.0,186.0,1.0,N,Player,
1331,dimagjo01,1953,BBWAA,264.0,198.0,117.0,N,Player,
1332,dimagjo01,1954,BBWAA,252.0,189.0,175.0,N,Player,
1333,dimagjo01,1955,BBWAA,251.0,189.0,223.0,Y,Player,
1354,dobyla01,1966,BBWAA,302.0,227.0,7.0,N,Player,
1355,dobyla01,1967,BBWAA,292.0,219.0,10.0,N,Player,
1356,dobyla01,1967,Run Off,306.0,,1.0,N,Player,Player receiving most votes inducted
1357,dobyla01,1995,Veterans,,,,N,Player,
1358,dobyla01,1996,Veterans,14.0,11.0,7.0,N,Player,
1359,dobyla01,1997,Veterans,,,,N,Player,
1360,dobyla01,1998,Veterans,,,,Y,Player,
1361,doerrbo01,1953,BBWAA,264.0,198.0,2.0,N,Player,
1362,doerrbo01,1956,BBWAA,193.0,145.0,5.0,N,Player,
1363,doerrbo01,1958,BBWAA,266.0,200.0,25.0,N,Player,
1364,doerrbo01,1960,BBWAA,269.0,202.0,15.0,N,Player,
1365,doerrbo01,1962,BBWAA,160.0,120.0,10.0,N,Player,
1366,doerrbo01,1964,BBWAA,201.0,151.0,24.0,N,Player,
1367,doerrbo01,1964,Run Off,201.0,,5.0,N,Player,Player receiving most votes inducted
1368,doerrbo01,1966,BBWAA,302.0,227.0,30.0,N,Player,
1369,doerrbo01,1967,BBWAA,292.0,219.0,35.0,N,Player,
1370,doerrbo01,1967,Run Off,306.0,,15.0,N,Player,Player receiving most votes inducted
1371,doerrbo01,1968,BBWAA,283.0,213.0,48.0,N,Player,
1372,doerrbo01,1969,BBWAA,340.0,255.0,62.0,N,Player,
1373,doerrbo01,1970,BBWAA,300.0,225.0,75.0,N,Player,
1374,doerrbo01,1971,BBWAA,360.0,270.0,78.0,N,Player,
1375,doerrbo01,1981,Veterans,,,,N,Player,Nominated for one-time review at 1981 Veterans Committee meeting
1376,doerrbo01,1984,Veterans,,,,N,Player,
1377,doerrbo01,1985,Veterans,,,,N,Player,
1378,doerrbo01,1986,Veterans,,,,Y,Player,
1412,dreyfba99,1976,Veterans,,,,N,Executive,
1413,dreyfba99,1980,Veterans,,,,N,Executive,
1414,dreyfba99,1981,Veterans,,,,N,Executive,
1415,dreyfba99,1982,Veterans,,,,N,Executive,
1416,dreyfba99,1985,Veterans,,,,N,Executive,
1417,dreyfba99,2000,Veterans,,,,N,Executive,
1418,dreyfba99,2003,Veterans - Contributors,,,,N,Executive,Preliminary ballot (60 contributors)
1419,dreyfba99,2007,Veterans - Contributors,,,,N,Executive,Preliminary ballot (60 contributors)
1420,dreyfba99,2008,Veterans - Executives,12.0,9.0,10.0,Y,Executive,
1422,drysddo01,1975,BBWAA,362.0,272.0,76.0,N,Player,
1423,drysddo01,1976,BBWAA,388.0,291.0,114.0,N,Player,
1424,drysddo01,1977,BBWAA,383.0,288.0,197.0,N,Player,
1425,drysddo01,1978,BBWAA,379.0,285.0,219.0,N,Player,
1426,drysddo01,1979,BBWAA,432.0,324.0,233.0,N,Player,
1427,drysddo01,1980,BBWAA,385.0,289.0,238.0,N,Player,
1428,drysddo01,1981,BBWAA,401.0,301.0,243.0,N,Player,
1429,drysddo01,1982,BBWAA,415.0,312.0,233.0,N,Player,
1430,drysddo01,1983,BBWAA,374.0,281.0,242.0,N,Player,
1431,drysddo01,1984,BBWAA,403.0,303.0,316.0,Y,Player,
1432,duffyhu01,1936,Veterans,78.0,59.0,3.0,N,Player,
1433,duffyhu01,1937,BBWAA,201.0,151.0,7.0,N,Player,
1434,duffyhu01,1938,BBWAA,262.0,197.0,24.0,N,Player,
1435,duffyhu01,1939,BBWAA,274.0,206.0,34.0,N,Player,
1436,duffyhu01,1942,BBWAA,233.0,175.0,77.0,N,Player,
1437,duffyhu01,1945,BBWAA,247.0,186.0,64.0,N,Player,
1438,duffyhu01,1945,Old Timers,,,,Y,Player,
1454,durocle01,1948,BBWAA,121.0,91.0,1.0,N,Manager,
1455,durocle01,1949,BBWAA,153.0,115.0,1.0,N,Player,
1456,durocle01,1952,BBWAA,234.0,176.0,1.0,N,Manager,
1457,durocle01,1956,BBWAA,193.0,145.0,1.0,N,Manager,
1458,durocle01,1958,BBWAA,266.0,200.0,28.0,N,Manager,
1459,durocle01,1960,BBWAA,269.0,202.0,10.0,N,Manager,
1460,durocle01,1962,BBWAA,160.0,120.0,1.0,N,Manager,
1461,durocle01,1964,BBWAA,201.0,151.0,15.0,N,Player,
1462,durocle01,1964,Run Off,201.0,,2.0,N,Player,Player receiving most votes inducted
1463,durocle01,1985,Veterans,,,,N,Manager,
1464,durocle01,1986,Veterans,,,,N,Manager,
1465,durocle01,1987,Veterans,,,,N,Manager,
1466,durocle01,1988,Veterans,,,,N,Manager,
1467,durocle01,1989,Veterans,17.0,13.0,,N,Manager,2 votes short on first ballot
1468,durocle01,1990,Veterans,16.0,12.0,10.0,N,Manager,
1469,durocle01,1991,Veterans,17.0,13.0,12.0,N,Manager,
1470,durocle01,1992,Veterans,,,9.0,N,Manager,
1471,durocle01,1993,Veterans,,,,N,Manager,Received strong support in the non-player category
1472,durocle01,1994,Veterans,,,,Y,Manager,
1508,eckerde01,2004,BBWAA,506.0,380.0,421.0,Y,Player,
1558,evansbi99,1953,Veterans,,,,N,Umpire,
1559,evansbi99,1955,Veterans,,,,N,Umpire,
1560,evansbi99,1957,Veterans,,,,N,Umpire,
1561,evansbi99,1959,Veterans,,,,N,Umpire,
1562,evansbi99,1961,Veterans,,,,N,Umpire,Finalist
1563,evansbi99,1962,Veterans,,,,N,Umpire,Preliminary poll
1564,evansbi99,1963,Veterans,,,,N,Umpire,Group A - Holdover from 1962 ballot - two could be elected from Group A
1565,evansbi99,1964,Veterans,,,,N,Umpire,
1566,evansbi99,1965,Veterans,,,,N,Umpire,
1567,evansbi99,1971,Veterans,,,,N,Umpire,
1568,evansbi99,1973,Veterans,,,,Y,Umpire,
1574,eversjo01,1936,BBWAA,226.0,170.0,6.0,N,Player,
1575,eversjo01,1937,BBWAA,201.0,151.0,44.0,N,Player,
1576,eversjo01,1938,BBWAA,262.0,197.0,91.0,N,Player,
1577,eversjo01,1939,BBWAA,274.0,206.0,107.0,N,Player,
1578,eversjo01,1942,BBWAA,233.0,175.0,91.0,N,Player,
1579,eversjo01,1945,BBWAA,247.0,186.0,134.0,N,Player,
1580,eversjo01,1946,Final Ballot,263.0,198.0,110.0,N,Player,
1581,eversjo01,1946,Nominating Vote,202.0,,130.0,N,Player,Players in top 20 proceed to final ballot
1582,eversjo01,1946,Old Timers,,,,Y,Player,
1583,ewingbu01,1936,Veterans,78.0,59.0,39.0,N,Player,
1584,ewingbu01,1939,BBWAA,274.0,206.0,2.0,N,Player,
1585,ewingbu01,1939,Old Timers,,,,Y,Player,
1586,faberre01,1937,BBWAA,201.0,151.0,3.0,N,Player,
1587,faberre01,1938,BBWAA,262.0,197.0,1.0,N,Player,
1588,faberre01,1939,BBWAA,274.0,206.0,3.0,N,Player,
1589,faberre01,1942,BBWAA,233.0,175.0,1.0,N,Player,
1590,faberre01,1948,BBWAA,121.0,91.0,3.0,N,Player,
1591,faberre01,1949,BBWAA,153.0,115.0,6.0,N,Player,
1592,faberre01,1950,BBWAA,168.0,126.0,9.0,N,Player,
1593,faberre01,1951,BBWAA,226.0,170.0,8.0,N,Player,
1594,faberre01,1952,BBWAA,234.0,176.0,9.0,N,Player,
1595,faberre01,1953,BBWAA,264.0,198.0,9.0,N,Player,
1596,faberre01,1954,BBWAA,252.0,189.0,12.0,N,Player,
1597,faberre01,1955,BBWAA,251.0,189.0,27.0,N,Player,
1598,faberre01,1956,BBWAA,193.0,145.0,34.0,N,Player,
1599,faberre01,1958,BBWAA,266.0,200.0,68.0,N,Player,
1600,faberre01,1960,BBWAA,269.0,202.0,83.0,N,Player,
1601,faberre01,1962,BBWAA,160.0,120.0,30.0,N,Player,
1602,faberre01,1963,Veterans,,,,N,Player,Group B - Rule change removed from BBWAA ballot - two could be elected from Group B
1603,faberre01,1964,Veterans,,,,Y,Player,
1627,fellebo01,1962,BBWAA,160.0,120.0,150.0,Y,Player,
1632,ferreri01,1956,BBWAA,193.0,145.0,1.0,N,Player,
1633,ferreri01,1958,BBWAA,266.0,200.0,1.0,N,Player,
1634,ferreri01,1960,BBWAA,269.0,202.0,1.0,N,Player,
1635,ferreri01,1983,Veterans,,,,N,Player,
1636,ferreri01,1984,Veterans,,,,Y,Player,
1668,fingero01,1991,BBWAA,443.0,333.0,291.0,N,Player,
1669,fingero01,1992,BBWAA,430.0,323.0,349.0,Y,Player,
1676,fiskca01,1999,BBWAA,497.0,373.0,330.0,N,Player,
1677,fiskca01,2000,BBWAA,499.0,375.0,397.0,Y,Player,
1704,flickel01,1938,BBWAA,262.0,197.0,1.0,N,Player,
1705,flickel01,1959,Veterans,,,,N,Player,
1706,flickel01,1961,Veterans,,,,N,Player,Finalist
1707,flickel01,1962,Veterans,,,,N,Player,Preliminary poll
1708,flickel01,1963,Veterans,,,,Y,Player,Group A - Holdover from 1962 ballot - two could be elected from Group A
1738,fordwh01,1973,BBWAA,380.0,285.0,255.0,N,Player,
1739,fordwh01,1974,BBWAA,365.0,274.0,284.0,Y,Player,
1742,fostebi99,1982,Veterans,,,,N,Player,
1743,fostebi99,1991,Veterans,16.0,12.0,,N,Player,
1744,fostebi99,1995,Veterans,,,,N,Player,
1745,fostebi99,1996,Veterans,14.0,11.0,,Y,Player,
1751,fosteru99,1978,Veterans,,,,N,Player,
1752,fosteru99,1980,Veterans,,,,N,Player,
1753,fosteru99,1981,Veterans,,,,Y,Manager,
1754,fowlebu99,2022,Veterans - Early Baseball Era,16.0,12.0,12.0,Y,Executive,
1755,foxne01,1971,BBWAA,360.0,270.0,39.0,N,Player,
1756,foxne01,1972,BBWAA,396.0,297.0,64.0,N,Player,
1757,foxne01,1973,BBWAA,380.0,285.0,73.0,N,Player,
1758,foxne01,1974,BBWAA,365.0,274.0,79.0,N,Player,
1759,foxne01,1975,BBWAA,362.0,272.0,76.0,N,Player,
1760,foxne01,1976,BBWAA,388.0,291.0,174.0,N,Player,
1761,foxne01,1977,BBWAA,383.0,288.0,152.0,N,Player,
1762,foxne01,1978,BBWAA,379.0,285.0,149.0,N,Player,
1763,foxne01,1979,BBWAA,432.0,324.0,174.0,N,Player,
1764,foxne01,1980,BBWAA,385.0,289.0,161.0,N,Player,
1765,foxne01,1981,BBWAA,401.0,301.0,168.0,N,Player,
1766,foxne01,1982,BBWAA,415.0,312.0,127.0,N,Player,
1767,foxne01,1983,BBWAA,374.0,281.0,173.0,N,Player,
1768,foxne01,1984,BBWAA,403.0,303.0,246.0,N,Player,
1769,foxne01,1985,BBWAA,395.0,297.0,295.0,N,Player,
1770,foxne01,1989,Veterans,,,,N,Player,
1771,foxne01,1990,Veterans,14.0,11.0,,N,Player,Finalist
1772,foxne01,1991,Veterans,16.0,12.0,10.0,N,Player,
1773,foxne01,1992,Veterans,16.0,12.0,9.0,N,Player,
1774,foxne01,1993,Veterans,16.0,12.0,11.0,N,Player,
1775,foxne01,1994,Veterans,,,,N,Player,
1776,foxne01,1995,Veterans,,,,N,Player,
1777,foxne01,1996,Veterans,14.0,11.0,11.0,N,Player,Not inducted due to cap
1778,foxne01,1997,Veterans,,,,Y,Player,
1779,foxxji01,1936,BBWAA,226.0,170.0,21.0,N,Player,
1780,foxxji01,1946,Nominating Vote,202.0,,26.0,N,Player,Players in top 20 proceed to final ballot
1781,foxxji01,1947,BBWAA,161.0,121.0,10.0,N,Player,
1782,foxxji01,1948,BBWAA,121.0,91.0,50.0,N,Player,
1783,foxxji01,1949,BBWAA,153.0,115.0,85.0,N,Player,
1784,foxxji01,1949,Run Off,187.0,,89.0,N,Player,1st
1785,foxxji01,1950,BBWAA,168.0,126.0,103.0,N,Player,
1786,foxxji01,1951,BBWAA,226.0,170.0,179.0,Y,Player,
1804,frickfo99,1970,Veterans,,,,Y,Executive,
1805,friscfr01,1936,BBWAA,226.0,170.0,14.0,N,Player,
1806,friscfr01,1939,BBWAA,274.0,206.0,26.0,N,Player,
1807,friscfr01,1942,BBWAA,233.0,175.0,84.0,N,Player,
1808,friscfr01,1945,BBWAA,247.0,186.0,101.0,N,Player,
1809,friscfr01,1946,Final Ballot,263.0,198.0,67.0,N,Player,
1810,friscfr01,1946,Nominating Vote,202.0,,104.0,N,Player,Players in top 20 proceed to final ballot
1811,friscfr01,1947,BBWAA,161.0,121.0,136.0,Y,Player,
1834,galvipu01,1953,Veterans,,,,N,Player,
1835,galvipu01,1955,Veterans,,,,N,Player,
1836,galvipu01,1957,Veterans,,,,N,Player,
1837,galvipu01,1959,Veterans,,,,N,Player,
1838,galvipu01,1961,Veterans,,,,N,Player,Finalist
1839,galvipu01,1962,Veterans,,,,N,Player,Preliminary poll
1840,galvipu01,1963,Veterans,,,,N,Player,Group A - Holdover from 1962 ballot - two could be elected from Group A
1841,galvipu01,1964,Veterans,,,,N,Player,
1842,galvipu01,1965,Veterans,,,,Y,Player,
1855,garvest01,1993,BBWAA,423.0,318.0,176.0,N,Player,
1856,garvest01,1994,BBWAA,456.0,342.0,166.0,N,Player,
1857,garvest01,1995,BBWAA,460.0,345.0,196.0,N,Player,
1858,garvest01,1996,BBWAA,470.0,353.0,175.0,N,Player,
1859,garvest01,1997,BBWAA,473.0,353.0,167.0,N,Player,
1860,garvest01,1998,BBWAA,473.0,355.0,195.0,N,Player,
1861,garvest01,1999,BBWAA,497.0,373.0,150.0,N,Player,
1862,garvest01,2000,BBWAA,499.0,375.0,160.0,N,Player,
1863,garvest01,2001,BBWAA,515.0,387.0,176.0,N,Player,
1864,garvest01,2002,BBWAA,472.0,354.0,134.0,N,Player,
1865,garvest01,2003,BBWAA,496.0,372.0,138.0,N,Player,
1866,garvest01,2004,BBWAA,506.0,380.0,123.0,N,Player,
1867,garvest01,2005,BBWAA,516.0,387.0,106.0,N,Player,
1868,garvest01,2006,BBWAA,520.0,390.0,135.0,N,Player,
1869,garvest01,2007,BBWAA,545.0,409.0,115.0,N,Player,
1870,garvest01,2009,Veterans - 1943 and Later,,,,Y,Player,Preliminary poll
1871,garvest01,2011,Veterans - Expansion Era,16.0,12.0,,N,Player,<8 votes
1872,garvest01,2014,Veterans - Expansion Era,16.0,12.0,,N,Player,<6 votes
1873,garvest01,2018,Veterans - Modern Baseball Era,16.0,12.0,,N,Player,<7 votes
1874,garvest01,2020,Veterans - Modern Baseball Era,16.0,12.0,6.0,N,Player,
1876,gehrich01,1936,BBWAA,226.0,170.0,0.0,N,Player,
1877,gehrich01,1945,BBWAA,247.0,186.0,10.0,N,Player,
1878,gehrich01,1946,Final Ballot,263.0,198.0,23.0,N,Player,
1879,gehrich01,1946,Nominating Vote,202.0,,43.0,N,Player,Players in top 20 proceed to final ballot
1880,gehrich01,1947,BBWAA,161.0,121.0,105.0,N,Player,
1881,gehrich01,1948,BBWAA,121.0,91.0,52.0,N,Player,
1882,gehrich01,1949,BBWAA,153.0,115.0,102.0,N,Player,
1883,gehrich01,1949,Run Off,187.0,,159.0,Y,Player,1st
1884,gehrilo01,1936,BBWAA,226.0,170.0,51.0,N,Player,
1885,gehrilo01,1939,Special Election,,,,Y,Player,
1892,gibsobo01,1981,BBWAA,401.0,301.0,337.0,Y,Player,
1893,gibsojo99,1972,Negro League,,,,Y,Player,
1896,gileswa99,1979,Veterans,,,,Y,Executive,
1900,gillipa99,2011,Veterans - Expansion Era,16.0,12.0,13.0,Y,Executive,
1915,glavito02,2014,BBWAA,571.0,429.0,525.0,Y,Player,
1924,gomezle01,1945,BBWAA,247.0,186.0,7.0,N,Player,
1925,gomezle01,1946,Nominating Vote,202.0,,4.0,N,Player,Players in top 20 proceed to final ballot
1926,gomezle01,1947,BBWAA,161.0,121.0,1.0,N,Player,
1927,gomezle01,1948,BBWAA,121.0,91.0,16.0,N,Player,
1928,gomezle01,1949,BBWAA,153.0,115.0,17.0,N,Player,
1929,gomezle01,1950,BBWAA,168.0,126.0,18.0,N,Player,
1930,gomezle01,1951,BBWAA,226.0,170.0,23.0,N,Player,
1931,gomezle01,1952,BBWAA,234.0,176.0,29.0,N,Player,
1932,gomezle01,1953,BBWAA,264.0,198.0,35.0,N,Player,
1933,gomezle01,1954,BBWAA,252.0,189.0,38.0,N,Player,
1934,gomezle01,1955,BBWAA,251.0,189.0,71.0,N,Player,
1935,gomezle01,1956,BBWAA,193.0,145.0,89.0,N,Player,
1936,gomezle01,1958,BBWAA,266.0,200.0,76.0,N,Player,
1937,gomezle01,1960,BBWAA,269.0,202.0,51.0,N,Player,
1938,gomezle01,1962,BBWAA,160.0,120.0,20.0,N,Player,
1939,gomezle01,1964,Veterans,,,,N,Player,
1940,gomezle01,1965,Veterans,,,,N,Player,
1941,gomezle01,1971,Veterans,,,,N,Player,
1942,gomezle01,1972,Veterans,,,,Y,Player,
1953,gordojo01,1945,BBWAA,247.0,186.0,1.0,N,Player,
1954,gordojo01,1955,BBWAA,251.0,189.0,1.0,N,Player,
1955,gordojo01,1956,BBWAA,193.0,145.0,4.0,N,Player,
1956,gordojo01,1958,BBWAA,266.0,200.0,11.0,N,Player,
1957,gordojo01,1960,BBWAA,269.0,202.0,11.0,N,Player,
1958,gordojo01,1962,BBWAA,160.0,120.0,4.0,N,Player,
1959,gordojo01,1964,BBWAA,201.0,151.0,30.0,N,Player,
1960,gordojo01,1964,Run Off,201.0,,1.0,N,Player,Player receiving most votes inducted
1961,gordojo01,1966,BBWAA,302.0,227.0,31.0,N,Player,
1962,gordojo01,1967,BBWAA,292.0,219.0,66.0,N,Player,
1963,gordojo01,1967,Run Off,306.0,,13.0,N,Player,Player receiving most votes inducted
1964,gordojo01,1968,BBWAA,283.0,213.0,77.0,N,Player,
1965,gordojo01,1969,BBWAA,340.0,255.0,97.0,N,Player,
1966,gordojo01,1970,BBWAA,300.0,225.0,79.0,N,Player,
1967,gordojo01,1981,Veterans,,,,N,Player,Nominated for one-time review at 1981 Veterans Committee meeting
1968,gordojo01,1984,Veterans,,,,N,Player,
1969,gordojo01,1985,Veterans,,,,N,Player,
1970,gordojo01,1986,Veterans,,,,N,Player,
1971,gordojo01,1987,Veterans,,,,N,Player,
1972,gordojo01,1988,Veterans,18.0,14.0,,N,Player,
1973,gordojo01,1989,Veterans,,,,N,Player,
1974,gordojo01,1990,Veterans,14.0,11.0,,N,Player,Finalist
1975,gordojo01,1991,Veterans,16.0,12.0,12.0,N,Player,Got 75% of vote but not inducted due to limit
1976,gordojo01,1992,Veterans,16.0,12.0,7.0,N,Player,
1977,gordojo01,1993,Veterans,16.0,12.0,,N,Player,Among the seven most-discussed players
1978,gordojo01,1995,Veterans,,,,N,Player,
1979,gordojo01,1996,Veterans,14.0,11.0,4.0,N,Player,
1980,gordojo01,1997,Veterans,,,,N,Player,
1981,gordojo01,1999,Veterans,,,,N,Player,
1982,gordojo01,2003,Veterans - Players,81.0,61.0,19.0,N,Player,
1983,gordojo01,2005,Veterans - Players,80.0,60.0,14.0,N,Player,
1984,gordojo01,2007,Veterans - Players,84.0,62.0,10.0,N,Player,
1985,gordojo01,2009,Veterans - Pre-1943,12.0,9.0,10.0,Y,Player,
1990,gosligo01,1948,BBWAA,121.0,91.0,1.0,N,Player,
1991,gosligo01,1949,BBWAA,153.0,115.0,4.0,N,Player,
1992,gosligo01,1950,BBWAA,168.0,126.0,2.0,N,Player,
1993,gosligo01,1954,BBWAA,252.0,189.0,1.0,N,Player,
1994,gosligo01,1955,BBWAA,251.0,189.0,7.0,N,Player,
1995,gosligo01,1956,BBWAA,193.0,145.0,26.0,N,Player,
1996,gosligo01,1958,BBWAA,266.0,200.0,26.0,N,Player,
1997,gosligo01,1960,BBWAA,269.0,202.0,30.0,N,Player,
1998,gosligo01,1962,BBWAA,160.0,120.0,14.0,N,Player,
1999,gosligo01,1963,Veterans,,,,N,Player,Group B - Rule change removed from BBWAA ballot - two could be elected from Group B
2000,gosligo01,1964,Veterans,,,,N,Player,
2001,gosligo01,1965,Veterans,,,,N,Player,
2002,gosligo01,1968,Veterans,,,,Y,Player,
2003,gossari01,2000,BBWAA,499.0,375.0,166.0,N,Player,
2004,gossari01,2001,BBWAA,515.0,387.0,228.0,N,Player,
2005,gossari01,2002,BBWAA,472.0,354.0,203.0,N,Player,
2006,gossari01,2003,BBWAA,496.0,372.0,209.0,N,Player,
2007,gossari01,2004,BBWAA,506.0,380.0,206.0,N,Player,
2008,gossari01,2005,BBWAA,516.0,387.0,285.0,N,Player,
2009,gossari01,2006,BBWAA,520.0,390.0,336.0,N,Player,
2010,gossari01,2007,BBWAA,545.0,409.0,388.0,N,Player,
2011,gossari01,2008,BBWAA,543.0,408.0,466.0,Y,Player,
2040,grantfr99,2006,Negro League,,,,Y,Player,
2043,greenha01,1945,BBWAA,247.0,186.0,3.0,N,Player,
2044,greenha01,1949,BBWAA,153.0,115.0,67.0,N,Player,
2045,greenha01,1949,Run Off,187.0,,44.0,N,Player,1st
2046,greenha01,1950,BBWAA,168.0,126.0,64.0,N,Player,
2047,greenha01,1951,BBWAA,226.0,170.0,67.0,N,Player,
2048,greenha01,1952,BBWAA,234.0,176.0,75.0,N,Player,
2049,greenha01,1953,BBWAA,264.0,198.0,80.0,N,Player,
2050,greenha01,1954,BBWAA,252.0,189.0,97.0,N,Player,
2051,greenha01,1955,BBWAA,251.0,189.0,157.0,N,Player,
2052,greenha01,1956,BBWAA,193.0,145.0,164.0,Y,Player,
2058,griffcl01,1937,BBWAA,201.0,151.0,4.0,N,Pioneer/Executive,
2059,griffcl01,1938,BBWAA,262.0,197.0,10.0,N,Pioneer/Executive,
2060,griffcl01,1939,BBWAA,274.0,206.0,20.0,N,Pioneer/Executive,
2061,griffcl01,1942,BBWAA,233.0,175.0,71.0,N,Pioneer/Executive,
2062,griffcl01,1945,BBWAA,247.0,186.0,108.0,N,Pioneer/Executive,
2063,griffcl01,1946,Final Ballot,263.0,198.0,82.0,N,Player,
2064,griffcl01,1946,Nominating Vote,202.0,,73.0,N,Player,Players in top 20 proceed to final ballot
2065,griffcl01,1946,Old Timers,,,,Y,Player,
2067,griffke02,2016,BBWAA,440.0,330.0,437.0,Y,Player,
2068,grimebu01,1937,BBWAA,201.0,151.0,1.0,N,Player,
2069,grimebu01,1938,BBWAA,262.0,197.0,1.0,N,Player,
2070,grimebu01,1939,BBWAA,274.0,206.0,1.0,N,Player,
2071,grimebu01,1948,BBWAA,121.0,91.0,7.0,N,Player,
2072,grimebu01,1949,BBWAA,153.0,115.0,8.0,N,Player,
2073,grimebu01,1950,BBWAA,168.0,126.0,6.0,N,Player,
2074,grimebu01,1951,BBWAA,226.0,170.0,5.0,N,Player,
2075,grimebu01,1952,BBWAA,234.0,176.0,9.0,N,Player,
2076,grimebu01,1953,BBWAA,264.0,198.0,9.0,N,Player,
2077,grimebu01,1955,BBWAA,251.0,189.0,3.0,N,Player,
2078,grimebu01,1956,BBWAA,193.0,145.0,25.0,N,Player,
2079,grimebu01,1958,BBWAA,266.0,200.0,71.0,N,Player,
2080,grimebu01,1960,BBWAA,269.0,202.0,92.0,N,Player,
2081,grimebu01,1962,BBWAA,160.0,120.0,43.0,N,Player,
2082,grimebu01,1963,Veterans,,,,N,Player,Group B - Rule change removed from BBWAA ballot - two could be elected from Group B
2083,grimebu01,1964,Veterans,,,,Y,Player,
2147,grovele01,1936,BBWAA,226.0,170.0,12.0,N,Player,
2148,grovele01,1945,BBWAA,247.0,186.0,28.0,N,Player,
2149,grovele01,1946,Final Ballot,263.0,198.0,61.0,N,Player,
2150,grovele01,1946,Nominating Vote,202.0,,71.0,N,Player,Players in top 20 proceed to final ballot
2151,grovele01,1947,BBWAA,161.0,121.0,123.0,Y,Player,
2152,grovele01,1960,BBWAA,269.0,202.0,6.0,N,Player,
2158,guerrvl01,2017,BBWAA,442.0,332.0,317.0,N,Player,
2159,guerrvl01,2018,BBWAA,422.0,317.0,392.0,Y,Player,
2175,gwynnto01,2007,BBWAA,545.0,409.0,532.0,Y,Player,
2203,hafeych01,1948,BBWAA,121.0,91.0,1.0,N,Player,
2204,hafeych01,1949,BBWAA,153.0,115.0,2.0,N,Player,
2205,hafeych01,1950,BBWAA,168.0,126.0,4.0,N,Player,
2206,hafeych01,1951,BBWAA,226.0,170.0,1.0,N,Player,
2207,hafeych01,1952,BBWAA,234.0,176.0,1.0,N,Player,
2208,hafeych01,1953,BBWAA,264.0,198.0,2.0,N,Player,
2209,hafeych01,1954,BBWAA,252.0,189.0,2.0,N,Player,
2210,hafeych01,1955,BBWAA,251.0,189.0,4.0,N,Player,
2211,hafeych01,1956,BBWAA,193.0,145.0,16.0,N,Player,
2212,hafeych01,1958,BBWAA,266.0,200.0,12.0,N,Player,
2213,hafeych01,1960,BBWAA,269.0,202.0,29.0,N,Player,
2214,hafeych01,1962,BBWAA,160.0,120.0,7.0,N,Player,
2215,hafeych01,1963,Veterans,,,,N,Player,Group B - Rule change removed from BBWAA ballot - two could be elected from Group B
2216,hafeych01,1964,Veterans,,,,N,Player,
2217,hafeych01,1968,Veterans,,,,N,Player,
2218,hafeych01,1971,Veterans,,,,Y,Player,
2221,haineje01,1939,BBWAA,274.0,206.0,1.0,N,Player,
2222,haineje01,1947,BBWAA,161.0,121.0,1.0,N,Player,
2223,haineje01,1948,BBWAA,121.0,91.0,2.0,N,Player,
2224,haineje01,1949,BBWAA,153.0,115.0,2.0,N,Player,
2225,haineje01,1950,BBWAA,168.0,126.0,11.0,N,Player,
2226,haineje01,1953,BBWAA,264.0,198.0,4.0,N,Player,
2227,haineje01,1954,BBWAA,252.0,189.0,6.0,N,Player,
2228,haineje01,1955,BBWAA,251.0,189.0,10.0,N,Player,
2229,haineje01,1956,BBWAA,193.0,145.0,14.0,N,Player,
2230,haineje01,1958,BBWAA,266.0,200.0,22.0,N,Player,
2231,haineje01,1960,BBWAA,269.0,202.0,20.0,N,Player,
2232,haineje01,1962,BBWAA,160.0,120.0,3.0,N,Player,
2233,haineje01,1963,Veterans,,,,N,Player,Group B - Rule change removed from BBWAA ballot - two could be elected from Group B
2234,haineje01,1964,Veterans,,,,N,Player,
2235,haineje01,1968,Veterans,,,,N,Player,
2236,haineje01,1970,Veterans,,,,Y,Player,
2241,hallaro01,2019,BBWAA,425.0,319.0,363.0,Y,Player,
2242,hamilbi01,1936,Veterans,78.0,59.0,2.0,N,Player,
2243,hamilbi01,1942,BBWAA,233.0,175.0,1.0,N,Player,
2244,hamilbi01,1953,Veterans,,,,N,Player,
2245,hamilbi01,1955,Veterans,,,,N,Player,
2246,hamilbi01,1957,Veterans,,,,N,Player,
2247,hamilbi01,1959,Veterans,,,,N,Player,
2248,hamilbi01,1961,Veterans,,,,Y,Player,
2253,hanlone01,1953,Veterans,,,,N,Manager,
2254,hanlone01,1955,Veterans,,,,N,Manager,
2255,hanlone01,1957,Veterans,,,,N,Manager,
2256,hanlone01,1959,Veterans,,,,N,Manager,
2257,hanlone01,1961,Veterans,,,,N,Manager,Finalist
2258,hanlone01,1962,Veterans,,,,N,Manager,Preliminary poll
2259,hanlone01,1963,Veterans,,,,N,Manager,Group A - Holdover from 1962 ballot - two could be elected from Group A
2260,hanlone01,1964,Veterans,,,,N,Manager,
2261,hanlone01,1971,Veterans,,,,N,Manager,
2262,hanlone01,1992,Veterans,,,,N,Manager,
2263,hanlone01,1995,Veterans,,,,N,Manager,
2264,hanlone01,1996,Veterans,14.0,11.0,,Y,Manager,
2299,harribu01,1938,BBWAA,262.0,197.0,1.0,N,Manager,
2300,harribu01,1939,BBWAA,274.0,206.0,1.0,N,Manager,
2301,harribu01,1948,BBWAA,121.0,91.0,3.0,N,Manager,
2302,harribu01,1949,BBWAA,153.0,115.0,11.0,N,Player,
2303,harribu01,1950,BBWAA,168.0,126.0,4.0,N,Manager,
2304,harribu01,1951,BBWAA,226.0,170.0,9.0,N,Manager,
2305,harribu01,1952,BBWAA,234.0,176.0,12.0,N,Manager,
2306,harribu01,1953,BBWAA,264.0,198.0,21.0,N,Manager,
2307,harribu01,1958,BBWAA,266.0,200.0,45.0,N,Manager,
2308,harribu01,1960,BBWAA,269.0,202.0,31.0,N,Manager,
2309,harribu01,1971,Veterans,,,,N,Manager,
2310,harribu01,1974,Veterans,,,,N,Manager,
2311,harribu01,1975,Veterans,,,,Y,Manager,
2315,harriwi99,1972,Veterans,,,,Y,Executive,
2316,hartnga01,1936,BBWAA,226.0,170.0,0.0,N,Player,
2317,hartnga01,1945,BBWAA,247.0,186.0,2.0,N,Player,
2318,hartnga01,1946,Nominating Vote,202.0,,2.0,N,Player,Players in top 20 proceed to final ballot
2319,hartnga01,1947,BBWAA,161.0,121.0,2.0,N,Player,
2320,hartnga01,1948,BBWAA,121.0,91.0,33.0,N,Player,
2321,hartnga01,1949,BBWAA,153.0,115.0,35.0,N,Player,
2322,hartnga01,1949,Run Off,187.0,,7.0,N,Player,1st
2323,hartnga01,1950,BBWAA,168.0,126.0,54.0,N,Player,
2324,hartnga01,1951,BBWAA,226.0,170.0,57.0,N,Player,
2325,hartnga01,1952,BBWAA,234.0,176.0,77.0,N,Player,
2326,hartnga01,1953,BBWAA,264.0,198.0,104.0,N,Player,
2327,hartnga01,1954,BBWAA,252.0,189.0,151.0,N,Player,
2328,hartnga01,1955,BBWAA,251.0,189.0,195.0,Y,Player,
2329,harvedo99,2000,Veterans,,,,N,Umpire,
2330,harvedo99,2003,Veterans - Contributors,79.0,60.0,48.0,N,Umpire,
2331,harvedo99,2007,Veterans - Contributors,81.0,61.0,52.0,,Umpire,
2332,harvedo99,2008,Veterans - Managers and Umpires,16.0,12.0,11.0,N,Umpire,
2333,harvedo99,2010,Veterans - Managers and Umpires,16.0,12.0,15.0,Y,Umpire,
2345,heilmha01,1937,BBWAA,201.0,151.0,10.0,N,Player,
2346,heilmha01,1938,BBWAA,262.0,197.0,14.0,N,Player,
2347,heilmha01,1939,BBWAA,274.0,206.0,8.0,N,Player,
2348,heilmha01,1942,BBWAA,233.0,175.0,4.0,N,Player,
2349,heilmha01,1945,BBWAA,247.0,186.0,5.0,N,Player,
2350,heilmha01,1946,Nominating Vote,202.0,,23.0,N,Player,Players in top 20 proceed to final ballot
2351,heilmha01,1947,BBWAA,161.0,121.0,65.0,N,Player,
2352,heilmha01,1948,BBWAA,121.0,91.0,40.0,N,Player,
2353,heilmha01,1949,BBWAA,153.0,115.0,59.0,N,Player,
2354,heilmha01,1949,Run Off,187.0,,52.0,N,Player,1st
2355,heilmha01,1950,BBWAA,168.0,126.0,87.0,N,Player,
2356,heilmha01,1951,BBWAA,226.0,170.0,153.0,N,Player,
2357,heilmha01,1952,BBWAA,234.0,176.0,203.0,Y,Player,
2359,heltoto01,2019,BBWAA,425.0,319.0,70.0,N,Player,
2360,heltoto01,2020,BBWAA,397.0,298.0,116.0,N,Player,
2361,heltoto01,2021,BBWAA,401.0,301.0,180.0,N,Player,
2362,heltoto01,2022,BBWAA,394.0,296.0,205.0,N,Player,
2363,heltoto01,2023,BBWAA,389.0,292.0,281.0,N,Player,
2364,heltoto01,2024,BBWAA,385.0,289.0,307.0,Y,Player,
2367,henderi01,2009,BBWAA,539.0,405.0,511.0,Y,Player,
2413,hermabi01,1948,BBWAA,121.0,91.0,1.0,N,Player,
2414,hermabi01,1956,BBWAA,193.0,145.0,2.0,N,Player,
2415,hermabi01,1958,BBWAA,266.0,200.0,7.0,N,Player,
2416,hermabi01,1962,BBWAA,160.0,120.0,4.0,N,Player,
2417,hermabi01,1964,BBWAA,201.0,151.0,26.0,N,Player,
2418,hermabi01,1964,Run Off,201.0,,9.0,N,Player,Player receiving most votes inducted
2419,hermabi01,1966,BBWAA,302.0,227.0,28.0,N,Player,
2420,hermabi01,1967,BBWAA,292.0,219.0,59.0,N,Player,
2421,hermabi01,1967,Run Off,306.0,,14.0,N,Player,Player receiving most votes inducted
2422,hermabi01,1968,Veterans,,,,N,Player,
2423,hermabi01,1974,Veterans,,,,N,Player,
2424,hermabi01,1975,Veterans,,,,Y,Player,
2445,herzowh01,1999,Veterans,,,,N,Manager,
2446,herzowh01,2000,Veterans,,,,N,Manager,
2447,herzowh01,2001,Veterans,,,,N,Manager,
2448,herzowh01,2003,Veterans - Contributors,79.0,60.0,25.0,N,Manager,
2449,herzowh01,2007,Veterans - Contributors,81.0,61.0,29.0,,Manager,
2450,herzowh01,2008,Veterans - Managers and Umpires,16.0,12.0,11.0,N,Manager,
2451,herzowh01,2010,Veterans - Managers and Umpires,16.0,12.0,14.0,Y,Manager,
2469,hillpe99,2006,Negro League,,,,Y,Player,
2472,hodgegi01,1969,BBWAA,340.0,255.0,82.0,N,Player,
2473,hodgegi01,1970,BBWAA,300.0,225.0,145.0,N,Player,
2474,hodgegi01,1971,BBWAA,360.0,270.0,180.0,N,Player,
2475,hodgegi01,1972,BBWAA,396.0,297.0,161.0,N,Player,
2476,hodgegi01,1973,BBWAA,380.0,285.0,218.0,N,Player,
2477,hodgegi01,1974,BBWAA,365.0,274.0,198.0,N,Player,
2478,hodgegi01,1975,BBWAA,362.0,272.0,188.0,N,Player,
2479,hodgegi01,1976,BBWAA,388.0,291.0,233.0,N,Player,
2480,hodgegi01,1977,BBWAA,383.0,288.0,224.0,N,Player,
2481,hodgegi01,1978,BBWAA,379.0,285.0,226.0,N,Player,
2482,hodgegi01,1979,BBWAA,432.0,324.0,242.0,N,Player,
2483,hodgegi01,1980,BBWAA,385.0,289.0,230.0,N,Player,
2484,hodgegi01,1981,BBWAA,401.0,301.0,241.0,N,Player,
2485,hodgegi01,1982,BBWAA,415.0,312.0,205.0,N,Player,
2486,hodgegi01,1983,BBWAA,374.0,281.0,237.0,N,Player,
2487,hodgegi01,1987,Veterans,,,,N,Player,
2488,hodgegi01,1988,Veterans,18.0,14.0,,N,Player,
2489,hodgegi01,1989,Veterans,,,,N,Player,
2490,hodgegi01,1992,Veterans,16.0,12.0,7.0,N,Player,
2491,hodgegi01,1993,Veterans,16.0,12.0,,N,Player,Among the top three vote-getters
2492,hodgegi01,1994,Veterans,,,,N,Player,
2493,hodgegi01,1995,Veterans,,,,N,Player,
2494,hodgegi01,1996,Veterans,14.0,11.0,6.0,N,Player,
2495,hodgegi01,1997,Veterans,,,,N,Player,
2496,hodgegi01,1998,Veterans,,,,N,Player,
2497,hodgegi01,1999,Veterans,,,,N,Player,
2498,hodgegi01,2000,Veterans,,,,N,Player,
2499,hodgegi01,2001,Veterans,,,,N,Player,
2500,hodgegi01,2003,Veterans - Players,81.0,61.0,50.0,N,Player,
2501,hodgegi01,2005,Veterans - Players,80.0,60.0,52.0,N,Player,
2502,hodgegi01,2007,Veterans - Players,84.0,62.0,50.0,N,Player,
2503,hodgegi01,2009,Veterans - 1943 and Later,64.0,48.0,28.0,N,Player,
2504,hodgegi01,2012,Veterans - Golden Era,16.0,12.0,9.0,N,Player,
2505,hodgegi01,2015,Veterans - Golden Era,16.0,12.0,,N,Player,<3 votes
2506,hodgegi01,2022,Veterans - Golden Age Era,16.0,12.0,12.0,Y,Player,
2508,hoffmtr01,2016,BBWAA,440.0,330.0,296.0,N,Player,
2509,hoffmtr01,2017,BBWAA,442.0,332.0,327.0,N,Player,
2510,hoffmtr01,2018,BBWAA,422.0,317.0,337.0,Y,Player,
2521,hoopeha01,1937,BBWAA,201.0,151.0,6.0,N,Player,
2522,hoopeha01,1938,BBWAA,262.0,197.0,4.0,N,Player,
2523,hoopeha01,1939,BBWAA,274.0,206.0,5.0,N,Player,
2524,hoopeha01,1948,BBWAA,121.0,91.0,2.0,N,Player,
2525,hoopeha01,1950,BBWAA,168.0,126.0,2.0,N,Player,
2526,hoopeha01,1951,BBWAA,226.0,170.0,3.0,N,Player,
2527,hoopeha01,1953,Veterans,,,,N,Player,
2528,hoopeha01,1955,Veterans,,,,N,Player,
2529,hoopeha01,1957,Veterans,,,,N,Player,
2530,hoopeha01,1959,Veterans,,,,N,Player,
2531,hoopeha01,1961,Veterans,,,,N,Player,Finalist
2532,hoopeha01,1962,Veterans,,,,N,Player,Preliminary poll
2533,hoopeha01,1963,Veterans,,,,N,Player,Group A - Holdover from 1962 ballot - two could be elected from Group A
2534,hoopeha01,1971,Veterans,,,,Y,Player,
2538,hornsro01,1936,BBWAA,226.0,170.0,105.0,N,Player,
2539,hornsro01,1937,BBWAA,201.0,151.0,53.0,N,Player,
2540,hornsro01,1938,BBWAA,262.0,197.0,46.0,N,Player,
2541,hornsro01,1939,BBWAA,274.0,206.0,176.0,N,Player,
2542,hornsro01,1942,BBWAA,233.0,175.0,182.0,Y,Player,
2591,hoytwa01,1939,BBWAA,274.0,206.0,1.0,N,Player,
2592,hoytwa01,1942,BBWAA,233.0,175.0,1.0,N,Player,
2593,hoytwa01,1946,Nominating Vote,202.0,,1.0,N,Player,Players in top 20 proceed to final ballot
2594,hoytwa01,1948,BBWAA,121.0,91.0,7.0,N,Player,
2595,hoytwa01,1949,BBWAA,153.0,115.0,7.0,N,Player,
2596,hoytwa01,1950,BBWAA,168.0,126.0,11.0,N,Player,
2597,hoytwa01,1951,BBWAA,226.0,170.0,13.0,N,Player,
2598,hoytwa01,1952,BBWAA,234.0,176.0,12.0,N,Player,
2599,hoytwa01,1953,BBWAA,264.0,198.0,14.0,N,Player,
2600,hoytwa01,1954,BBWAA,252.0,189.0,14.0,N,Player,
2601,hoytwa01,1955,BBWAA,251.0,189.0,33.0,N,Player,
2602,hoytwa01,1956,BBWAA,193.0,145.0,37.0,N,Player,
2603,hoytwa01,1958,BBWAA,266.0,200.0,37.0,N,Player,
2604,hoytwa01,1960,BBWAA,269.0,202.0,29.0,N,Player,
2605,hoytwa01,1962,BBWAA,160.0,120.0,18.0,N,Player,
2606,hoytwa01,1963,Veterans,,,,N,Player,Group B - Rule change removed from BBWAA ballot - two could be elected from Group B
2607,hoytwa01,1964,Veterans,,,,N,Player,
2608,hoytwa01,1968,Veterans,,,,N,Player,
2609,hoytwa01,1969,Veterans,,,,Y,Player,
2612,hubbaca99,1976,Veterans,,,,Y,Umpire,
2613,hubbeca01,1945,BBWAA,247.0,186.0,24.0,N,Player,
2614,hubbeca01,1946,Final Ballot,263.0,198.0,75.0,N,Player,
2615,hubbeca01,1946,Nominating Vote,202.0,,101.0,N,Player,Players in top 20 proceed to final ballot
2616,hubbeca01,1947,BBWAA,161.0,121.0,140.0,Y,Player,
2621,huggimi01,1937,BBWAA,201.0,151.0,5.0,N,Manager,
2622,huggimi01,1938,BBWAA,262.0,197.0,48.0,N,Manager,
2623,huggimi01,1939,BBWAA,274.0,206.0,97.0,N,Manager,
2624,huggimi01,1942,BBWAA,233.0,175.0,111.0,N,Manager,
2625,huggimi01,1945,BBWAA,247.0,186.0,133.0,N,Manager,
2626,huggimi01,1946,Final Ballot,263.0,198.0,106.0,N,Player,
2627,huggimi01,1946,Nominating Vote,202.0,,129.0,N,Player,Players in top 20 proceed to final ballot
2628,huggimi01,1948,BBWAA,121.0,91.0,4.0,N,Manager,
2629,huggimi01,1950,BBWAA,168.0,126.0,2.0,N,Manager,
2630,huggimi01,1953,Veterans,,,,N,Manager,
2631,huggimi01,1955,Veterans,,,,N,Manager,
2632,huggimi01,1957,Veterans,,,,N,Manager,
2633,huggimi01,1959,Veterans,,,,N,Manager,
2634,huggimi01,1961,Veterans,,,,N,Manager,Finalist
2635,huggimi01,1962,Veterans,,,,N,Manager,Preliminary poll
2636,huggimi01,1963,Veterans,,,,N,Manager,Group A - Holdover from 1962 ballot - two could be elected from Group A
2637,huggimi01,1964,Veterans,,,,Y,Manager,
2639,mackco01,1936,BBWAA,226.0,170.0,1.0,N,Player,
2640,mackco01,1937,Centennial,,,,Y,Manager,
2641,mackebi99,1978,Veterans,,,,N,Player,
2642,mackebi99,1979,Veterans,,,,N,Player,At least 1 vote
2643,mackebi99,1980,Veterans,,,,N,Player,
2644,mackebi99,1982,Veterans,,,,N,Player,
2645,mackebi99,1995,Veterans,,,,N,Player,
2646,mackebi99,2006,Negro League,,,,Y,Player,
2647,macphla99,1971,Veterans,,,,N,Executive,
2648,macphla99,1975,Veterans,,,,N,Executive,
2649,macphla99,1976,Veterans,,,,N,Executive,
2650,macphla99,1977,Veterans,,,,N,Executive,
2651,macphla99,1978,Veterans,,,,Y,Executive,
2652,macphle99,1997,Veterans,,,,N,Executive,Lost second ballot runoff to Lasorda
2653,macphle99,1998,Veterans,,,,Y,Executive,
2655,maddugr01,2014,BBWAA,571.0,429.0,555.0,Y,Player,
2680,manleef99,2006,Negro League,,,,Y,Executive,
2681,mantlmi01,1974,BBWAA,365.0,274.0,322.0,Y,Player,
2683,manushe01,1948,BBWAA,121.0,91.0,1.0,N,Player,
2684,manushe01,1949,BBWAA,153.0,115.0,1.0,N,Player,
2685,manushe01,1956,BBWAA,193.0,145.0,13.0,N,Player,
2686,manushe01,1958,BBWAA,266.0,200.0,22.0,N,Player,
2687,manushe01,1960,BBWAA,269.0,202.0,20.0,N,Player,
2688,manushe01,1962,BBWAA,160.0,120.0,15.0,N,Player,
2689,manushe01,1963,Veterans,,,,N,Player,Group B - Rule change removed from BBWAA ballot - two could be elected from Group B
2690,manushe01,1964,Veterans,,,,Y,Player,
2691,maranra01,1937,BBWAA,201.0,151.0,25.0,N,Player,
2692,maranra01,1938,BBWAA,262.0,197.0,73.0,N,Player,
2693,maranra01,1939,BBWAA,274.0,206.0,82.0,N,Player,
2694,maranra01,1942,BBWAA,233.0,175.0,66.0,N,Player,
2695,maranra01,1945,BBWAA,247.0,186.0,51.0,N,Player,
2696,maranra01,1946,Final Ballot,263.0,198.0,29.0,N,Player,
2697,maranra01,1946,Nominating Vote,202.0,,50.0,N,Player,Players in top 20 proceed to final ballot
2698,maranra01,1947,BBWAA,161.0,121.0,91.0,N,Player,
2699,maranra01,1948,BBWAA,121.0,91.0,38.0,N,Player,
2700,maranra01,1949,BBWAA,153.0,115.0,58.0,N,Player,
2701,maranra01,1949,Run Off,187.0,,39.0,N,Player,1st
2702,maranra01,1950,BBWAA,168.0,126.0,66.0,N,Player,
2703,maranra01,1951,BBWAA,226.0,170.0,110.0,N,Player,
2704,maranra01,1952,BBWAA,234.0,176.0,133.0,N,Player,
2705,maranra01,1953,BBWAA,264.0,198.0,164.0,N,Player,
2706,maranra01,1954,BBWAA,252.0,189.0,209.0,Y,Player,
2718,maricju01,1981,BBWAA,401.0,301.0,233.0,N,Player,
2719,maricju01,1982,BBWAA,415.0,312.0,305.0,N,Player,
2720,maricju01,1983,BBWAA,374.0,281.0,313.0,Y,Player,
2749,marisro01,1974,BBWAA,365.0,274.0,78.0,N,Player,
2750,marisro01,1975,BBWAA,362.0,272.0,70.0,N,Player,
2751,marisro01,1976,BBWAA,388.0,291.0,87.0,N,Player,
2752,marisro01,1977,BBWAA,383.0,288.0,82.0,N,Player,
2753,marisro01,1978,BBWAA,379.0,285.0,83.0,N,Player,
2754,marisro01,1979,BBWAA,432.0,324.0,127.0,N,Player,
2755,marisro01,1980,BBWAA,385.0,289.0,111.0,N,Player,
2756,marisro01,1981,BBWAA,401.0,301.0,94.0,N,Player,
2757,marisro01,1982,BBWAA,415.0,312.0,69.0,N,Player,
2758,marisro01,1983,BBWAA,374.0,281.0,69.0,N,Player,
2759,marisro01,1984,BBWAA,403.0,303.0,107.0,N,Player,
2760,marisro01,1985,BBWAA,395.0,297.0,128.0,N,Player,
2761,marisro01,1986,BBWAA,425.0,319.0,177.0,N,Player,
2762,marisro01,1987,BBWAA,413.0,310.0,176.0,N,Player,
2763,marisro01,1988,BBWAA,427.0,321.0,184.0,N,Player,
2764,marisro01,1994,Veterans,,,,N,Player,
2765,marisro01,1995,Veterans,,,,N,Player,
2766,marisro01,1996,Veterans,14.0,11.0,2.0,N,Player,
2767,marisro01,1998,Veterans,,,,N,Player,
2768,marisro01,2000,Veterans,,,,N,Player,
2769,marisro01,2003,Veterans - Players,81.0,61.0,18.0,N,Player,
2770,marisro01,2005,Veterans - Players,80.0,60.0,19.0,N,Player,
2771,marisro01,2007,Veterans - Players,84.0,62.0,15.0,N,Player,
2772,marisro01,2009,Veterans - 1943 and Later,,,,Y,Player,Preliminary poll
2773,marisro01,2022,Veterans - Golden Age Era,16.0,12.0,,N,Player,<4 votes
2774,marquru01,1936,BBWAA,226.0,170.0,1.0,N,Player,
2775,marquru01,1937,BBWAA,201.0,151.0,13.0,N,Player,
2776,marquru01,1938,BBWAA,262.0,197.0,10.0,N,Player,
2777,marquru01,1939,BBWAA,274.0,206.0,4.0,N,Player,
2778,marquru01,1946,Nominating Vote,202.0,,6.0,N,Player,Players in top 20 proceed to final ballot
2779,marquru01,1947,BBWAA,161.0,121.0,18.0,N,Player,
2780,marquru01,1948,BBWAA,121.0,91.0,6.0,N,Player,
2781,marquru01,1949,BBWAA,153.0,115.0,4.0,N,Player,
2782,marquru01,1951,BBWAA,226.0,170.0,3.0,N,Player,
2783,marquru01,1952,BBWAA,234.0,176.0,9.0,N,Player,
2784,marquru01,1953,BBWAA,264.0,198.0,19.0,N,Player,
2785,marquru01,1953,Veterans,,,,N,Player,
2786,marquru01,1954,BBWAA,252.0,189.0,15.0,N,Player,
2787,marquru01,1955,BBWAA,251.0,189.0,35.0,N,Player,
2788,marquru01,1955,Veterans,,,,N,Player,
2789,marquru01,1959,Veterans,,,,N,Player,
2790,marquru01,1961,Veterans,,,,N,Player,Finalist
2791,marquru01,1962,Veterans,,,,N,Player,Preliminary poll
2792,marquru01,1963,Veterans,,,,N,Player,Group A - Holdover from 1962 ballot - two could be elected from Group A
2793,marquru01,1964,Veterans,,,,N,Player,
2794,marquru01,1965,Veterans,,,,N,Player,
2795,marquru01,1968,Veterans,,,,N,Player,
2796,marquru01,1970,Veterans,,,,N,Player,
2797,marquru01,1971,Veterans,,,,Y,Player,
2812,martied01,2010,BBWAA,539.0,405.0,195.0,N,Player,
2813,martied01,2011,BBWAA,581.0,436.0,191.0,N,Player,
2814,martied01,2012,BBWAA,573.0,430.0,209.0,N,Player,
2815,martied01,2013,BBWAA,569.0,427.0,204.0,N,Player,
2816,martied01,2014,BBWAA,571.0,429.0,144.0,N,Player,
2817,martied01,2015,BBWAA,549.0,412.0,148.0,N,Player,
2818,martied01,2016,BBWAA,440.0,330.0,191.0,N,Player,
2819,martied01,2017,BBWAA,442.0,332.0,259.0,N,Player,
2820,martied01,2018,BBWAA,422.0,317.0,297.0,N,Player,
2821,martied01,2019,BBWAA,425.0,319.0,363.0,Y,Player,
2841,martipe02,2015,BBWAA,549.0,412.0,500.0,Y,Player,
2844,mathech01,1936,BBWAA,226.0,170.0,205.0,Y,Player,
2845,matheed01,1974,BBWAA,365.0,274.0,118.0,N,Player,
2846,matheed01,1975,BBWAA,362.0,272.0,148.0,N,Player,
2847,matheed01,1976,BBWAA,388.0,291.0,189.0,N,Player,
2848,matheed01,1977,BBWAA,383.0,288.0,239.0,N,Player,
2849,matheed01,1978,BBWAA,379.0,285.0,301.0,Y,Player,
2875,mauerjo01,2024,BBWAA,385.0,289.0,293.0,Y,Player,
2880,mayle01,1988,BBWAA,427.0,321.0,3.0,N,Player,
2881,mayle01,2005,Veterans - Players,,,,N,Player,Preliminary ballot (200 players)
2882,mayle01,2007,Veterans - Players,,,,N,Player,Preliminary ballot (200 players)
2883,mayle01,2009,Veterans - 1943 and Later,,,,Y,Player,Preliminary poll
2908,mayswi01,1979,BBWAA,432.0,324.0,409.0,Y,Player,
2909,mazerbi01,1978,BBWAA,379.0,285.0,23.0,N,Player,
2910,mazerbi01,1979,BBWAA,432.0,324.0,36.0,N,Player,
2911,mazerbi01,1980,BBWAA,385.0,289.0,33.0,N,Player,
2912,mazerbi01,1981,BBWAA,401.0,301.0,38.0,N,Player,
2913,mazerbi01,1982,BBWAA,415.0,312.0,28.0,N,Player,
2914,mazerbi01,1983,BBWAA,374.0,281.0,48.0,N,Player,
2915,mazerbi01,1984,BBWAA,403.0,303.0,74.0,N,Player,
2916,mazerbi01,1985,BBWAA,395.0,297.0,87.0,N,Player,
2917,mazerbi01,1986,BBWAA,425.0,319.0,100.0,N,Player,
2918,mazerbi01,1987,BBWAA,413.0,310.0,125.0,N,Player,
2919,mazerbi01,1988,BBWAA,427.0,321.0,143.0,N,Player,
2920,mazerbi01,1989,BBWAA,447.0,336.0,134.0,N,Player,
2921,mazerbi01,1990,BBWAA,444.0,333.0,131.0,N,Player,
2922,mazerbi01,1991,BBWAA,443.0,333.0,142.0,N,Player,
2923,mazerbi01,1992,BBWAA,430.0,323.0,182.0,N,Player,
2924,mazerbi01,1996,Veterans,14.0,11.0,5.0,N,Player,
2925,mazerbi01,1997,Veterans,,,,N,Player,
2926,mazerbi01,1998,Veterans,,,,N,Player,
2927,mazerbi01,1999,Veterans,,,,N,Player,
2928,mazerbi01,2000,Veterans,,,,N,Player,Missed by 1 vote
2929,mazerbi01,2001,Veterans,,,,Y,Player,
2935,hulbewi99,1976,Veterans,,,,N,Pioneer,
2936,hulbewi99,1978,Veterans,,,,N,Pioneer,
2937,hulbewi99,1980,Veterans,,,,N,Pioneer,
2938,hulbewi99,1982,Veterans,,,,N,Pioneer,
2939,hulbewi99,1983,Veterans,,,,N,Pioneer,
2940,hulbewi99,1985,Veterans,,,,N,Pioneer,
2941,hulbewi99,1988,Veterans,,,,N,Pioneer,
2942,hulbewi99,1992,Veterans,,,7.0,N,Pioneer,
2943,hulbewi99,1993,Veterans,,,,N,Pioneer,Came within one vote
2944,hulbewi99,1994,Veterans,,,,N,Pioneer,Close second to Durocher in the non-player category
2945,hulbewi99,1995,Veterans,,,,Y,Pioneer,
2947,hunteca01,1985,BBWAA,395.0,297.0,212.0,N,Player,
2948,hunteca01,1986,BBWAA,425.0,319.0,289.0,N,Player,
2949,hunteca01,1987,BBWAA,413.0,310.0,315.0,Y,Player,
2963,irvinmo01,1973,Negro League,,,,Y,Player,
2975,jacksre01,1993,BBWAA,423.0,318.0,396.0,Y,Player,
2977,jackstr01,1948,BBWAA,121.0,91.0,5.0,N,Player,
2978,jackstr01,1949,BBWAA,153.0,115.0,6.0,N,Player,
2979,jackstr01,1950,BBWAA,168.0,126.0,6.0,N,Player,
2980,jackstr01,1951,BBWAA,226.0,170.0,4.0,N,Player,
2981,jackstr01,1952,BBWAA,234.0,176.0,1.0,N,Player,
2982,jackstr01,1953,BBWAA,264.0,198.0,2.0,N,Player,
2983,jackstr01,1954,BBWAA,252.0,189.0,1.0,N,Player,
2984,jackstr01,1955,BBWAA,251.0,189.0,5.0,N,Player,
2985,jackstr01,1956,BBWAA,193.0,145.0,14.0,N,Player,
2986,jackstr01,1958,BBWAA,266.0,200.0,11.0,N,Player,
2987,jackstr01,1960,BBWAA,269.0,202.0,11.0,N,Player,
2988,jackstr01,1962,BBWAA,160.0,120.0,1.0,N,Player,
2989,jackstr01,1963,Veterans,,,,N,Player,Group B - Rule change removed from BBWAA ballot - two could be elected from Group B
2990,jackstr01,1978,Veterans,,,,N,Player,
2991,jackstr01,1980,Veterans,,,,N,Player,
2992,jackstr01,1981,Veterans,,,,N,Player,
2993,jackstr01,1982,Veterans,,,,Y,Player,
2998,jenkife01,1989,BBWAA,447.0,336.0,234.0,N,Player,
2999,jenkife01,1990,BBWAA,444.0,333.0,296.0,N,Player,
3000,jenkife01,1991,BBWAA,443.0,333.0,334.0,Y,Player,
3001,jennihu01,1936,Veterans,78.0,59.0,11.0,N,Player,
3002,jennihu01,1937,BBWAA,201.0,151.0,4.0,N,Player,
3003,jennihu01,1938,BBWAA,262.0,197.0,23.0,N,Player,
3004,jennihu01,1939,BBWAA,274.0,206.0,33.0,N,Player,
3005,jennihu01,1942,BBWAA,233.0,175.0,64.0,N,Player,
3006,jennihu01,1945,BBWAA,247.0,186.0,92.0,N,Player,
3007,jennihu01,1945,Old Timers,,,,Y,Player,
3017,jeterde01,2020,BBWAA,397.0,298.0,396.0,Y,Player,
3022,johnsba99,1937,Centennial,,,,Y,Pioneer/Executive,
3042,johnsju99,1975,Negro League,,,,Y,Player,
3043,johnsra05,2015,BBWAA,549.0,412.0,534.0,Y,Player,
3044,johnswa01,1936,BBWAA,226.0,170.0,189.0,Y,Player,
3071,jonesch06,2018,BBWAA,422.0,317.0,410.0,Y,Player,
3090,jossad01,1937,BBWAA,201.0,151.0,11.0,N,Player,
3091,jossad01,1938,BBWAA,262.0,197.0,18.0,N,Player,
3092,jossad01,1939,BBWAA,274.0,206.0,28.0,N,Player,
3093,jossad01,1942,BBWAA,233.0,175.0,33.0,N,Player,
3094,jossad01,1945,BBWAA,247.0,186.0,23.0,N,Player,
3095,jossad01,1946,Nominating Vote,202.0,,14.0,N,Player,Players in top 20 proceed to final ballot
3096,jossad01,1953,Veterans,,,,N,Player,
3097,jossad01,1955,Veterans,,,,N,Player,10-year rule adopted in 1956 temporarily precluded him after
3098,jossad01,1960,BBWAA,269.0,202.0,1.0,N,Player,
3099,jossad01,1978,Veterans,,,,Y,Player,Inducted after being given credit for 10th season with 1911 spring training
3118,kaatji01,1989,BBWAA,447.0,336.0,87.0,N,Player,
3119,kaatji01,1990,BBWAA,444.0,333.0,79.0,N,Player,
3120,kaatji01,1991,BBWAA,443.0,333.0,62.0,N,Player,
3121,kaatji01,1992,BBWAA,430.0,323.0,114.0,N,Player,
3122,kaatji01,1993,BBWAA,423.0,318.0,125.0,N,Player,
3123,kaatji01,1994,BBWAA,456.0,342.0,98.0,N,Player,
3124,kaatji01,1995,BBWAA,460.0,345.0,100.0,N,Player,
3125,kaatji01,1996,BBWAA,470.0,353.0,91.0,N,Player,
3126,kaatji01,1997,BBWAA,473.0,353.0,107.0,N,Player,
3127,kaatji01,1998,BBWAA,473.0,355.0,129.0,N,Player,
3128,kaatji01,1999,BBWAA,497.0,373.0,100.0,N,Player,
3129,kaatji01,2000,BBWAA,499.0,375.0,125.0,N,Player,
3130,kaatji01,2001,BBWAA,515.0,387.0,135.0,N,Player,
3131,kaatji01,2002,BBWAA,472.0,354.0,109.0,N,Player,
3132,kaatji01,2003,BBWAA,496.0,372.0,130.0,N,Player,
3133,kaatji01,2005,Veterans - Players,80.0,60.0,43.0,N,Player,
3134,kaatji01,2007,Veterans - Players,84.0,62.0,52.0,N,Player,
3135,kaatji01,2009,Veterans - 1943 and Later,64.0,48.0,38.0,N,Player,
3136,kaatji01,2012,Veterans - Golden Era,16.0,12.0,10.0,N,Player,
3137,kaatji01,2015,Veterans - Golden Era,16.0,12.0,10.0,N,Player,
3138,kaatji01,2022,Veterans - Golden Age Era,16.0,12.0,12.0,Y,Player,
3139,kalinal01,1980,BBWAA,385.0,289.0,340.0,Y,Player,
3151,keefeti01,1936,Veterans,78.0,59.0,1.0,N,Player,
3152,keefeti01,1953,Veterans,,,,N,Player,
3153,keefeti01,1955,Veterans,,,,N,Player,
3154,keefeti01,1957,Veterans,,,,N,Player,
3155,keefeti01,1959,Veterans,,,,N,Player,
3156,keefeti01,1961,Veterans,,,,N,Player,Finalist
3157,keefeti01,1962,Veterans,,,,N,Player,Preliminary poll
3158,keefeti01,1963,Veterans,,,,N,Player,Group A - Holdover from 1962 ballot - two could be elected from Group A
3159,keefeti01,1964,Veterans,,,,Y,Player,
3160,keelewi01,1936,BBWAA,226.0,170.0,40.0,N,Player,
3161,keelewi01,1936,Veterans,78.0,59.0,33.0,N,Player,
3162,keelewi01,1937,BBWAA,201.0,151.0,115.0,N,Player,
3163,keelewi01,1938,BBWAA,262.0,197.0,177.0,N,Player,
3164,keelewi01,1939,BBWAA,274.0,206.0,207.0,Y,Player,
3177,kellejo01,1939,BBWAA,274.0,206.0,1.0,N,Player,
3178,kellejo01,1942,BBWAA,233.0,175.0,1.0,N,Player,
3179,kellejo01,1953,Veterans,,,,N,Player,
3180,kellejo01,1955,Veterans,,,,N,Player,
3181,kellejo01,1961,Veterans,,,,N,Player,Finalist
3182,kellejo01,1962,Veterans,,,,N,Player,Preliminary poll
3183,kellejo01,1963,Veterans,,,,N,Player,Group A - Holdover from 1962 ballot - two could be elected from Group A
3184,kellejo01,1971,Veterans,,,,Y,Player,
3185,kellge01,1964,BBWAA,201.0,151.0,33.0,N,Player,
3186,kellge01,1964,Run Off,201.0,,8.0,N,Player,Player receiving most votes inducted
3187,kellge01,1966,BBWAA,302.0,227.0,29.0,N,Player,
3188,kellge01,1967,BBWAA,292.0,219.0,40.0,N,Player,
3189,kellge01,1967,Run Off,306.0,,11.0,N,Player,Player receiving most votes inducted
3190,kellge01,1968,BBWAA,283.0,213.0,47.0,N,Player,
3191,kellge01,1969,BBWAA,340.0,255.0,60.0,N,Player,
3192,kellge01,1970,BBWAA,300.0,225.0,90.0,N,Player,
3193,kellge01,1971,BBWAA,360.0,270.0,105.0,N,Player,
3194,kellge01,1972,BBWAA,396.0,297.0,115.0,N,Player,
3195,kellge01,1973,BBWAA,380.0,285.0,114.0,N,Player,
3196,kellge01,1974,BBWAA,365.0,274.0,94.0,N,Player,
3197,kellge01,1975,BBWAA,362.0,272.0,114.0,N,Player,
3198,kellge01,1976,BBWAA,388.0,291.0,129.0,N,Player,
3199,kellge01,1977,BBWAA,383.0,288.0,141.0,N,Player,
3200,kellge01,1983,Veterans,,,,Y,Player,
3201,kellyge01,1947,BBWAA,161.0,121.0,1.0,N,Player,
3202,kellyge01,1948,BBWAA,121.0,91.0,2.0,N,Player,
3203,kellyge01,1949,BBWAA,153.0,115.0,1.0,N,Player,
3204,kellyge01,1956,BBWAA,193.0,145.0,2.0,N,Player,
3205,kellyge01,1958,BBWAA,266.0,200.0,2.0,N,Player,
3206,kellyge01,1960,BBWAA,269.0,202.0,5.0,N,Player,
3207,kellyge01,1962,BBWAA,160.0,120.0,1.0,N,Player,
3208,kellyge01,1963,Veterans,,,,N,Player,Group B - Rule change removed from BBWAA ballot - two could be elected from Group B
3209,kellyge01,1971,Veterans,,,,N,Player,
3210,kellyge01,1973,Veterans,,,,Y,Player,
3215,kellyki01,1936,Veterans,78.0,59.0,15.0,N,Player,
3216,kellyki01,1945,Old Timers,,,,Y,Player,
3259,killeha01,1981,BBWAA,401.0,301.0,239.0,N,Player,
3260,killeha01,1982,BBWAA,415.0,312.0,246.0,N,Player,
3261,killeha01,1983,BBWAA,374.0,281.0,269.0,N,Player,
3262,killeha01,1984,BBWAA,403.0,303.0,335.0,Y,Player,
3265,kinerra01,1960,BBWAA,269.0,202.0,3.0,N,Player,
3266,kinerra01,1962,BBWAA,160.0,120.0,5.0,N,Player,
3267,kinerra01,1964,BBWAA,201.0,151.0,31.0,N,Player,
3268,kinerra01,1964,Run Off,201.0,,3.0,N,Player,Player receiving most votes inducted
3269,kinerra01,1966,BBWAA,302.0,227.0,74.0,N,Player,
3270,kinerra01,1967,BBWAA,292.0,219.0,124.0,N,Player,
3271,kinerra01,1967,Run Off,306.0,,41.0,N,Player,Player receiving most votes inducted
3272,kinerra01,1968,BBWAA,283.0,213.0,118.0,N,Player,
3273,kinerra01,1969,BBWAA,340.0,255.0,137.0,N,Player,
3274,kinerra01,1970,BBWAA,300.0,225.0,167.0,N,Player,
3275,kinerra01,1971,BBWAA,360.0,270.0,212.0,N,Player,
3276,kinerra01,1972,BBWAA,396.0,297.0,235.0,N,Player,
3277,kinerra01,1973,BBWAA,380.0,285.0,235.0,N,Player,
3278,kinerra01,1974,BBWAA,365.0,274.0,215.0,N,Player,
3279,kinerra01,1975,BBWAA,362.0,272.0,273.0,Y,Player,
3282,kleinch01,1948,BBWAA,121.0,91.0,3.0,N,Player,
3283,kleinch01,1949,BBWAA,153.0,115.0,9.0,N,Player,
3284,kleinch01,1950,BBWAA,168.0,126.0,14.0,N,Player,
3285,kleinch01,1951,BBWAA,226.0,170.0,15.0,N,Player,
3286,kleinch01,1952,BBWAA,234.0,176.0,19.0,N,Player,
3287,kleinch01,1954,BBWAA,252.0,189.0,11.0,N,Player,
3288,kleinch01,1955,BBWAA,251.0,189.0,25.0,N,Player,
3289,kleinch01,1956,BBWAA,193.0,145.0,44.0,N,Player,
3290,kleinch01,1958,BBWAA,266.0,200.0,36.0,N,Player,
3291,kleinch01,1960,BBWAA,269.0,202.0,37.0,N,Player,
3292,kleinch01,1962,BBWAA,160.0,120.0,18.0,N,Player,
3293,kleinch01,1964,BBWAA,201.0,151.0,56.0,N,Player,
3294,kleinch01,1964,Run Off,201.0,,18.0,N,Player,Player receiving most votes inducted
3295,kleinch01,1968,Veterans,,,,N,Player,
3296,kleinch01,1970,Veterans,,,,N,Player,
3297,kleinch01,1975,Veterans,,,,N,Player,
3298,kleinch01,1976,Veterans,,,,N,Player,
3299,kleinch01,1977,Veterans,,,,N,Player,
3300,kleinch01,1978,Veterans,,,,N,Player,
3301,kleinch01,1979,Veterans,,,,N,Player,At least 1 vote
3302,kleinch01,1980,Veterans,,,,Y,Player,
3303,klembi99,1953,Veterans,,,,Y,Umpire,
3322,kluszte01,1967,BBWAA,292.0,219.0,9.0,N,Player,
3323,kluszte01,1968,BBWAA,283.0,213.0,14.0,N,Player,
3324,kluszte01,1969,BBWAA,340.0,255.0,11.0,N,Player,
3325,kluszte01,1970,BBWAA,300.0,225.0,8.0,N,Player,
3326,kluszte01,1971,BBWAA,360.0,270.0,9.0,N,Player,
3327,kluszte01,1972,BBWAA,396.0,297.0,10.0,N,Player,
3328,kluszte01,1973,BBWAA,380.0,285.0,14.0,N,Player,
3329,kluszte01,1974,BBWAA,365.0,274.0,28.0,N,Player,
3330,kluszte01,1975,BBWAA,362.0,272.0,33.0,N,Player,
3331,kluszte01,1976,BBWAA,388.0,291.0,50.0,N,Player,
3332,kluszte01,1977,BBWAA,383.0,288.0,55.0,N,Player,
3333,kluszte01,1978,BBWAA,379.0,285.0,51.0,N,Player,
3334,kluszte01,1979,BBWAA,432.0,324.0,58.0,N,Player,
3335,kluszte01,1980,BBWAA,385.0,289.0,50.0,N,Player,
3336,kluszte01,1981,BBWAA,401.0,301.0,56.0,N,Player,
3337,kluszte01,2003,Veterans - Players,81.0,61.0,4.0,N,Player,
3338,kluszte01,2005,Veterans - Players,,,,N,Player,Preliminary ballot (200 players)
3339,kluszte01,2007,Veterans - Players,,,,N,Player,Preliminary ballot (200 players)
3340,kluszte01,2009,Veterans - 1943 and Later,,,,Y,Player,Preliminary poll
3351,koufasa01,1972,BBWAA,396.0,297.0,344.0,Y,Player,
3385,kuhnbo99,1997,Veterans,,,,N,Executive,Lost second ballot runoff to Lasorda
3386,kuhnbo99,1998,Veterans,,,,N,Executive,
3387,kuhnbo99,1999,Veterans,,,,N,Executive,
3388,kuhnbo99,2003,Veterans - Contributors,79.0,60.0,20.0,N,Executive,
3389,kuhnbo99,2007,Veterans - Contributors,81.0,61.0,14.0,,Executive,
3390,kuhnbo99,2008,Veterans - Executives,12.0,9.0,10.0,Y,Executive,
3393,lajoina01,1936,BBWAA,226.0,170.0,146.0,N,Player,
3394,lajoina01,1936,Veterans,78.0,59.0,2.0,N,Player,
3395,lajoina01,1937,BBWAA,201.0,151.0,168.0,Y,Player,
3396,landike99,1944,Old Timers,,,,Y,Pioneer/Executive,
3408,larkiba01,2010,BBWAA,539.0,405.0,278.0,N,Player,
3409,larkiba01,2011,BBWAA,581.0,436.0,361.0,N,Player,
3410,larkiba01,2012,BBWAA,573.0,430.0,495.0,Y,Player,
3426,larusto01,2014,Veterans - Expansion Era,16.0,12.0,16.0,Y,Manager,
3427,lasorto01,1997,Veterans,,,,Y,Manager,
3442,lazzeto01,1945,BBWAA,247.0,186.0,1.0,N,Player,
3443,lazzeto01,1947,BBWAA,161.0,121.0,1.0,N,Player,
3444,lazzeto01,1948,BBWAA,121.0,91.0,21.0,N,Player,
3445,lazzeto01,1949,BBWAA,153.0,115.0,20.0,N,Player,
3446,lazzeto01,1949,Run Off,187.0,,6.0,N,Player,1st
3447,lazzeto01,1950,BBWAA,168.0,126.0,21.0,N,Player,
3448,lazzeto01,1951,BBWAA,226.0,170.0,27.0,N,Player,
3449,lazzeto01,1952,BBWAA,234.0,176.0,29.0,N,Player,
3450,lazzeto01,1953,BBWAA,264.0,198.0,28.0,N,Player,
3451,lazzeto01,1954,BBWAA,252.0,189.0,30.0,N,Player,
3452,lazzeto01,1955,BBWAA,251.0,189.0,66.0,N,Player,
3453,lazzeto01,1956,BBWAA,193.0,145.0,64.0,N,Player,
3454,lazzeto01,1958,BBWAA,266.0,200.0,80.0,N,Player,
3455,lazzeto01,1960,BBWAA,269.0,202.0,59.0,N,Player,
3456,lazzeto01,1962,BBWAA,160.0,120.0,8.0,N,Player,
3457,lazzeto01,1963,Veterans,,,,N,Player,Group B - Rule change removed from BBWAA ballot - two could be elected from Group B
3458,lazzeto01,1964,Veterans,,,,N,Player,
3459,lazzeto01,1968,Veterans,,,,N,Player,
3460,lazzeto01,1977,Veterans,,,,N,Player,
3461,lazzeto01,1980,Veterans,,,,N,Player,
3462,lazzeto01,1982,Veterans,,,,N,Player,
3463,lazzeto01,1984,Veterans,,,,N,Player,
3464,lazzeto01,1985,Veterans,,,,N,Player,
3465,lazzeto01,1987,Veterans,,,,N,Player,
3466,lazzeto01,1988,Veterans,18.0,14.0,,N,Player,
3467,lazzeto01,1989,Veterans,,,,N,Player,
3468,lazzeto01,1990,Veterans,14.0,11.0,,N,Player,Made first cut - from initial list of 25
3469,lazzeto01,1991,Veterans,16.0,12.0,,Y,Player,
3488,lemonbo01,1964,BBWAA,201.0,151.0,24.0,N,Player,
3489,lemonbo01,1964,Run Off,201.0,,3.0,N,Player,Player receiving most votes inducted
3490,lemonbo01,1966,BBWAA,302.0,227.0,21.0,N,Player,
3491,lemonbo01,1967,BBWAA,292.0,219.0,35.0,N,Player,
3492,lemonbo01,1967,Run Off,306.0,,7.0,N,Player,Player receiving most votes inducted
3493,lemonbo01,1968,BBWAA,283.0,213.0,47.0,N,Player,
3494,lemonbo01,1969,BBWAA,340.0,255.0,56.0,N,Player,
3495,lemonbo01,1970,BBWAA,300.0,225.0,75.0,N,Player,
3496,lemonbo01,1971,BBWAA,360.0,270.0,90.0,N,Player,
3497,lemonbo01,1972,BBWAA,396.0,297.0,117.0,N,Player,
3498,lemonbo01,1973,BBWAA,380.0,285.0,177.0,N,Player,
3499,lemonbo01,1974,BBWAA,365.0,274.0,190.0,N,Player,
3500,lemonbo01,1975,BBWAA,362.0,272.0,233.0,N,Player,
3501,lemonbo01,1976,BBWAA,388.0,291.0,305.0,Y,Player,
3503,leonabu99,1972,Negro League,,,,Y,Player,
3532,leylaji99,2024,Contemporary Baseball Era Non-Players,16.0,12.0,15.0,Y,Manager,
3536,lindsfr01,1949,BBWAA,153.0,115.0,1.0,N,Player,
3537,lindsfr01,1956,BBWAA,193.0,145.0,3.0,N,Player,
3538,lindsfr01,1958,BBWAA,266.0,200.0,5.0,N,Player,
3539,lindsfr01,1960,BBWAA,269.0,202.0,6.0,N,Player,
3540,lindsfr01,1962,BBWAA,160.0,120.0,7.0,N,Player,
3541,lindsfr01,1963,Veterans,,,,N,Player,Group B - Rule change removed from BBWAA ballot - two could be elected from Group B
3542,lindsfr01,1974,Veterans,,,,N,Player,
3543,lindsfr01,1975,Veterans,,,,N,Player,
3544,lindsfr01,1976,Veterans,,,,Y,Player,
3546,lloydpo99,1977,Negro League,,,,Y,Player,
3555,lolicmi01,1985,BBWAA,395.0,297.0,78.0,N,Player,
3556,lolicmi01,1986,BBWAA,425.0,319.0,86.0,N,Player,
3557,lolicmi01,1987,BBWAA,413.0,310.0,84.0,N,Player,
3558,lolicmi01,1988,BBWAA,427.0,321.0,109.0,N,Player,
3559,lolicmi01,1989,BBWAA,447.0,336.0,47.0,N,Player,
3560,lolicmi01,1990,BBWAA,444.0,333.0,27.0,N,Player,
3561,lolicmi01,1991,BBWAA,443.0,333.0,33.0,N,Player,
3562,lolicmi01,1992,BBWAA,430.0,323.0,45.0,N,Player,
3563,lolicmi01,1993,BBWAA,423.0,318.0,43.0,N,Player,
3564,lolicmi01,1994,BBWAA,456.0,342.0,23.0,N,Player,
3565,lolicmi01,1995,BBWAA,460.0,345.0,26.0,N,Player,
3566,lolicmi01,1996,BBWAA,470.0,353.0,33.0,N,Player,
3567,lolicmi01,1997,BBWAA,473.0,353.0,34.0,N,Player,
3568,lolicmi01,1998,BBWAA,473.0,355.0,39.0,N,Player,
3569,lolicmi01,1999,BBWAA,497.0,373.0,26.0,N,Player,
3570,lolicmi01,2003,Veterans - Players,81.0,61.0,13.0,N,Player,
3571,lolicmi01,2005,Veterans - Players,80.0,60.0,9.0,N,Player,
3572,lolicmi01,2007,Veterans - Players,84.0,62.0,8.0,N,Player,
3573,lolicmi01,2009,Veterans - 1943 and Later,,,,Y,Player,Preliminary poll
3577,lombaer01,1950,BBWAA,168.0,126.0,3.0,N,Player,
3578,lombaer01,1951,BBWAA,226.0,170.0,3.0,N,Player,
3579,lombaer01,1956,BBWAA,193.0,145.0,8.0,N,Player,
3580,lombaer01,1958,BBWAA,266.0,200.0,4.0,N,Player,
3581,lombaer01,1960,BBWAA,269.0,202.0,6.0,N,Player,
3582,lombaer01,1962,BBWAA,160.0,120.0,5.0,N,Player,
3583,lombaer01,1964,BBWAA,201.0,151.0,33.0,N,Player,
3584,lombaer01,1964,Run Off,201.0,,9.0,N,Player,Player receiving most votes inducted
3585,lombaer01,1966,BBWAA,302.0,227.0,34.0,N,Player,
3586,lombaer01,1967,BBWAA,292.0,219.0,43.0,N,Player,
3587,lombaer01,1967,Run Off,306.0,,25.0,N,Player,Player receiving most votes inducted
3588,lombaer01,1968,Veterans,,,,N,Player,
3589,lombaer01,1973,Veterans,,,,N,Player,
3590,lombaer01,1974,Veterans,,,,N,Player,
3591,lombaer01,1975,Veterans,,,,N,Player,
3592,lombaer01,1976,Veterans,,,,N,Player,
3593,lombaer01,1977,Veterans,,,,N,Player,4 or 5 votes
3594,lombaer01,1981,Veterans,,,,N,Player,Nominated for one-time review at 1981 Veterans Committee meeting
3595,lombaer01,1984,Veterans,,,,N,Player,Runner-up
3596,lombaer01,1985,Veterans,,,,N,Player,
3597,lombaer01,1986,Veterans,,,,Y,Player,
3617,lopezal01,1949,BBWAA,153.0,115.0,1.0,N,Player,
3618,lopezal01,1952,BBWAA,234.0,176.0,2.0,N,Manager,
3619,lopezal01,1953,BBWAA,264.0,198.0,2.0,N,Manager,
3620,lopezal01,1956,BBWAA,193.0,145.0,1.0,N,Manager,
3621,lopezal01,1958,BBWAA,266.0,200.0,34.0,N,Manager,
3622,lopezal01,1960,BBWAA,269.0,202.0,26.0,N,Manager,
3623,lopezal01,1962,BBWAA,160.0,120.0,11.0,N,Manager,
3624,lopezal01,1964,BBWAA,201.0,151.0,57.0,N,Player,
3625,lopezal01,1964,Run Off,201.0,,34.0,N,Player,Player receiving most votes inducted
3626,lopezal01,1966,BBWAA,302.0,227.0,109.0,N,Manager,
3627,lopezal01,1967,BBWAA,292.0,219.0,114.0,N,Player,
3628,lopezal01,1967,Run Off,306.0,,50.0,N,Player,Player receiving most votes inducted
3629,lopezal01,1968,Veterans,,,,N,Manager,
3630,lopezal01,1974,Veterans,,,,N,Manager,
3631,lopezal01,1975,Veterans,,,,N,Manager,
3632,lopezal01,1976,Veterans,,,,N,Manager,
3633,lopezal01,1977,Veterans,,,,Y,Manager,
3675,lyonste01,1945,BBWAA,247.0,186.0,4.0,N,Player,
3676,lyonste01,1946,Nominating Vote,202.0,,3.0,N,Player,Players in top 20 proceed to final ballot
3677,lyonste01,1948,BBWAA,121.0,91.0,15.0,N,Player,
3678,lyonste01,1949,BBWAA,153.0,115.0,29.0,N,Player,
3679,lyonste01,1949,Run Off,187.0,,14.0,N,Player,1st
3680,lyonste01,1950,BBWAA,168.0,126.0,42.0,N,Player,
3681,lyonste01,1951,BBWAA,226.0,170.0,71.0,N,Player,
3682,lyonste01,1952,BBWAA,234.0,176.0,101.0,N,Player,
3683,lyonste01,1953,BBWAA,264.0,198.0,139.0,N,Player,
3684,lyonste01,1954,BBWAA,252.0,189.0,170.0,N,Player,
3685,lyonste01,1955,BBWAA,251.0,189.0,217.0,Y,Player,
3687,mccarjo99,1939,BBWAA,274.0,206.0,3.0,N,Manager,
3688,mccarjo99,1947,BBWAA,161.0,121.0,2.0,N,Manager,
3689,mccarjo99,1951,BBWAA,226.0,170.0,1.0,N,Manager,
3690,mccarjo99,1953,BBWAA,264.0,198.0,1.0,N,Manager,
3691,mccarjo99,1957,Veterans,,,,Y,Manager,
3692,mccarjo99,1958,BBWAA,266.0,200.0,2.0,N,Manager,
3697,mccarto01,1936,Veterans,78.0,59.0,1.0,N,Player,
3698,mccarto01,1946,Old Timers,,,,Y,Player,
3711,mccovwi01,1986,BBWAA,425.0,319.0,346.0,Y,Player,
3737,mcginjo01,1937,BBWAA,201.0,151.0,12.0,N,Player,
3738,mcginjo01,1938,BBWAA,262.0,197.0,36.0,N,Player,
3739,mcginjo01,1939,BBWAA,274.0,206.0,32.0,N,Player,
3740,mcginjo01,1942,BBWAA,233.0,175.0,59.0,N,Player,
3741,mcginjo01,1945,BBWAA,247.0,186.0,44.0,N,Player,
3742,mcginjo01,1946,Final Ballot,263.0,198.0,47.0,N,Player,
3743,mcginjo01,1946,Nominating Vote,202.0,,53.0,N,Player,Players in top 20 proceed to final ballot
3744,mcginjo01,1946,Old Timers,,,,Y,Player,
3746,mcgowbi99,1976,Veterans,,,,N,Umpire,
3747,mcgowbi99,1980,Veterans,,,,N,Umpire,
3748,mcgowbi99,1981,Veterans,,,,N,Umpire,
3749,mcgowbi99,1982,Veterans,,,,N,Umpire,
3750,mcgowbi99,1984,Veterans,,,,N,Umpire,
3751,mcgowbi99,1985,Veterans,,,,N,Umpire,
3752,mcgowbi99,1988,Veterans,,,,N,Umpire,
3753,mcgowbi99,1990,Veterans,16.0,12.0,,N,Umpire,Finalist
3754,mcgowbi99,1991,Veterans,17.0,13.0,12.0,N,Umpire,
3755,mcgowbi99,1992,Veterans,,,,Y,Umpire,
3756,mcgrajo01,1936,BBWAA,226.0,170.0,4.0,N,Player,
3757,mcgrajo01,1936,Veterans,78.0,59.0,17.0,N,Player,
3758,mcgrajo01,1937,BBWAA,201.0,151.0,5.0,N,Manager,
3759,mcgrajo01,1937,Veterans,,,,Y,Manager,
3763,mcgrifr01,2010,BBWAA,539.0,405.0,116.0,N,Player,
3764,mcgrifr01,2011,BBWAA,581.0,436.0,104.0,N,Player,
3765,mcgrifr01,2012,BBWAA,573.0,430.0,137.0,N,Player,
3766,mcgrifr01,2013,BBWAA,569.0,427.0,118.0,N,Player,
3767,mcgrifr01,2014,BBWAA,571.0,429.0,67.0,N,Player,
3768,mcgrifr01,2015,BBWAA,549.0,412.0,71.0,N,Player,
3769,mcgrifr01,2016,BBWAA,440.0,330.0,92.0,N,Player,
3770,mcgrifr01,2017,BBWAA,442.0,332.0,96.0,N,Player,
3771,mcgrifr01,2018,BBWAA,422.0,317.0,98.0,N,Player,
3772,mcgrifr01,2019,BBWAA,425.0,319.0,169.0,N,Player,
3773,mcgrifr01,2023,Contemporary Era,16.0,12.0,16.0,Y,Player,
3807,mckecbi01,1945,BBWAA,247.0,186.0,2.0,N,Manager,
3808,mckecbi01,1946,Nominating Vote,202.0,,2.0,N,Player,Players in top 20 proceed to final ballot
3809,mckecbi01,1950,BBWAA,168.0,126.0,1.0,N,Manager,
3810,mckecbi01,1951,BBWAA,226.0,170.0,8.0,N,Manager,
3811,mckecbi01,1961,Veterans,,,,N,Manager,Finalist
3812,mckecbi01,1962,Veterans,,,,Y,Manager,
3838,mcphebi01,1982,Veterans,,,,N,Player,
3839,mcphebi01,1992,Veterans,16.0,12.0,,N,Player,
3840,mcphebi01,1995,Veterans,,,,N,Player,
3841,mcphebi01,2000,Veterans,,,,Y,Player,
3847,medwijo01,1948,BBWAA,121.0,91.0,1.0,N,Player,
3848,medwijo01,1956,BBWAA,193.0,145.0,31.0,N,Player,
3849,medwijo01,1958,BBWAA,266.0,200.0,50.0,N,Player,
3850,medwijo01,1960,BBWAA,269.0,202.0,38.0,N,Player,
3851,medwijo01,1962,BBWAA,160.0,120.0,34.0,N,Player,
3852,medwijo01,1964,BBWAA,201.0,151.0,108.0,N,Player,
3853,medwijo01,1964,Run Off,201.0,,130.0,N,Player,Player receiving most votes inducted
3854,medwijo01,1966,BBWAA,302.0,227.0,187.0,N,Player,
3855,medwijo01,1967,BBWAA,292.0,219.0,212.0,N,Player,
3856,medwijo01,1967,Run Off,306.0,,248.0,N,Player,Player receiving most votes inducted
3857,medwijo01,1968,BBWAA,283.0,213.0,240.0,Y,Player,
3859,mendejo99,1982,Veterans,,,,N,Player,
3860,mendejo99,2006,Negro League,,,,Y,Player,
3909,millema99,2001,Veterans,,,,N,Executive,
3910,millema99,2003,Veterans - Contributors,79.0,60.0,35.0,N,Executive,
3911,millema99,2007,Veterans - Contributors,81.0,61.0,51.0,,Executive,
3912,millema99,2008,Veterans - Executives,12.0,9.0,3.0,N,Executive,
3913,millema99,2010,Veterans - Executives,16.0,12.0,7.0,N,Executive,
3914,millema99,2011,Veterans - Expansion Era,16.0,12.0,11.0,N,Executive,
3915,millema99,2014,Veterans - Expansion Era,16.0,12.0,,N,Executive,<6 votes
3916,millema99,2018,Veterans - Modern Baseball Era,16.0,12.0,7.0,N,Executive,
3917,millema99,2020,Veterans - Modern Baseball Era,16.0,12.0,12.0,Y,Executive,
3924,minosmi01,1969,BBWAA,340.0,255.0,6.0,N,Player,
3925,minosmi01,1986,BBWAA,425.0,319.0,89.0,N,Player,
3926,minosmi01,1987,BBWAA,413.0,310.0,82.0,N,Player,
3927,minosmi01,1988,BBWAA,427.0,321.0,90.0,N,Player,
3928,minosmi01,1989,BBWAA,447.0,336.0,59.0,N,Player,
3929,minosmi01,1990,BBWAA,444.0,333.0,51.0,N,Player,
3930,minosmi01,1991,BBWAA,443.0,333.0,38.0,N,Player,
3931,minosmi01,1992,BBWAA,430.0,323.0,69.0,N,Player,
3932,minosmi01,1993,BBWAA,423.0,318.0,67.0,N,Player,
3933,minosmi01,1994,BBWAA,456.0,342.0,45.0,N,Player,
3934,minosmi01,1995,BBWAA,460.0,345.0,66.0,N,Player,
3935,minosmi01,1996,BBWAA,470.0,353.0,62.0,N,Player,
3936,minosmi01,1997,BBWAA,473.0,353.0,84.0,N,Player,
3937,minosmi01,1998,BBWAA,473.0,355.0,76.0,N,Player,
3938,minosmi01,1999,BBWAA,497.0,373.0,73.0,N,Player,
3939,minosmi01,2003,Veterans - Players,81.0,61.0,16.0,N,Player,
3940,minosmi01,2005,Veterans - Players,80.0,60.0,12.0,N,Player,
3941,minosmi01,2006,Negro League,,,,N,Player,
3942,minosmi01,2007,Veterans - Players,84.0,62.0,12.0,N,Player,
3943,minosmi01,2009,Veterans - 1943 and Later,,,,Y,Player,Preliminary poll
3944,minosmi01,2012,Veterans - Golden Era,16.0,12.0,9.0,N,Player,
3945,minosmi01,2015,Veterans - Golden Era,16.0,12.0,8.0,N,Player,
3946,minosmi01,2022,Veterans - Golden Age Era,16.0,12.0,14.0,Y,Player,
3948,mizejo01,1960,BBWAA,269.0,202.0,45.0,N,Player,
3949,mizejo01,1962,BBWAA,160.0,120.0,14.0,N,Player,
3950,mizejo01,1964,BBWAA,201.0,151.0,54.0,N,Player,
3951,mizejo01,1964,Run Off,201.0,,12.0,N,Player,Player receiving most votes inducted
3952,mizejo01,1966,BBWAA,302.0,227.0,81.0,N,Player,
3953,mizejo01,1967,BBWAA,292.0,219.0,89.0,N,Player,
3954,mizejo01,1967,Run Off,306.0,,14.0,N,Player,Player receiving most votes inducted
3955,mizejo01,1968,BBWAA,283.0,213.0,103.0,N,Player,
3956,mizejo01,1969,BBWAA,340.0,255.0,116.0,N,Player,
3957,mizejo01,1970,BBWAA,300.0,225.0,126.0,N,Player,
3958,mizejo01,1971,BBWAA,360.0,270.0,157.0,N,Player,
3959,mizejo01,1972,BBWAA,396.0,297.0,157.0,N,Player,
3960,mizejo01,1973,BBWAA,380.0,285.0,157.0,N,Player,
3961,mizejo01,1979,Veterans,,,,N,Player,At least 1 vote
3962,mizejo01,1980,Veterans,,,,N,Player,Finished third in voting
3963,mizejo01,1981,Veterans,,,,Y,Player,
3964,molitpa01,2004,BBWAA,506.0,380.0,431.0,Y,Player,
3993,morgajo02,1990,BBWAA,444.0,333.0,363.0,Y,Player,
3996,morrija02,2000,BBWAA,499.0,375.0,111.0,N,Player,
3997,morrija02,2001,BBWAA,515.0,387.0,101.0,N,Player,
3998,morrija02,2002,BBWAA,472.0,354.0,97.0,N,Player,
3999,morrija02,2003,BBWAA,496.0,372.0,113.0,N,Player,
4000,morrija02,2004,BBWAA,506.0,380.0,133.0,N,Player,
4001,morrija02,2005,BBWAA,516.0,387.0,172.0,N,Player,
4002,morrija02,2006,BBWAA,520.0,390.0,214.0,N,Player,
4003,morrija02,2007,BBWAA,545.0,409.0,202.0,N,Player,
4004,morrija02,2008,BBWAA,543.0,408.0,233.0,N,Player,
4005,morrija02,2009,BBWAA,539.0,405.0,237.0,N,Player,
4006,morrija02,2010,BBWAA,539.0,405.0,282.0,N,Player,
4007,morrija02,2011,BBWAA,581.0,436.0,311.0,N,Player,
4008,morrija02,2012,BBWAA,573.0,430.0,382.0,N,Player,
4009,morrija02,2013,BBWAA,569.0,427.0,385.0,N,Player,
4010,morrija02,2014,BBWAA,571.0,429.0,351.0,N,Player,
4011,morrija02,2018,Veterans - Modern Baseball Era,16.0,12.0,14.0,Y,Player,
4045,munsoth01,1981,BBWAA,401.0,301.0,62.0,N,Player,
4046,munsoth01,1982,BBWAA,415.0,312.0,26.0,N,Player,
4047,munsoth01,1983,BBWAA,374.0,281.0,18.0,N,Player,
4048,munsoth01,1984,BBWAA,403.0,303.0,29.0,N,Player,
4049,munsoth01,1985,BBWAA,395.0,297.0,32.0,N,Player,
4050,munsoth01,1986,BBWAA,425.0,319.0,35.0,N,Player,
4051,munsoth01,1987,BBWAA,413.0,310.0,28.0,N,Player,
4052,munsoth01,1988,BBWAA,427.0,321.0,32.0,N,Player,
4053,munsoth01,1989,BBWAA,447.0,336.0,31.0,N,Player,
4054,munsoth01,1990,BBWAA,444.0,333.0,33.0,N,Player,
4055,munsoth01,1991,BBWAA,443.0,333.0,28.0,N,Player,
4056,munsoth01,1992,BBWAA,430.0,323.0,32.0,N,Player,
4057,munsoth01,1993,BBWAA,423.0,318.0,40.0,N,Player,
4058,munsoth01,1994,BBWAA,456.0,342.0,31.0,N,Player,
4059,munsoth01,1995,BBWAA,460.0,345.0,30.0,N,Player,
4060,munsoth01,2003,Veterans - Players,81.0,61.0,4.0,N,Player,
4061,munsoth01,2005,Veterans - Players,80.0,60.0,2.0,N,Player,
4062,munsoth01,2007,Veterans - Players,84.0,62.0,6.0,N,Player,
4063,munsoth01,2009,Veterans - 1943 and Later,,,,Y,Player,Preliminary poll
4064,munsoth01,2020,Veterans - Modern Baseball Era,16.0,12.0,,N,Player,<3 votes
4091,murraed02,2003,BBWAA,496.0,372.0,423.0,Y,Player,
4102,musiast01,1969,BBWAA,340.0,255.0,317.0,Y,Player,
4103,mussimi01,2014,BBWAA,571.0,429.0,116.0,N,Player,
4104,mussimi01,2015,BBWAA,549.0,412.0,135.0,N,Player,
4105,mussimi01,2016,BBWAA,440.0,330.0,189.0,N,Player,
4106,mussimi01,2017,BBWAA,442.0,332.0,229.0,N,Player,
4107,mussimi01,2018,BBWAA,422.0,317.0,268.0,N,Player,
4108,mussimi01,2019,BBWAA,425.0,319.0,326.0,Y,Player,
4155,newhoha01,1962,BBWAA,160.0,120.0,4.0,N,Player,
4156,newhoha01,1964,BBWAA,201.0,151.0,26.0,N,Player,
4157,newhoha01,1964,Run Off,201.0,,3.0,N,Player,Player receiving most votes inducted
4158,newhoha01,1966,BBWAA,302.0,227.0,32.0,N,Player,
4159,newhoha01,1967,BBWAA,292.0,219.0,62.0,N,Player,
4160,newhoha01,1967,Run Off,306.0,,13.0,N,Player,Player receiving most votes inducted
4161,newhoha01,1968,BBWAA,283.0,213.0,67.0,N,Player,
4162,roushed01,1937,BBWAA,201.0,151.0,10.0,N,Player,
4163,roushed01,1938,BBWAA,262.0,197.0,9.0,N,Player,
4164,roushed01,1939,BBWAA,274.0,206.0,8.0,N,Player,
4165,roushed01,1942,BBWAA,233.0,175.0,1.0,N,Player,
4166,roushed01,1945,BBWAA,247.0,186.0,5.0,N,Player,
4167,roushed01,1946,Nominating Vote,202.0,,11.0,N,Player,Players in top 20 proceed to final ballot
4168,roushed01,1947,BBWAA,161.0,121.0,25.0,N,Player,
4169,roushed01,1948,BBWAA,121.0,91.0,17.0,N,Player,
4170,roushed01,1949,BBWAA,153.0,115.0,14.0,N,Player,
4171,roushed01,1950,BBWAA,168.0,126.0,16.0,N,Player,
4172,roushed01,1951,BBWAA,226.0,170.0,21.0,N,Player,
4173,roushed01,1952,BBWAA,234.0,176.0,24.0,N,Player,
4174,roushed01,1953,BBWAA,264.0,198.0,32.0,N,Player,
4175,roushed01,1954,BBWAA,252.0,189.0,52.0,N,Player,
4176,roushed01,1955,BBWAA,251.0,189.0,97.0,N,Player,
4177,roushed01,1956,BBWAA,193.0,145.0,91.0,N,Player,
4178,roushed01,1958,BBWAA,266.0,200.0,112.0,N,Player,
4179,roushed01,1960,BBWAA,269.0,202.0,146.0,N,Player,
4180,roushed01,1962,Veterans,,,,Y,Player,
4212,ruffire01,1948,BBWAA,121.0,91.0,4.0,N,Player,
4213,ruffire01,1949,BBWAA,153.0,115.0,22.0,N,Player,
4214,ruffire01,1949,Run Off,187.0,,4.0,N,Player,1st
4215,ruffire01,1950,BBWAA,168.0,126.0,12.0,N,Player,
4216,ruffire01,1951,BBWAA,226.0,170.0,9.0,N,Player,
4217,ruffire01,1952,BBWAA,234.0,176.0,10.0,N,Player,
4218,ruffire01,1953,BBWAA,264.0,198.0,24.0,N,Player,
4219,ruffire01,1954,BBWAA,252.0,189.0,29.0,N,Player,
4220,ruffire01,1955,BBWAA,251.0,189.0,60.0,N,Player,
4221,ruffire01,1956,BBWAA,193.0,145.0,97.0,N,Player,
4222,ruffire01,1958,BBWAA,266.0,200.0,99.0,N,Player,
4223,ruffire01,1960,BBWAA,269.0,202.0,86.0,N,Player,
4224,ruffire01,1962,BBWAA,160.0,120.0,72.0,N,Player,
4225,ruffire01,1964,BBWAA,201.0,151.0,141.0,N,Player,
4226,ruffire01,1964,Run Off,201.0,,184.0,N,Player,Player receiving most votes inducted
4227,ruffire01,1966,BBWAA,302.0,227.0,208.0,N,Player,
4228,ruffire01,1967,BBWAA,292.0,219.0,212.0,N,Player,
4229,ruffire01,1967,Run Off,306.0,,266.0,Y,Player,Player receiving most votes inducted
4232,ruperja99,2007,Veterans - Contributors,,,,N,Executive,Preliminary ballot (60 contributors)
4233,ruperja99,2010,Veterans - Executives,16.0,12.0,7.0,N,Executive,
4234,ruperja99,2013,Veterans - Pre-Integration Era,16.0,12.0,15.0,Y,Executive,
4235,rusieam01,1936,Veterans,78.0,59.0,11.0,N,Player,
4236,rusieam01,1937,BBWAA,201.0,151.0,1.0,N,Player,
4237,rusieam01,1938,BBWAA,262.0,197.0,8.0,N,Player,
4238,rusieam01,1939,BBWAA,274.0,206.0,6.0,N,Player,
4239,rusieam01,1942,BBWAA,233.0,175.0,1.0,N,Player,
4240,rusieam01,1945,BBWAA,247.0,186.0,1.0,N,Player,
4241,rusieam01,1953,Veterans,,,,N,Player,
4242,rusieam01,1955,Veterans,,,,N,Player,
4243,rusieam01,1957,Veterans,,,,N,Player,
4244,rusieam01,1959,Veterans,,,,N,Player,
4245,rusieam01,1961,Veterans,,,,N,Player,Finalist
4246,rusieam01,1962,Veterans,,,,N,Player,Preliminary poll
4247,rusieam01,1963,Veterans,,,,N,Player,Group A - Holdover from 1962 ballot - two could be elected from Group A
4248,rusieam01,1964,Veterans,,,,N,Player,
4249,rusieam01,1968,Veterans,,,,N,Player,
4250,rusieam01,1974,Veterans,,,,N,Player,
4251,rusieam01,1975,Veterans,,,,N,Player,
4252,rusieam01,1976,Veterans,,,,N,Player,
4253,rusieam01,1977,Veterans,,,,Y,Player,
4256,ruthba01,1936,BBWAA,226.0,170.0,215.0,Y,Player,
4270,ryanno01,1999,BBWAA,497.0,373.0,491.0,Y,Player,
4292,sandbry01,2003,BBWAA,496.0,372.0,244.0,N,Player,
4293,sandbry01,2004,BBWAA,506.0,380.0,309.0,N,Player,
4294,sandbry01,2005,BBWAA,516.0,387.0,393.0,Y,Player,
4301,santolo99,1980,Veterans,,,,N,Player,
4302,santolo99,1982,Veterans,,,,N,Player,
4303,santolo99,1995,Veterans,,,,N,Player,
4304,santolo99,2006,Negro League,,,,Y,Player,
4305,santoro01,1980,BBWAA,385.0,289.0,15.0,N,Player,
4306,santoro01,1985,BBWAA,395.0,297.0,53.0,N,Player,
4307,santoro01,1986,BBWAA,425.0,319.0,64.0,N,Player,
4308,santoro01,1987,BBWAA,413.0,310.0,78.0,N,Player,
4309,santoro01,1988,BBWAA,427.0,321.0,108.0,N,Player,
4310,santoro01,1989,BBWAA,447.0,336.0,75.0,N,Player,
4311,santoro01,1990,BBWAA,444.0,333.0,96.0,N,Player,
4312,santoro01,1991,BBWAA,443.0,333.0,116.0,N,Player,
4313,santoro01,1992,BBWAA,430.0,323.0,136.0,N,Player,
4314,santoro01,1993,BBWAA,423.0,318.0,155.0,N,Player,
4315,santoro01,1994,BBWAA,456.0,342.0,150.0,N,Player,
4316,santoro01,1995,BBWAA,460.0,345.0,139.0,N,Player,
4317,santoro01,1996,BBWAA,470.0,353.0,174.0,N,Player,
4318,santoro01,1997,BBWAA,473.0,353.0,186.0,N,Player,
4319,santoro01,1998,BBWAA,473.0,355.0,204.0,N,Player,
4320,santoro01,2003,Veterans - Players,81.0,61.0,46.0,N,Player,
4321,santoro01,2005,Veterans - Players,80.0,60.0,52.0,N,Player,
4322,santoro01,2007,Veterans - Players,84.0,62.0,57.0,N,Player,
4323,santoro01,2009,Veterans - 1943 and Later,64.0,48.0,39.0,N,Player,
4324,santoro01,2012,Veterans - Golden Era,16.0,12.0,15.0,Y,Player,
4338,schalra01,1936,BBWAA,226.0,170.0,4.0,N,Player,
4339,schalra01,1937,BBWAA,201.0,151.0,24.0,N,Player,
4340,schalra01,1938,BBWAA,262.0,197.0,45.0,N,Player,
4341,schalra01,1939,BBWAA,274.0,206.0,35.0,N,Player,
4342,schalra01,1942,BBWAA,233.0,175.0,53.0,N,Player,
4343,schalra01,1945,BBWAA,247.0,186.0,33.0,N,Player,
4344,schalra01,1946,Nominating Vote,202.0,,36.0,N,Player,Players in top 20 proceed to final ballot
4345,schalra01,1947,BBWAA,161.0,121.0,50.0,N,Player,
4346,schalra01,1948,BBWAA,121.0,91.0,22.0,N,Player,
4347,schalra01,1949,BBWAA,153.0,115.0,24.0,N,Player,
4348,schalra01,1949,Run Off,187.0,,17.0,N,Player,1st
4349,schalra01,1950,BBWAA,168.0,126.0,16.0,N,Player,
4350,schalra01,1951,BBWAA,226.0,170.0,37.0,N,Player,
4351,schalra01,1952,BBWAA,234.0,176.0,44.0,N,Player,
4352,schalra01,1953,BBWAA,264.0,198.0,52.0,N,Player,
4353,schalra01,1954,BBWAA,252.0,189.0,54.0,N,Player,
4354,schalra01,1955,BBWAA,251.0,189.0,113.0,N,Player,
4355,schalra01,1955,Veterans,,,,Y,Player,
4376,schmimi01,1995,BBWAA,460.0,345.0,444.0,Y,Player,
4377,schoere01,1969,BBWAA,340.0,255.0,65.0,N,Player,
4378,schoere01,1970,BBWAA,300.0,225.0,97.0,N,Player,
4379,schoere01,1971,BBWAA,360.0,270.0,123.0,N,Player,
4380,schoere01,1972,BBWAA,396.0,297.0,104.0,N,Player,
4381,schoere01,1973,BBWAA,380.0,285.0,96.0,N,Player,
4382,schoere01,1974,BBWAA,365.0,274.0,110.0,N,Player,
4383,schoere01,1975,BBWAA,362.0,272.0,94.0,N,Player,
4384,schoere01,1976,BBWAA,388.0,291.0,129.0,N,Player,
4385,schoere01,1977,BBWAA,383.0,288.0,105.0,N,Player,
4386,schoere01,1978,BBWAA,379.0,285.0,130.0,N,Player,
4387,schoere01,1979,BBWAA,432.0,324.0,159.0,N,Player,
4388,schoere01,1980,BBWAA,385.0,289.0,164.0,N,Player,
4389,schoere01,1981,BBWAA,401.0,301.0,166.0,N,Player,
4390,schoere01,1982,BBWAA,415.0,312.0,135.0,N,Player,
4391,schoere01,1983,BBWAA,374.0,281.0,146.0,N,Player,
4392,schoere01,1987,Veterans,,,,N,Player,
4393,schoere01,1988,Veterans,18.0,14.0,,N,Player,
4394,schoere01,1989,Veterans,,,,Y,Player,
4408,schurjo99,2017,Veterans - Today's Game Era,16.0,12.0,16.0,Y,Executive,
4433,seaveto01,1992,BBWAA,430.0,323.0,425.0,Y,Player,
4437,seleefr99,1953,Veterans,,,,N,Manager,
4438,seleefr99,1955,Veterans,,,,N,Manager,
4439,seleefr99,1957,Veterans,,,,N,Manager,
4440,seleefr99,1959,Veterans,,,,N,Manager,
4441,seleefr99,1995,Veterans,,,,N,Manager,
4442,seleefr99,1999,Veterans,,,,Y,Manager,
4443,seligbu99,2017,Veterans - Today's Game Era,16.0,12.0,15.0,Y,Executive,
4452,seweljo01,1937,BBWAA,201.0,151.0,1.0,N,Player,
4453,seweljo01,1948,BBWAA,121.0,91.0,1.0,N,Player,
4454,seweljo01,1954,BBWAA,252.0,189.0,1.0,N,Player,
4455,seweljo01,1955,BBWAA,251.0,189.0,1.0,N,Player,
4456,seweljo01,1956,BBWAA,193.0,145.0,3.0,N,Player,
4457,seweljo01,1958,BBWAA,266.0,200.0,1.0,N,Player,
4458,seweljo01,1960,BBWAA,269.0,202.0,23.0,N,Player,
4459,seweljo01,1963,Veterans,,,,N,Player,Group B - Rule change removed from BBWAA ballot - two could be elected from Group B
4460,seweljo01,1964,Veterans,,,,N,Player,
4461,seweljo01,1971,Veterans,,,,N,Player,
4462,seweljo01,1975,Veterans,,,,N,Player,
4463,seweljo01,1976,Veterans,,,,N,Player,
4464,seweljo01,1977,Veterans,,,,Y,Player,
4469,newhoha01,1969,BBWAA,340.0,255.0,82.0,N,Player,
4470,newhoha01,1970,BBWAA,300.0,225.0,80.0,N,Player,
4471,newhoha01,1971,BBWAA,360.0,270.0,94.0,N,Player,
4472,newhoha01,1972,BBWAA,396.0,297.0,92.0,N,Player,
4473,newhoha01,1973,BBWAA,380.0,285.0,79.0,N,Player,
4474,newhoha01,1974,BBWAA,365.0,274.0,73.0,N,Player,
4475,newhoha01,1975,BBWAA,362.0,272.0,155.0,N,Player,
4476,newhoha01,1981,Veterans,,,,N,Player,
4477,newhoha01,1982,Veterans,,,,N,Player,
4478,newhoha01,1984,Veterans,,,,N,Player,
4479,newhoha01,1985,Veterans,,,,N,Player,
4480,newhoha01,1988,Veterans,18.0,14.0,,N,Player,
4481,newhoha01,1989,Veterans,,,,N,Player,
4482,newhoha01,1990,Veterans,14.0,11.0,,N,Player,Made first cut - from initial list of 25
4483,newhoha01,1991,Veterans,16.0,12.0,,N,Player,
4484,newhoha01,1992,Veterans,16.0,12.0,,Y,Player,
4502,nichoki01,1936,Veterans,78.0,59.0,3.0,N,Player,
4503,nichoki01,1938,BBWAA,262.0,197.0,3.0,N,Player,
4504,nichoki01,1939,BBWAA,274.0,206.0,7.0,N,Player,
4505,nichoki01,1942,BBWAA,233.0,175.0,5.0,N,Player,
4506,nichoki01,1945,BBWAA,247.0,186.0,5.0,N,Player,
4507,nichoki01,1946,Nominating Vote,202.0,,1.0,N,Player,Players in top 20 proceed to final ballot
4508,nichoki01,1949,Old Timers,,,,Y,Player,
4510,niekrph01,1993,BBWAA,423.0,318.0,278.0,N,Player,
4511,niekrph01,1994,BBWAA,456.0,342.0,273.0,N,Player,
4512,niekrph01,1995,BBWAA,460.0,345.0,286.0,N,Player,
4513,niekrph01,1996,BBWAA,470.0,353.0,321.0,N,Player,
4514,niekrph01,1997,BBWAA,473.0,353.0,380.0,Y,Player,
4521,odayha01,1953,Veterans,,,,N,Umpire,
4522,odayha01,1976,Veterans,,,,N,Umpire,
4523,odayha01,1980,Veterans,,,,N,Umpire,
4524,odayha01,1982,Veterans,,,,N,Umpire,
4525,odayha01,1995,Veterans,,,,N,Umpire,
4526,odayha01,2003,Veterans - Contributors,,,,N,Umpire,Preliminary ballot (60 contributors)
4527,odayha01,2007,Veterans - Contributors,,,,N,Umpire,Preliminary ballot (60 contributors)
4528,odayha01,2008,Veterans - Managers and Umpires,16.0,12.0,4.0,N,Umpire,
4529,odayha01,2010,Veterans - Managers and Umpires,16.0,12.0,8.0,N,Umpire,
4530,odayha01,2013,Veterans - Pre-Integration Era,16.0,12.0,15.0,Y,Umpire,
4566,olivato01,1982,BBWAA,415.0,312.0,63.0,N,Player,
4567,olivato01,1983,BBWAA,374.0,281.0,75.0,N,Player,
4568,olivato01,1984,BBWAA,403.0,303.0,124.0,N,Player,
4569,olivato01,1985,BBWAA,395.0,297.0,114.0,N,Player,
4570,olivato01,1986,BBWAA,425.0,319.0,154.0,N,Player,
4571,olivato01,1987,BBWAA,413.0,310.0,160.0,N,Player,
4572,olivato01,1988,BBWAA,427.0,321.0,202.0,N,Player,
4573,olivato01,1989,BBWAA,447.0,336.0,135.0,N,Player,
4574,olivato01,1990,BBWAA,444.0,333.0,142.0,N,Player,
4575,olivato01,1991,BBWAA,443.0,333.0,160.0,N,Player,
4576,olivato01,1992,BBWAA,430.0,323.0,175.0,N,Player,
4577,olivato01,1993,BBWAA,423.0,318.0,157.0,N,Player,
4578,olivato01,1994,BBWAA,456.0,342.0,158.0,N,Player,
4579,olivato01,1995,BBWAA,460.0,345.0,149.0,N,Player,
4580,olivato01,1996,BBWAA,470.0,353.0,170.0,N,Player,
4581,olivato01,2000,Veterans,,,,N,Player,
4582,olivato01,2001,Veterans,,,,N,Player,
4583,olivato01,2003,Veterans - Players,81.0,61.0,48.0,N,Player,
4584,olivato01,2005,Veterans - Players,80.0,60.0,45.0,N,Player,
4585,olivato01,2007,Veterans - Players,84.0,62.0,47.0,N,Player,
4586,olivato01,2009,Veterans - 1943 and Later,64.0,48.0,33.0,N,Player,
4587,olivato01,2012,Veterans - Golden Era,16.0,12.0,8.0,N,Player,
4588,olivato01,2015,Veterans - Golden Era,16.0,12.0,11.0,N,Player,
4589,olivato01,2022,Veterans - Golden Age Era,16.0,12.0,12.0,Y,Player,
4597,omallwa99,1980,Veterans,,,,N,Executive,
4598,omallwa99,1981,Veterans,,,,N,Executive,
4599,omallwa99,1982,Veterans,,,,N,Executive,
4600,omallwa99,1983,Veterans,,,,N,Executive,
4601,omallwa99,1984,Veterans,,,2.0,N,Executive,
4602,omallwa99,1985,Veterans,,,,N,Executive,
4603,omallwa99,1988,Veterans,,,,N,Executive,
4604,omallwa99,1989,Veterans,17.0,13.0,,N,Executive,
4605,omallwa99,1997,Veterans,,,,N,Executive,
4606,omallwa99,1998,Veterans,,,,N,Executive,
4607,omallwa99,2001,Veterans,,,,N,Executive,
4608,omallwa99,2003,Veterans - Contributors,79.0,60.0,38.0,N,Executive,
4609,omallwa99,2007,Veterans - Contributors,81.0,61.0,36.0,,Executive,
4610,omallwa99,2008,Veterans - Executives,12.0,9.0,9.0,Y,Executive,
4612,oneilbu01,2006,Negro League,,,,N,Player,
4613,oneilbu01,2022,Veterans - Early Baseball Era,16.0,12.0,13.0,Y,Executive,
4628,orourji01,1945,Old Timers,,,,Y,Player,
4629,ortizda01,2022,BBWAA,394.0,296.0,307.0,Y,Player,
4638,ottme01,1949,BBWAA,153.0,115.0,94.0,N,Player,
4639,ottme01,1949,Run Off,187.0,,128.0,N,Player,1st
4640,ottme01,1950,BBWAA,168.0,126.0,115.0,N,Player,
4641,ottme01,1951,BBWAA,226.0,170.0,197.0,Y,Player,
4652,paigesa01,1951,BBWAA,226.0,170.0,1.0,N,Player,
4653,paigesa01,1971,Negro League,,,,Y,Player,
4656,palmeji01,1990,BBWAA,444.0,333.0,411.0,Y,Player,
4715,pennohe01,1937,BBWAA,201.0,151.0,15.0,N,Player,
4716,pennohe01,1938,BBWAA,262.0,197.0,37.0,N,Player,
4717,pennohe01,1939,BBWAA,274.0,206.0,40.0,N,Player,
4718,pennohe01,1942,BBWAA,233.0,175.0,72.0,N,Player,
4719,pennohe01,1945,BBWAA,247.0,186.0,45.0,N,Player,
4720,pennohe01,1946,Final Ballot,263.0,198.0,16.0,N,Player,
4721,pennohe01,1946,Nominating Vote,202.0,,41.0,N,Player,Players in top 20 proceed to final ballot
4722,pennohe01,1947,BBWAA,161.0,121.0,86.0,N,Player,
4723,pennohe01,1948,BBWAA,121.0,91.0,94.0,Y,Player,
4730,perezto01,1992,BBWAA,430.0,323.0,215.0,N,Player,
4731,perezto01,1993,BBWAA,423.0,318.0,233.0,N,Player,
4732,perezto01,1994,BBWAA,456.0,342.0,263.0,N,Player,
4733,perezto01,1995,BBWAA,460.0,345.0,259.0,N,Player,
4734,perezto01,1996,BBWAA,470.0,353.0,309.0,N,Player,
4735,perezto01,1997,BBWAA,473.0,353.0,312.0,N,Player,
4736,perezto01,1998,BBWAA,473.0,355.0,321.0,N,Player,
4737,perezto01,1999,BBWAA,497.0,373.0,302.0,N,Player,
4738,perezto01,2000,BBWAA,499.0,375.0,385.0,Y,Player,
4745,perryga01,1989,BBWAA,447.0,336.0,304.0,N,Player,
4746,perryga01,1990,BBWAA,444.0,333.0,320.0,N,Player,
4747,perryga01,1991,BBWAA,443.0,333.0,342.0,Y,Player,
4780,piazzmi01,2013,BBWAA,569.0,427.0,329.0,N,Player,
4781,piazzmi01,2014,BBWAA,571.0,429.0,355.0,N,Player,
4782,piazzmi01,2015,BBWAA,549.0,412.0,384.0,N,Player,
4783,piazzmi01,2016,BBWAA,440.0,330.0,365.0,Y,Player,
4830,planked01,1937,BBWAA,201.0,151.0,23.0,N,Player,
4831,planked01,1938,BBWAA,262.0,197.0,38.0,N,Player,
4832,planked01,1939,BBWAA,274.0,206.0,28.0,N,Player,
4833,planked01,1942,BBWAA,233.0,175.0,63.0,N,Player,
4834,planked01,1945,BBWAA,247.0,186.0,33.0,N,Player,
4835,planked01,1946,Nominating Vote,202.0,,34.0,N,Player,Players in top 20 proceed to final ballot
4836,planked01,1946,Old Timers,,,,Y,Player,
4847,pompeal99,2006,Negro League,,,,Y,Executive,
4851,poseycu99,2006,Negro League,,,,Y,Executive,
4866,puckeki01,2001,BBWAA,515.0,387.0,423.0,Y,Player,
4881,radboch01,1936,Veterans,78.0,59.0,16.0,N,Player,
4882,radboch01,1939,Old Timers,,,,Y,Player,
4885,raineti01,2008,BBWAA,543.0,408.0,132.0,N,Player,
4886,raineti01,2009,BBWAA,539.0,405.0,122.0,N,Player,
4887,raineti01,2010,BBWAA,539.0,405.0,164.0,N,Player,
4888,raineti01,2011,BBWAA,581.0,436.0,218.0,N,Player,
4889,raineti01,2012,BBWAA,573.0,430.0,279.0,N,Player,
4890,raineti01,2013,BBWAA,569.0,427.0,297.0,N,Player,
4891,raineti01,2014,BBWAA,571.0,429.0,263.0,N,Player,
4892,raineti01,2015,BBWAA,549.0,412.0,302.0,N,Player,
4893,raineti01,2016,BBWAA,440.0,330.0,307.0,N,Player,
4894,raineti01,2017,BBWAA,442.0,332.0,380.0,Y,Player,
4943,reesepe01,1964,BBWAA,201.0,151.0,73.0,N,Player,
4944,reesepe01,1964,Run Off,201.0,,47.0,N,Player,Player receiving most votes inducted
4945,reesepe01,1966,BBWAA,302.0,227.0,95.0,N,Player,
4946,reesepe01,1967,BBWAA,292.0,219.0,89.0,N,Player,
4947,reesepe01,1967,Run Off,306.0,,16.0,N,Player,Player receiving most votes inducted
4948,reesepe01,1968,BBWAA,283.0,213.0,81.0,N,Player,
4949,reesepe01,1969,BBWAA,340.0,255.0,89.0,N,Player,
4950,reesepe01,1970,BBWAA,300.0,225.0,97.0,N,Player,
4951,reesepe01,1971,BBWAA,360.0,270.0,127.0,N,Player,
4952,reesepe01,1972,BBWAA,396.0,297.0,129.0,N,Player,
4953,reesepe01,1973,BBWAA,380.0,285.0,126.0,N,Player,
4954,reesepe01,1974,BBWAA,365.0,274.0,141.0,N,Player,
4955,reesepe01,1975,BBWAA,362.0,272.0,154.0,N,Player,
4956,reesepe01,1976,BBWAA,388.0,291.0,186.0,N,Player,
4957,reesepe01,1977,BBWAA,383.0,288.0,163.0,N,Player,
4958,reesepe01,1978,BBWAA,379.0,285.0,169.0,N,Player,
4959,reesepe01,1984,Veterans,,,,Y,Player,
5011,riceji01,1995,BBWAA,460.0,345.0,137.0,N,Player,
5012,riceji01,1996,BBWAA,470.0,353.0,166.0,N,Player,
5013,riceji01,1997,BBWAA,473.0,353.0,178.0,N,Player,
5014,riceji01,1998,BBWAA,473.0,355.0,203.0,N,Player,
5015,riceji01,1999,BBWAA,497.0,373.0,146.0,N,Player,
5016,riceji01,2000,BBWAA,499.0,375.0,257.0,N,Player,
5017,riceji01,2001,BBWAA,515.0,387.0,298.0,N,Player,
5018,riceji01,2002,BBWAA,472.0,354.0,260.0,N,Player,
5019,riceji01,2003,BBWAA,496.0,372.0,259.0,N,Player,
5020,riceji01,2004,BBWAA,506.0,380.0,276.0,N,Player,
5021,riceji01,2005,BBWAA,516.0,387.0,307.0,N,Player,
5022,riceji01,2006,BBWAA,520.0,390.0,337.0,N,Player,
5023,riceji01,2007,BBWAA,545.0,409.0,346.0,N,Player,
5024,riceji01,2008,BBWAA,543.0,408.0,392.0,N,Player,
5025,riceji01,2009,BBWAA,539.0,405.0,412.0,Y,Player,
5026,ricesa01,1938,BBWAA,262.0,197.0,1.0,N,Player,
5027,ricesa01,1948,BBWAA,121.0,91.0,1.0,N,Player,
5028,ricesa01,1949,BBWAA,153.0,115.0,3.0,N,Player,
5029,ricesa01,1950,BBWAA,168.0,126.0,1.0,N,Player,
5030,ricesa01,1951,BBWAA,226.0,170.0,1.0,N,Player,
5031,ricesa01,1952,BBWAA,234.0,176.0,1.0,N,Player,
5032,ricesa01,1953,BBWAA,264.0,198.0,3.0,N,Player,
5033,ricesa01,1954,BBWAA,252.0,189.0,9.0,N,Player,
5034,ricesa01,1955,BBWAA,251.0,189.0,28.0,N,Player,
5035,ricesa01,1956,BBWAA,193.0,145.0,45.0,N,Player,
5036,ricesa01,1958,BBWAA,266.0,200.0,90.0,N,Player,
5037,ricesa01,1960,BBWAA,269.0,202.0,143.0,N,Player,
5038,ricesa01,1962,BBWAA,160.0,120.0,81.0,N,Player,
5039,ricesa01,1963,Veterans,,,,Y,Player,Group B - Rule change removed from BBWAA ballot - two could be elected from Group B
5050,rickebr01,1942,BBWAA,233.0,175.0,3.0,N,Pioneer/Executive,
5051,rickebr01,1945,BBWAA,247.0,186.0,2.0,N,Pioneer/Executive,
5052,rickebr01,1967,Veterans,12.0,9.0,12.0,Y,Executive,Inducted by unanimous vote from 12-man committee
5063,ripkeca01,2007,BBWAA,545.0,409.0,537.0,Y,Player,
5065,riverma01,2019,BBWAA,425.0,319.0,425.0,Y,Player,
5068,rixeyep01,1937,BBWAA,201.0,151.0,1.0,N,Player,
5069,rixeyep01,1938,BBWAA,262.0,197.0,2.0,N,Player,
5070,rixeyep01,1945,BBWAA,247.0,186.0,1.0,N,Player,
5071,rixeyep01,1947,BBWAA,161.0,121.0,2.0,N,Player,
5072,rixeyep01,1948,BBWAA,121.0,91.0,5.0,N,Player,
5073,rixeyep01,1949,BBWAA,153.0,115.0,4.0,N,Player,
5074,rixeyep01,1950,BBWAA,168.0,126.0,6.0,N,Player,
5075,rixeyep01,1951,BBWAA,226.0,170.0,5.0,N,Player,
5076,rixeyep01,1952,BBWAA,234.0,176.0,3.0,N,Player,
5077,rixeyep01,1953,BBWAA,264.0,198.0,3.0,N,Player,
5078,rixeyep01,1954,BBWAA,252.0,189.0,5.0,N,Player,
5079,rixeyep01,1955,BBWAA,251.0,189.0,8.0,N,Player,
5080,rixeyep01,1956,BBWAA,193.0,145.0,27.0,N,Player,
5081,rixeyep01,1958,BBWAA,266.0,200.0,32.0,N,Player,
5082,rixeyep01,1960,BBWAA,269.0,202.0,142.0,N,Player,
5083,rixeyep01,1962,BBWAA,160.0,120.0,49.0,N,Player,
5084,rixeyep01,1963,Veterans,,,,Y,Player,Group B - Rule change removed from BBWAA ballot - two could be elected from Group B
5085,rizzuph01,1956,BBWAA,193.0,145.0,1.0,N,Player,
5086,rizzuph01,1962,BBWAA,160.0,120.0,44.0,N,Player,
5087,rizzuph01,1964,BBWAA,201.0,151.0,45.0,N,Player,
5088,rizzuph01,1964,Run Off,201.0,,11.0,N,Player,Player receiving most votes inducted
5089,rizzuph01,1966,BBWAA,302.0,227.0,54.0,N,Player,
5090,rizzuph01,1967,BBWAA,292.0,219.0,71.0,N,Player,
5091,rizzuph01,1967,Run Off,306.0,,14.0,N,Player,Player receiving most votes inducted
5092,rizzuph01,1968,BBWAA,283.0,213.0,74.0,N,Player,
5093,rizzuph01,1969,BBWAA,340.0,255.0,78.0,N,Player,
5094,rizzuph01,1970,BBWAA,300.0,225.0,79.0,N,Player,
5095,rizzuph01,1971,BBWAA,360.0,270.0,92.0,N,Player,
5096,rizzuph01,1972,BBWAA,396.0,297.0,103.0,N,Player,
5097,rizzuph01,1973,BBWAA,380.0,285.0,111.0,N,Player,
5098,rizzuph01,1974,BBWAA,365.0,274.0,111.0,N,Player,
5099,rizzuph01,1975,BBWAA,362.0,272.0,117.0,N,Player,
5100,rizzuph01,1976,BBWAA,388.0,291.0,149.0,N,Player,
5101,rizzuph01,1982,Veterans,,,,N,Player,
5102,rizzuph01,1983,Veterans,,,,N,Player,
5103,rizzuph01,1984,Veterans,,,2.0,N,Player,
5104,rizzuph01,1985,Veterans,,,4.0,N,Player,
5105,rizzuph01,1986,Veterans,,,,N,Player,
5106,rizzuph01,1987,Veterans,,,,N,Player,6 votes on first ballot - faded on second
5107,rizzuph01,1988,Veterans,18.0,14.0,,N,Player,
5108,rizzuph01,1989,Veterans,,,,N,Player,
5109,rizzuph01,1990,Veterans,14.0,11.0,,N,Player,Made first cut - from initial list of 25
5110,rizzuph01,1991,Veterans,16.0,12.0,,N,Player,
5111,rizzuph01,1992,Veterans,16.0,12.0,,N,Player,
5112,rizzuph01,1993,Veterans,16.0,12.0,,N,Player,Among the top three vote-getters
5113,rizzuph01,1994,Veterans,,,,Y,Player,
5116,roberro01,1973,BBWAA,380.0,285.0,213.0,N,Player,
5117,roberro01,1974,BBWAA,365.0,274.0,224.0,N,Player,
5118,roberro01,1975,BBWAA,362.0,272.0,263.0,N,Player,
5119,roberro01,1976,BBWAA,388.0,291.0,337.0,Y,Player,
5121,robinbr01,1983,BBWAA,374.0,281.0,344.0,Y,Player,
5122,robinfr02,1982,BBWAA,415.0,312.0,370.0,Y,Player,
5123,robinja02,1962,BBWAA,160.0,120.0,124.0,Y,Player,
5124,robinwi01,1936,Veterans,78.0,59.0,6.0,N,Player,
5125,robinwi01,1937,BBWAA,201.0,151.0,5.0,N,Manager,
5126,robinwi01,1938,BBWAA,262.0,197.0,17.0,N,Manager,
5127,robinwi01,1939,BBWAA,274.0,206.0,46.0,N,Manager,
5128,robinwi01,1942,BBWAA,233.0,175.0,89.0,N,Manager,
5129,robinwi01,1945,BBWAA,247.0,186.0,81.0,N,Manager,
5130,robinwi01,1945,Old Timers,,,,Y,Manager,
5136,rodriiv01,2017,BBWAA,442.0,332.0,336.0,Y,Player,
5143,roganbu99,1982,Veterans,,,,N,Player,
5144,roganbu99,1991,Veterans,16.0,12.0,,N,Player,
5145,roganbu99,1995,Veterans,,,,N,Player,
5146,roganbu99,1996,Veterans,14.0,11.0,,N,Player,
5147,roganbu99,1998,Veterans,,,,Y,Player,
5152,rolensc01,2018,BBWAA,422.0,317.0,43.0,N,Player,
5153,rolensc01,2019,BBWAA,425.0,319.0,73.0,N,Player,
5154,rolensc01,2020,BBWAA,397.0,298.0,140.0,N,Player,
5155,rolensc01,2021,BBWAA,401.0,301.0,212.0,N,Player,
5156,rolensc01,2022,BBWAA,394.0,296.0,249.0,N,Player,
5157,rolensc01,2023,BBWAA,389.0,292.0,297.0,Y,Player,
5197,roushed01,1936,BBWAA,226.0,170.0,2.0,N,Player,
5268,simmoal01,1936,BBWAA,226.0,170.0,4.0,N,Player,
5269,simmoal01,1946,Nominating Vote,202.0,,1.0,N,Player,Players in top 20 proceed to final ballot
5270,simmoal01,1947,BBWAA,161.0,121.0,6.0,N,Player,
5271,simmoal01,1948,BBWAA,121.0,91.0,60.0,N,Player,
5272,simmoal01,1949,BBWAA,153.0,115.0,89.0,N,Player,
5273,simmoal01,1949,Run Off,187.0,,76.0,N,Player,1st
5274,simmoal01,1950,BBWAA,168.0,126.0,90.0,N,Player,
5275,simmoal01,1951,BBWAA,226.0,170.0,116.0,N,Player,
5276,simmoal01,1952,BBWAA,234.0,176.0,141.0,N,Player,
5277,simmoal01,1953,BBWAA,264.0,198.0,199.0,Y,Player,
5283,simmote01,1994,BBWAA,456.0,342.0,17.0,N,Player,
5284,simmote01,2011,Veterans - Expansion Era,16.0,12.0,,N,Player,<8 votes
5285,simmote01,2014,Veterans - Expansion Era,16.0,12.0,,N,Player,<6 votes
5286,simmote01,2018,Veterans - Modern Baseball Era,16.0,12.0,11.0,N,Player,
5287,simmote01,2020,Veterans - Modern Baseball Era,16.0,12.0,13.0,Y,Player,
5292,sislege01,1936,BBWAA,226.0,170.0,77.0,N,Player,
5293,sislege01,1937,BBWAA,201.0,151.0,106.0,N,Player,
5294,sislege01,1938,BBWAA,262.0,197.0,179.0,N,Player,
5295,sislege01,1939,BBWAA,274.0,206.0,235.0,Y,Player,
5297,slaugen01,1966,BBWAA,302.0,227.0,100.0,N,Player,
5298,slaugen01,1967,BBWAA,292.0,219.0,123.0,N,Player,
5299,slaugen01,1967,Run Off,306.0,,48.0,N,Player,Player receiving most votes inducted
5300,slaugen01,1968,BBWAA,283.0,213.0,129.0,N,Player,
5301,slaugen01,1969,BBWAA,340.0,255.0,128.0,N,Player,
5302,slaugen01,1970,BBWAA,300.0,225.0,133.0,N,Player,
5303,slaugen01,1971,BBWAA,360.0,270.0,165.0,N,Player,
5304,slaugen01,1972,BBWAA,396.0,297.0,149.0,N,Player,
5305,slaugen01,1973,BBWAA,380.0,285.0,145.0,N,Player,
5306,slaugen01,1974,BBWAA,365.0,274.0,145.0,N,Player,
5307,slaugen01,1975,BBWAA,362.0,272.0,177.0,N,Player,
5308,slaugen01,1976,BBWAA,388.0,291.0,197.0,N,Player,
5309,slaugen01,1977,BBWAA,383.0,288.0,222.0,N,Player,
5310,slaugen01,1978,BBWAA,379.0,285.0,261.0,N,Player,
5311,slaugen01,1979,BBWAA,432.0,324.0,297.0,N,Player,
5312,slaugen01,1984,Veterans,,,,N,Player,Close behind runner-up
5313,slaugen01,1985,Veterans,,,,Y,Player,
5318,smithhi99,1980,Veterans,,,,N,Player,
5319,smithhi99,1982,Veterans,,,,N,Player,
5320,smithhi99,1991,Veterans,16.0,12.0,,N,Player,
5321,smithhi99,2001,Veterans,,,,Y,Player,
5322,smithle02,2003,BBWAA,496.0,372.0,210.0,N,Player,
5323,smithle02,2004,BBWAA,506.0,380.0,185.0,N,Player,
5324,smithle02,2005,BBWAA,516.0,387.0,200.0,N,Player,
5325,smithle02,2006,BBWAA,520.0,390.0,234.0,N,Player,
5326,smithle02,2007,BBWAA,545.0,409.0,217.0,N,Player,
5327,smithle02,2008,BBWAA,543.0,408.0,235.0,N,Player,
5328,smithle02,2009,BBWAA,539.0,405.0,240.0,N,Player,
5329,smithle02,2010,BBWAA,539.0,405.0,255.0,N,Player,
5330,smithle02,2011,BBWAA,581.0,436.0,263.0,N,Player,
5331,smithle02,2012,BBWAA,573.0,430.0,290.0,N,Player,
5332,smithle02,2013,BBWAA,569.0,427.0,272.0,N,Player,
5333,smithle02,2014,BBWAA,571.0,429.0,171.0,N,Player,
5334,smithle02,2015,BBWAA,549.0,412.0,166.0,N,Player,
5335,smithle02,2016,BBWAA,440.0,330.0,150.0,N,Player,
5336,smithle02,2017,BBWAA,442.0,332.0,151.0,N,Player,
5337,smithle02,2019,Veterans - Today's Game Era,16.0,12.0,16.0,Y,Player,
5339,smithoz01,2002,BBWAA,472.0,354.0,433.0,Y,Player,
5344,smoltjo01,2015,BBWAA,549.0,412.0,455.0,Y,Player,
5345,snidedu01,1970,BBWAA,300.0,225.0,51.0,N,Player,
5346,snidedu01,1971,BBWAA,360.0,270.0,89.0,N,Player,
5347,snidedu01,1972,BBWAA,396.0,297.0,84.0,N,Player,
5348,snidedu01,1973,BBWAA,380.0,285.0,101.0,N,Player,
5349,snidedu01,1974,BBWAA,365.0,274.0,111.0,N,Player,
5350,snidedu01,1975,BBWAA,362.0,272.0,129.0,N,Player,
5351,snidedu01,1976,BBWAA,388.0,291.0,159.0,N,Player,
5352,snidedu01,1977,BBWAA,383.0,288.0,212.0,N,Player,
5353,snidedu01,1978,BBWAA,379.0,285.0,254.0,N,Player,
5354,snidedu01,1979,BBWAA,432.0,324.0,308.0,N,Player,
5355,snidedu01,1980,BBWAA,385.0,289.0,333.0,Y,Player,
5371,southbi01,1945,BBWAA,247.0,186.0,1.0,N,Player,
5372,southbi01,1946,Nominating Vote,202.0,,1.0,N,Player,Players in top 20 proceed to final ballot
5373,southbi01,1949,BBWAA,153.0,115.0,7.0,N,Player,
5374,southbi01,1950,BBWAA,168.0,126.0,1.0,N,Player,
5375,southbi01,1951,BBWAA,226.0,170.0,4.0,N,Player,
5376,southbi01,1952,BBWAA,234.0,176.0,1.0,N,Player,
5377,southbi01,1953,BBWAA,264.0,198.0,2.0,N,Player,
5378,southbi01,1958,BBWAA,266.0,200.0,18.0,N,Player,
5379,southbi01,1992,Veterans,,,,N,Manager,
5380,southbi01,1996,Veterans,14.0,11.0,,N,Manager,
5381,southbi01,2003,Veterans - Contributors,,,,N,Manager,Preliminary ballot (60 contributors)
5382,southbi01,2007,Veterans - Contributors,,,,N,Manager,Preliminary ballot (60 contributors)
5383,southbi01,2008,Veterans - Managers and Umpires,16.0,12.0,13.0,Y,Manager,
5384,spahnwa01,1958,BBWAA,266.0,200.0,1.0,N,Player,
5385,spahnwa01,1973,BBWAA,380.0,285.0,316.0,Y,Player,
5386,spaldal01,1936,Veterans,78.0,59.0,4.0,N,Player,
5387,spaldal01,1939,Old Timers,,,,Y,Pioneer/Executive,
5389,speaktr01,1936,BBWAA,226.0,170.0,133.0,N,Player,
5390,speaktr01,1937,BBWAA,201.0,151.0,165.0,Y,Player,
5402,stargwi01,1988,BBWAA,427.0,321.0,352.0,Y,Player,
5413,steartu99,1980,Veterans,,,,N,Player,
5414,steartu99,1982,Veterans,,,,N,Player,
5415,steartu99,1991,Veterans,16.0,12.0,,N,Player,
5416,steartu99,1995,Veterans,,,,N,Player,
5417,steartu99,2000,Veterans,,,,Y,Player,
5426,stengca01,1938,BBWAA,262.0,197.0,2.0,N,Manager,
5427,stengca01,1939,BBWAA,274.0,206.0,6.0,N,Manager,
5428,stengca01,1945,BBWAA,247.0,186.0,2.0,N,Manager,
5429,stengca01,1948,BBWAA,121.0,91.0,1.0,N,Manager,
5430,stengca01,1949,BBWAA,153.0,115.0,3.0,N,Player,
5431,stengca01,1950,BBWAA,168.0,126.0,3.0,N,Manager,
5432,stengca01,1951,BBWAA,226.0,170.0,8.0,N,Manager,
5433,stengca01,1952,BBWAA,234.0,176.0,27.0,N,Manager,
5434,stengca01,1953,BBWAA,264.0,198.0,61.0,N,Manager,
5435,stengca01,1966,Veterans,,,,Y,Manager,Inducted in special election
5497,suttebr01,1994,BBWAA,456.0,342.0,109.0,N,Player,
5498,suttebr01,1995,BBWAA,460.0,345.0,137.0,N,Player,
5499,suttebr01,1996,BBWAA,470.0,353.0,137.0,N,Player,
5500,suttebr01,1997,BBWAA,473.0,353.0,130.0,N,Player,
5501,suttebr01,1998,BBWAA,473.0,355.0,147.0,N,Player,
5502,suttebr01,1999,BBWAA,497.0,373.0,121.0,N,Player,
5503,suttebr01,2000,BBWAA,499.0,375.0,192.0,N,Player,
5504,suttebr01,2001,BBWAA,515.0,387.0,245.0,N,Player,
5505,suttebr01,2002,BBWAA,472.0,354.0,238.0,N,Player,
5506,suttebr01,2003,BBWAA,496.0,372.0,266.0,N,Player,
5507,suttebr01,2004,BBWAA,506.0,380.0,301.0,N,Player,
5508,suttebr01,2005,BBWAA,516.0,387.0,344.0,N,Player,
5509,suttebr01,2006,BBWAA,520.0,390.0,400.0,Y,Player,
5510,suttlmu99,1982,Veterans,,,,N,Player,
5511,suttlmu99,2006,Negro League,,,,Y,Player,
5512,suttodo01,1994,BBWAA,456.0,342.0,259.0,N,Player,
5513,suttodo01,1995,BBWAA,460.0,345.0,264.0,N,Player,
5514,suttodo01,1996,BBWAA,470.0,353.0,300.0,N,Player,
5515,suttodo01,1997,BBWAA,473.0,353.0,346.0,N,Player,
5516,suttodo01,1998,BBWAA,473.0,355.0,386.0,Y,Player,
5533,taylobe99,2006,Negro League,,,,Y,Player,
5568,terrybi01,1936,BBWAA,226.0,170.0,9.0,N,Player,
5569,terrybi01,1938,BBWAA,262.0,197.0,7.0,N,Player,
5570,terrybi01,1939,BBWAA,274.0,206.0,16.0,N,Player,
5571,terrybi01,1942,BBWAA,233.0,175.0,36.0,N,Player,
5572,terrybi01,1945,BBWAA,247.0,186.0,32.0,N,Player,
5573,terrybi01,1946,Nominating Vote,202.0,,31.0,N,Player,Players in top 20 proceed to final ballot
5574,terrybi01,1947,BBWAA,161.0,121.0,46.0,N,Player,
5575,terrybi01,1948,BBWAA,121.0,91.0,52.0,N,Player,
5576,terrybi01,1949,BBWAA,153.0,115.0,81.0,N,Player,
5577,terrybi01,1949,Run Off,187.0,,48.0,N,Player,1st
5578,terrybi01,1950,BBWAA,168.0,126.0,105.0,N,Player,
5579,terrybi01,1951,BBWAA,226.0,170.0,148.0,N,Player,
5580,terrybi01,1952,BBWAA,234.0,176.0,155.0,N,Player,
5581,terrybi01,1953,BBWAA,264.0,198.0,191.0,N,Player,
5582,terrybi01,1954,BBWAA,252.0,189.0,195.0,Y,Player,
5587,thomafr04,2014,BBWAA,571.0,429.0,478.0,Y,Player,
5590,thomeji01,2018,BBWAA,422.0,317.0,379.0,Y,Player,
5592,thompsa01,1953,Veterans,,,,N,Player,
5593,thompsa01,1955,Veterans,,,,N,Player,
5594,thompsa01,1957,Veterans,,,,N,Player,
5595,thompsa01,1959,Veterans,,,,N,Player,
5596,thompsa01,1961,Veterans,,,,N,Player,Finalist
5597,thompsa01,1962,Veterans,,,,N,Player,Preliminary poll
5598,thompsa01,1963,Veterans,,,,N,Player,Group A - Holdover from 1962 ballot - two could be elected from Group A
5599,thompsa01,1964,Veterans,,,,N,Player,
5600,thompsa01,1974,Veterans,,,,Y,Player,
5646,tinkejo01,1937,BBWAA,201.0,151.0,15.0,N,Player,
5647,tinkejo01,1938,BBWAA,262.0,197.0,16.0,N,Player,
5648,tinkejo01,1939,BBWAA,274.0,206.0,12.0,N,Player,
5649,tinkejo01,1942,BBWAA,233.0,175.0,36.0,N,Player,
5650,tinkejo01,1945,BBWAA,247.0,186.0,49.0,N,Player,
5651,tinkejo01,1946,Final Ballot,263.0,198.0,45.0,N,Player,
5652,tinkejo01,1946,Nominating Vote,202.0,,55.0,N,Player,Players in top 20 proceed to final ballot
5653,tinkejo01,1946,Old Timers,,,,Y,Player,
5666,torrejo01,1983,BBWAA,374.0,281.0,20.0,N,Player,
5667,torrejo01,1984,BBWAA,403.0,303.0,45.0,N,Player,
5668,torrejo01,1985,BBWAA,395.0,297.0,44.0,N,Player,
5669,torrejo01,1986,BBWAA,425.0,319.0,60.0,N,Player,
5670,torrejo01,1987,BBWAA,413.0,310.0,47.0,N,Player,
5671,torrejo01,1988,BBWAA,427.0,321.0,60.0,N,Player,
5672,torrejo01,1989,BBWAA,447.0,336.0,40.0,N,Player,
5673,torrejo01,1990,BBWAA,444.0,333.0,55.0,N,Player,
5674,torrejo01,1991,BBWAA,443.0,333.0,41.0,N,Player,
5675,torrejo01,1992,BBWAA,430.0,323.0,62.0,N,Player,
5676,torrejo01,1993,BBWAA,423.0,318.0,63.0,N,Player,
5677,torrejo01,1994,BBWAA,456.0,342.0,53.0,N,Player,
5678,torrejo01,1995,BBWAA,460.0,345.0,50.0,N,Player,
5679,torrejo01,1996,BBWAA,470.0,353.0,50.0,N,Player,
5680,torrejo01,1997,BBWAA,473.0,353.0,105.0,N,Player,
5681,torrejo01,2003,Veterans - Players,81.0,61.0,29.0,N,Player,
5682,torrejo01,2005,Veterans - Players,80.0,60.0,36.0,N,Player,
5683,torrejo01,2007,Veterans - Players,84.0,62.0,26.0,N,Player,
5684,torrejo01,2009,Veterans - 1943 and Later,64.0,48.0,19.0,N,Player,
5685,torrejo01,2014,Veterans - Expansion Era,16.0,12.0,16.0,Y,Manager,
5687,torricr99,1982,Veterans,,,,N,Player,
5688,torricr99,2006,Negro League,,,,Y,Player,
5690,trammal01,2002,BBWAA,472.0,354.0,74.0,N,Player,
5691,trammal01,2003,BBWAA,496.0,372.0,70.0,N,Player,
5692,trammal01,2004,BBWAA,506.0,380.0,70.0,N,Player,
5693,trammal01,2005,BBWAA,516.0,387.0,87.0,N,Player,
5694,trammal01,2006,BBWAA,520.0,390.0,92.0,N,Player,
5695,trammal01,2007,BBWAA,545.0,409.0,73.0,N,Player,
5696,trammal01,2008,BBWAA,543.0,408.0,99.0,N,Player,
5697,trammal01,2009,BBWAA,539.0,405.0,94.0,N,Player,
5698,trammal01,2010,BBWAA,539.0,405.0,121.0,N,Player,
5699,trammal01,2011,BBWAA,581.0,436.0,141.0,N,Player,
5700,trammal01,2012,BBWAA,573.0,430.0,211.0,N,Player,
5701,trammal01,2013,BBWAA,569.0,427.0,191.0,N,Player,
5702,trammal01,2014,BBWAA,571.0,429.0,119.0,N,Player,
5703,trammal01,2015,BBWAA,549.0,412.0,138.0,N,Player,
5704,trammal01,2016,BBWAA,440.0,330.0,180.0,N,Player,
5705,trammal01,2018,Veterans - Modern Baseball Era,16.0,12.0,13.0,Y,Player,
5716,traynpi01,1936,BBWAA,226.0,170.0,16.0,N,Player,
5717,traynpi01,1938,BBWAA,262.0,197.0,3.0,N,Player,
5718,traynpi01,1939,BBWAA,274.0,206.0,10.0,N,Player,
5719,traynpi01,1942,BBWAA,233.0,175.0,45.0,N,Player,
5720,traynpi01,1945,BBWAA,247.0,186.0,81.0,N,Player,
5721,traynpi01,1946,Final Ballot,263.0,198.0,53.0,N,Player,
5722,traynpi01,1946,Nominating Vote,202.0,,65.0,N,Player,Players in top 20 proceed to final ballot
5723,traynpi01,1947,BBWAA,161.0,121.0,119.0,N,Player,
5724,traynpi01,1948,BBWAA,121.0,91.0,93.0,Y,Player,
5747,vanceda01,1936,BBWAA,226.0,170.0,1.0,N,Player,
5748,vanceda01,1937,BBWAA,201.0,151.0,10.0,N,Player,
5749,vanceda01,1938,BBWAA,262.0,197.0,10.0,N,Player,
5750,vanceda01,1939,BBWAA,274.0,206.0,15.0,N,Player,
5751,vanceda01,1942,BBWAA,233.0,175.0,37.0,N,Player,
5752,vanceda01,1945,BBWAA,247.0,186.0,18.0,N,Player,
5753,vanceda01,1946,Nominating Vote,202.0,,31.0,N,Player,Players in top 20 proceed to final ballot
5754,vanceda01,1947,BBWAA,161.0,121.0,50.0,N,Player,
5755,vanceda01,1948,BBWAA,121.0,91.0,23.0,N,Player,
5756,vanceda01,1949,BBWAA,153.0,115.0,33.0,N,Player,
5757,vanceda01,1949,Run Off,187.0,,15.0,N,Player,1st
5758,vanceda01,1950,BBWAA,168.0,126.0,52.0,N,Player,
5759,vanceda01,1951,BBWAA,226.0,170.0,70.0,N,Player,
5760,vanceda01,1952,BBWAA,234.0,176.0,105.0,N,Player,
5761,vanceda01,1953,BBWAA,264.0,198.0,150.0,N,Player,
5762,vanceda01,1954,BBWAA,252.0,189.0,158.0,N,Player,
5763,vanceda01,1955,BBWAA,251.0,189.0,205.0,Y,Player,
5798,vaughar01,1953,BBWAA,264.0,198.0,1.0,N,Player,
5799,vaughar01,1954,BBWAA,252.0,189.0,2.0,N,Player,
5800,vaughar01,1955,BBWAA,251.0,189.0,4.0,N,Player,
5801,vaughar01,1956,BBWAA,193.0,145.0,9.0,N,Player,
5802,vaughar01,1958,BBWAA,266.0,200.0,6.0,N,Player,
5803,vaughar01,1960,BBWAA,269.0,202.0,10.0,N,Player,
5804,vaughar01,1962,BBWAA,160.0,120.0,6.0,N,Player,
5805,vaughar01,1964,BBWAA,201.0,151.0,17.0,N,Player,
5806,vaughar01,1964,Run Off,201.0,,6.0,N,Player,Player receiving most votes inducted
5807,vaughar01,1966,BBWAA,302.0,227.0,36.0,N,Player,
5808,vaughar01,1967,BBWAA,292.0,219.0,46.0,N,Player,
5809,vaughar01,1967,Run Off,306.0,,19.0,N,Player,Player receiving most votes inducted
5810,vaughar01,1968,BBWAA,283.0,213.0,82.0,N,Player,
5811,vaughar01,1976,Veterans,,,,N,Player,
5812,vaughar01,1981,Veterans,,,,N,Player,Nominated for one-time review at 1981 Veterans Committee meeting
5813,vaughar01,1984,Veterans,,,,N,Player,Close behind runner-up
5814,vaughar01,1985,Veterans,,,,Y,Player,
5824,veeckbi99,1985,Veterans,,,,N,Executive,
5825,veeckbi99,1986,Veterans,,,3.0,N,Executive,
5826,veeckbi99,1987,Veterans,,,,N,Executive,
5827,veeckbi99,1988,Veterans,,,,N,Executive,
5828,veeckbi99,1989,Veterans,17.0,13.0,,N,Executive,
5829,veeckbi99,1991,Veterans,17.0,13.0,,Y,Executive,
5869,wadderu01,1936,BBWAA,226.0,170.0,33.0,N,Player,
5870,wadderu01,1937,BBWAA,201.0,151.0,67.0,N,Player,
5871,wadderu01,1938,BBWAA,262.0,197.0,148.0,N,Player,
5872,wadderu01,1939,BBWAA,274.0,206.0,179.0,N,Player,
5873,wadderu01,1942,BBWAA,233.0,175.0,136.0,N,Player,
5874,wadderu01,1945,BBWAA,247.0,186.0,154.0,N,Player,
5875,wadderu01,1946,Final Ballot,263.0,198.0,87.0,N,Player,
5876,wadderu01,1946,Nominating Vote,202.0,,122.0,N,Player,Players in top 20 proceed to final ballot
5877,wadderu01,1946,Old Timers,,,,Y,Player,
5887,wagneho01,1936,BBWAA,226.0,170.0,215.0,Y,Player,
5888,wagneho01,1936,Veterans,78.0,59.0,5.0,N,Player,
5900,walkela01,2011,BBWAA,581.0,436.0,118.0,N,Player,
5901,walkela01,2012,BBWAA,573.0,430.0,131.0,N,Player,
5902,walkela01,2013,BBWAA,569.0,427.0,123.0,N,Player,
5903,walkela01,2014,BBWAA,571.0,429.0,58.0,N,Player,
5904,walkela01,2015,BBWAA,549.0,412.0,65.0,N,Player,
5905,walkela01,2016,BBWAA,440.0,330.0,68.0,N,Player,
5906,walkela01,2017,BBWAA,442.0,332.0,97.0,N,Player,
5907,walkela01,2018,BBWAA,422.0,317.0,144.0,N,Player,
5908,walkela01,2019,BBWAA,425.0,319.0,232.0,N,Player,
5909,walkela01,2020,BBWAA,397.0,298.0,304.0,Y,Player,
5911,wallabo01,1936,Veterans,78.0,59.0,1.0,N,Player,
5912,wallabo01,1937,BBWAA,201.0,151.0,1.0,N,Player,
5913,wallabo01,1938,BBWAA,262.0,197.0,7.0,N,Player,
5914,wallabo01,1939,BBWAA,274.0,206.0,5.0,N,Player,
5915,wallabo01,1942,BBWAA,233.0,175.0,2.0,N,Player,
5916,wallabo01,1945,BBWAA,247.0,186.0,3.0,N,Player,
5917,wallabo01,1953,Veterans,,,,Y,Player,
5919,walshed01,1936,BBWAA,226.0,170.0,20.0,N,Player,
5920,walshed01,1937,BBWAA,201.0,151.0,56.0,N,Player,
5921,walshed01,1938,BBWAA,262.0,197.0,110.0,N,Player,
5922,walshed01,1939,BBWAA,274.0,206.0,132.0,N,Player,
5923,walshed01,1942,BBWAA,233.0,175.0,113.0,N,Player,
5924,walshed01,1945,BBWAA,247.0,186.0,137.0,N,Player,
5925,walshed01,1946,Final Ballot,263.0,198.0,106.0,N,Player,
5926,walshed01,1946,Nominating Vote,202.0,,115.0,N,Player,Players in top 20 proceed to final ballot
5927,walshed01,1946,Old Timers,,,,Y,Player,
5958,wanerll01,1949,BBWAA,153.0,115.0,3.0,N,Player,
5959,wanerll01,1950,BBWAA,168.0,126.0,1.0,N,Player,
5960,wanerll01,1951,BBWAA,226.0,170.0,1.0,N,Player,
5961,wanerll01,1952,BBWAA,234.0,176.0,2.0,N,Player,
5962,wanerll01,1956,BBWAA,193.0,145.0,18.0,N,Player,
5963,wanerll01,1958,BBWAA,266.0,200.0,39.0,N,Player,
5964,wanerll01,1960,BBWAA,269.0,202.0,22.0,N,Player,
5965,wanerll01,1962,BBWAA,160.0,120.0,5.0,N,Player,
5966,wanerll01,1964,BBWAA,201.0,151.0,47.0,N,Player,
5967,wanerll01,1964,Run Off,201.0,,12.0,N,Player,Player receiving most votes inducted
5968,wanerll01,1967,Veterans,12.0,9.0,12.0,Y,Player,Inducted by unanimous vote from 12-man committee
5969,wanerpa01,1946,Nominating Vote,202.0,,4.0,N,Player,Players in top 20 proceed to final ballot
5970,wanerpa01,1948,BBWAA,121.0,91.0,51.0,N,Player,
5971,wanerpa01,1949,BBWAA,153.0,115.0,73.0,N,Player,
5972,wanerpa01,1949,Run Off,187.0,,63.0,N,Player,1st
5973,wanerpa01,1950,BBWAA,168.0,126.0,95.0,N,Player,
5974,wanerpa01,1951,BBWAA,226.0,170.0,162.0,N,Player,
5975,wanerpa01,1952,BBWAA,234.0,176.0,195.0,Y,Player,
5976,wardjo01,1936,Veterans,78.0,59.0,3.0,N,Player,
5977,wardjo01,1953,Veterans,,,,N,Player,
5978,wardjo01,1955,Veterans,,,,N,Player,
5979,wardjo01,1957,Veterans,,,,N,Player,
5980,wardjo01,1959,Veterans,,,,N,Player,
5981,wardjo01,1961,Veterans,,,,N,Player,Finalist
5982,wardjo01,1962,Veterans,,,,N,Player,Preliminary poll
5983,wardjo01,1963,Veterans,,,,N,Player,Group A - Holdover from 1962 ballot - two could be elected from Group A
5984,wardjo01,1964,Veterans,,,,Y,Player,
5997,weaveea99,1992,Veterans,,,4.0,N,Manager,
5998,weaveea99,1995,Veterans,,,,N,Manager,
5999,weaveea99,1996,Veterans,14.0,11.0,,Y,Manager,
6001,weissge99,1971,Veterans,,,,Y,Executive,
6004,welchmi01,1953,Veterans,,,,N,Player,
6005,welchmi01,1955,Veterans,,,,N,Player,
6006,welchmi01,1957,Veterans,,,,N,Player,
6007,welchmi01,1959,Veterans,,,,N,Player,
6008,welchmi01,1961,Veterans,,,,N,Player,Finalist
6009,welchmi01,1962,Veterans,,,,N,Player,Preliminary poll
6010,welchmi01,1963,Veterans,,,,N,Player,Group A - Holdover from 1962 ballot - two could be elected from Group A
6011,welchmi01,1964,Veterans,,,,N,Player,
6012,welchmi01,1973,Veterans,,,,Y,Player,
6015,wellswi99,1978,Veterans,,,,N,Player,
6016,wellswi99,1980,Veterans,,,,N,Player,
6017,wellswi99,1981,Veterans,,,,N,Player,
6018,wellswi99,1982,Veterans,,,,N,Player,
6019,wellswi99,1985,Veterans,,,,N,Player,
6020,wellswi99,1991,Veterans,16.0,12.0,,N,Player,
6021,wellswi99,1992,Veterans,16.0,12.0,,N,Player,
6022,wellswi99,1995,Veterans,,,,N,Player,
6023,wellswi99,1996,Veterans,14.0,11.0,,N,Player,
6024,wellswi99,1997,Veterans,,,,Y,Player,
6047,wheatza01,1937,BBWAA,201.0,151.0,5.0,N,Player,
6048,wheatza01,1938,BBWAA,262.0,197.0,7.0,N,Player,
6049,wheatza01,1939,BBWAA,274.0,206.0,4.0,N,Player,
6050,wheatza01,1942,BBWAA,233.0,175.0,3.0,N,Player,
6051,wheatza01,1945,BBWAA,247.0,186.0,2.0,N,Player,
6052,wheatza01,1946,Nominating Vote,202.0,,6.0,N,Player,Players in top 20 proceed to final ballot
6053,wheatza01,1947,BBWAA,161.0,121.0,37.0,N,Player,
6054,wheatza01,1948,BBWAA,121.0,91.0,15.0,N,Player,
6055,wheatza01,1949,BBWAA,153.0,115.0,15.0,N,Player,
6056,wheatza01,1950,BBWAA,168.0,126.0,17.0,N,Player,
6057,wheatza01,1951,BBWAA,226.0,170.0,19.0,N,Player,
6058,wheatza01,1952,BBWAA,234.0,176.0,30.0,N,Player,
6059,wheatza01,1953,BBWAA,264.0,198.0,32.0,N,Player,
6060,wheatza01,1953,Veterans,,,,N,Player,
6061,wheatza01,1954,BBWAA,252.0,189.0,33.0,N,Player,
6062,wheatza01,1955,BBWAA,251.0,189.0,51.0,N,Player,
6063,wheatza01,1955,Veterans,,,,N,Player,
6064,wheatza01,1956,BBWAA,193.0,145.0,26.0,N,Player,
6065,wheatza01,1959,Veterans,,,,Y,Player,
6073,whitede01,1936,Veterans,78.0,59.0,1.0,N,Player,
6074,whitede01,1953,Veterans,,,,N,Player,
6075,whitede01,1955,Veterans,,,,N,Player,
6076,whitede01,1982,Veterans,,,,N,Player,
6077,whitede01,2009,Veterans - Pre-1943,12.0,9.0,5.0,N,Player,
6078,whitede01,2013,Veterans - Pre-Integration Era,16.0,12.0,14.0,Y,Player,
6088,whiteso99,2006,Negro League,,,,Y,Executive,
6096,wilheho01,1978,BBWAA,379.0,285.0,158.0,N,Player,
6097,wilheho01,1979,BBWAA,432.0,324.0,168.0,N,Player,
6098,wilheho01,1980,BBWAA,385.0,289.0,209.0,N,Player,
6099,wilheho01,1981,BBWAA,401.0,301.0,238.0,N,Player,
6100,wilheho01,1982,BBWAA,415.0,312.0,236.0,N,Player,
6101,wilheho01,1983,BBWAA,374.0,281.0,243.0,N,Player,
6102,wilheho01,1984,BBWAA,403.0,303.0,290.0,N,Player,
6103,wilheho01,1985,BBWAA,395.0,297.0,331.0,Y,Player,
6104,wilkijl99,2006,Negro League,,,,Y,Executive,
6107,willibi01,1982,BBWAA,415.0,312.0,97.0,N,Player,
6108,willibi01,1983,BBWAA,374.0,281.0,153.0,N,Player,
6109,willibi01,1984,BBWAA,403.0,303.0,202.0,N,Player,
6110,willibi01,1985,BBWAA,395.0,297.0,252.0,N,Player,
6111,willibi01,1986,BBWAA,425.0,319.0,315.0,N,Player,
6112,willibi01,1987,BBWAA,413.0,310.0,354.0,Y,Player,
6130,willidi02,1995,Veterans,,,,N,Manager,
6131,willidi02,1998,Veterans,,,,N,Manager,
6132,willidi02,1999,Veterans,,,,N,Manager,
6133,willidi02,2000,Veterans,,,,N,Manager,
6134,willidi02,2001,Veterans,,,,N,Manager,
6135,willidi02,2003,Veterans - Contributors,79.0,60.0,33.0,N,Manager,
6136,willidi02,2007,Veterans - Contributors,81.0,61.0,30.0,,Manager,
6137,willidi02,2008,Veterans - Managers and Umpires,16.0,12.0,13.0,Y,Manager,
6138,willijo99,1978,Veterans,,,,N,Player,
6139,willijo99,1979,Veterans,,,,N,Player,At least 1 vote
6140,willijo99,1980,Veterans,,,,N,Player,
6141,willijo99,1981,Veterans,,,,N,Player,
6142,willijo99,1982,Veterans,,,,N,Player,
6143,willijo99,1984,Veterans,,,,N,Player,
6144,willijo99,1985,Veterans,,,,N,Player,
6145,willijo99,1988,Veterans,18.0,14.0,,N,Player,
6146,willijo99,1991,Veterans,16.0,12.0,,N,Player,
6147,willijo99,1992,Veterans,16.0,12.0,,N,Player,
6148,willijo99,1995,Veterans,,,,N,Player,
6149,willijo99,1999,Veterans,,,,Y,Player,
6160,willite01,1966,BBWAA,302.0,227.0,282.0,Y,Player,
6161,willivi01,1957,Veterans,,,,N,Player,
6162,willivi01,1959,Veterans,,,,N,Player,
6163,willivi01,1961,Veterans,,,,N,Player,Preliminary poll
6164,willivi01,1962,Veterans,,,,N,Player,
6165,willivi01,1963,Veterans,,,,N,Player,Group A - Holdover from 1962 ballot - two could be elected from Group A
6166,willivi01,1976,Veterans,,,,N,Player,
6167,willivi01,1978,Veterans,,,,N,Player,
6168,willivi01,1979,Veterans,,,,N,Player,At least 1 vote
6169,willivi01,1980,Veterans,,,,N,Player,Finalist
6170,willivi01,1981,Veterans,,,,N,Player,
6171,willivi01,1982,Veterans,,,,N,Player,
6172,willivi01,1983,Veterans,,,,N,Player,
6173,willivi01,1984,Veterans,,,,N,Player,
6174,willivi01,1985,Veterans,,,,N,Player,
6175,willivi01,1986,Veterans,,,,N,Player,Got 75% of vote but not inducted due to limit
6176,willivi01,1987,Veterans,,,,N,Player,
6177,willivi01,1988,Veterans,18.0,14.0,12.0,N,Player,
6178,willivi01,1989,Veterans,,,,N,Player,
6179,willivi01,1990,Veterans,14.0,11.0,,N,Player,Made first cut - from initial list of 25
6180,willivi01,1991,Veterans,16.0,12.0,,N,Player,
6181,willivi01,1992,Veterans,16.0,12.0,9.0,N,Player,
6182,willivi01,1993,Veterans,16.0,12.0,,N,Player,Among the seven most-discussed players
6183,willivi01,1995,Veterans,,,,Y,Player,
6206,wilsoha01,1937,BBWAA,201.0,151.0,1.0,N,Player,
6207,wilsoha01,1939,BBWAA,274.0,206.0,1.0,N,Player,
6208,wilsoha01,1942,BBWAA,233.0,175.0,1.0,N,Player,
6209,wilsoha01,1948,BBWAA,121.0,91.0,2.0,N,Player,
6210,wilsoha01,1949,BBWAA,153.0,115.0,24.0,N,Player,
6211,wilsoha01,1949,Run Off,187.0,,12.0,N,Player,1st
6212,wilsoha01,1950,BBWAA,168.0,126.0,16.0,N,Player,
6213,wilsoha01,1951,BBWAA,226.0,170.0,21.0,N,Player,
6214,wilsoha01,1952,BBWAA,234.0,176.0,21.0,N,Player,
6215,wilsoha01,1953,BBWAA,264.0,198.0,43.0,N,Player,
6216,wilsoha01,1954,BBWAA,252.0,189.0,48.0,N,Player,
6217,wilsoha01,1955,BBWAA,251.0,189.0,81.0,N,Player,
6218,wilsoha01,1956,BBWAA,193.0,145.0,74.0,N,Player,
6219,wilsoha01,1958,BBWAA,266.0,200.0,94.0,N,Player,
6220,wilsoha01,1960,BBWAA,269.0,202.0,72.0,N,Player,
6221,wilsoha01,1962,BBWAA,160.0,120.0,39.0,N,Player,
6222,wilsoha01,1963,Veterans,,,,N,Player,Group B - Rule change removed from BBWAA ballot - two could be elected from Group B
6223,wilsoha01,1964,Veterans,,,,N,Player,
6224,wilsoha01,1975,Veterans,,,,N,Player,
6225,wilsoha01,1976,Veterans,,,,N,Player,
6226,wilsoha01,1977,Veterans,,,,N,Player,
6227,wilsoha01,1978,Veterans,,,,N,Player,
6228,wilsoha01,1979,Veterans,,,,Y,Player,
6243,wilsoju99,2006,Negro League,,,,Y,Player,
6251,winfida01,2001,BBWAA,515.0,387.0,435.0,Y,Player,
6286,wrighge01,1936,Veterans,78.0,59.0,6.0,N,Player,
6287,wrighge01,1937,Centennial,,,,Y,Pioneer/Executive,
6315,wrighha01,1953,Veterans,,,,Y,Pioneer,
6319,wynnea01,1969,BBWAA,340.0,255.0,95.0,N,Player,
6320,wynnea01,1970,BBWAA,300.0,225.0,140.0,N,Player,
6321,wynnea01,1971,BBWAA,360.0,270.0,240.0,N,Player,
6322,wynnea01,1972,BBWAA,396.0,297.0,301.0,Y,Player,
6327,yastrca01,1989,BBWAA,447.0,336.0,423.0,Y,Player,
6328,yawketo99,1978,Veterans,,,,N,Executive,Lost in a run-off to Larry MacPhail
6329,yawketo99,1979,Veterans,,,,N,Executive,At least 1 vote
6330,yawketo99,1980,Veterans,,,,Y,Executive,
6339,youngcy01,1936,BBWAA,226.0,170.0,111.0,N,Player,
6340,youngcy01,1936,Veterans,78.0,59.0,32.0,N,Player,
6341,youngcy01,1937,BBWAA,201.0,151.0,153.0,Y,Player,
6345,youngro01,1936,BBWAA,226.0,170.0,10.0,N,Player,
6346,youngro01,1937,BBWAA,201.0,151.0,16.0,N,Player,
6347,youngro01,1938,BBWAA,262.0,197.0,40.0,N,Player,
6348,youngro01,1939,BBWAA,274.0,206.0,34.0,N,Player,
6349,youngro01,1942,BBWAA,233.0,175.0,44.0,N,Player,
6350,youngro01,1945,BBWAA,247.0,186.0,22.0,N,Player,
6351,youngro01,1946,Nominating Vote,202.0,,25.0,N,Player,Players in top 20 proceed to final ballot
6352,youngro01,1947,BBWAA,161.0,121.0,36.0,N,Player,
6353,youngro01,1948,BBWAA,121.0,91.0,19.0,N,Player,
6354,youngro01,1949,BBWAA,153.0,115.0,20.0,N,Player,
6355,youngro01,1949,Run Off,187.0,,11.0,N,Player,1st
6356,youngro01,1950,BBWAA,168.0,126.0,17.0,N,Player,
6357,youngro01,1951,BBWAA,226.0,170.0,34.0,N,Player,
6358,youngro01,1952,BBWAA,234.0,176.0,34.0,N,Player,
6359,youngro01,1953,BBWAA,264.0,198.0,31.0,N,Player,
6360,youngro01,1954,BBWAA,252.0,189.0,34.0,N,Player,
6361,youngro01,1955,BBWAA,251.0,189.0,48.0,N,Player,
6362,youngro01,1956,BBWAA,193.0,145.0,19.0,N,Player,
6363,youngro01,1957,Veterans,,,,N,Player,
6364,youngro01,1959,Veterans,,,,N,Player,
6365,youngro01,1961,Veterans,,,,N,Player,Finalist
6366,youngro01,1962,Veterans,,,,N,Player,Preliminary poll
6367,youngro01,1963,Veterans,,,,N,Player,Group A - Holdover from 1962 ballot - two could be elected from Group A
6368,youngro01,1964,Veterans,,,,N,Player,
6369,youngro01,1968,Veterans,,,,N,Player,
6370,youngro01,1972,Veterans,,,,Y,Player,
6371,yountro01,1999,BBWAA,497.0,373.0,385.0,Y,Player,
