,yearID,teamID,lgID_x,playerID,lgID_y,franchID,name
0,1871,BS1,,spaldal01,,BNA,Boston Red Stockings
1,1871,BS1,,wrighge01,,BNA,Boston Red Stockings
2,1871,BS1,,wrighha01,,BNA,Boston Red Stockings
3,1871,CL1,,whitede01,,CFC,Cleveland Forest Citys
4,1871,RC1,,ansonca01,,ROK,Rockford Forest Citys
5,1872,BS1,,spaldal01,,BNA,Boston Red Stockings
6,1872,BS1,,wrighge01,,BNA,Boston Red Stockings
7,1872,BS1,,wrighha01,,BNA,Boston Red Stockings
8,1872,CL1,,whitede01,,CFC,Cleveland Forest Citys
9,1872,MID,,orourji01,,MAN,Middletown Mansfields
10,1872,NY2,,cummica01,,NNA,New York Mutuals
11,1872,PH1,,ansonca01,,PNA,Philadelphia Athletics
12,1873,BL1,,cummica01,,BLC,Baltimore Canaries
13,1873,BS1,,orourji01,,BNA,Boston Red Stockings
14,1873,BS1,,spaldal01,,BNA,Boston Red Stockings
15,1873,BS1,,whitede01,,BNA,Boston Red Stockings
16,1873,BS1,,wrighge01,,BNA,Boston Red Stockings
17,1873,BS1,,wrighha01,,BNA,Boston Red Stockings
18,1873,PH1,,ansonca01,,PNA,Philadelphia Athletics
19,1874,BS1,,orourji01,,BNA,Boston Red Stockings
20,1874,BS1,,spaldal01,,BNA,Boston Red Stockings
21,1874,BS1,,whitede01,,BNA,Boston Red Stockings
22,1874,BS1,,wrighge01,,BNA,Boston Red Stockings
23,1874,BS1,,wrighha01,,BNA,Boston Red Stockings
24,1874,PH1,,ansonca01,,PNA,Philadelphia Athletics
25,1874,PH2,,cummica01,,PWS,Philadelphia Whites
26,1875,BS1,,orourji01,,BNA,Boston Red Stockings
27,1875,BS1,,spaldal01,,BNA,Boston Red Stockings
28,1875,BS1,,whitede01,,BNA,Boston Red Stockings
29,1875,BS1,,wrighge01,,BNA,Boston Red Stockings
30,1875,BS1,,wrighha01,,BNA,Boston Red Stockings
31,1875,HR1,,cummica01,,HNA,Hartford Dark Blues
32,1875,PH1,,ansonca01,,PNA,Philadelphia Athletics
33,1875,SL2,,galvipu01,,SNA,St. Louis Brown Stockings
34,1876,BSN,NL,orourji01,NL,ATL,Boston Red Caps
35,1876,BSN,NL,wrighge01,NL,ATL,Boston Red Caps
36,1876,BSN,NL,wrighha01,NL,ATL,Boston Red Caps
37,1876,CHN,NL,ansonca01,NL,CHC,Chicago White Stockings
38,1876,CHN,NL,spaldal01,NL,CHC,Chicago White Stockings
39,1876,CHN,NL,whitede01,NL,CHC,Chicago White Stockings
40,1876,HAR,NL,cummica01,NL,HAR,Hartford Dark Blues
41,1877,BSN,NL,orourji01,NL,ATL,Boston Red Caps
42,1877,BSN,NL,whitede01,NL,ATL,Boston Red Caps
43,1877,BSN,NL,wrighge01,NL,ATL,Boston Red Caps
44,1877,BSN,NL,wrighha01,NL,ATL,Boston Red Caps
45,1877,CHN,NL,ansonca01,NL,CHC,Chicago White Stockings
46,1877,CHN,NL,spaldal01,NL,CHC,Chicago White Stockings
47,1877,CN1,NL,cummica01,NL,CNR,Cincinnati Reds
48,1878,BSN,NL,orourji01,NL,ATL,Boston Red Caps
49,1878,BSN,NL,wrighge01,NL,ATL,Boston Red Caps
50,1878,CHN,NL,ansonca01,NL,CHC,Chicago White Stockings
51,1878,CHN,NL,spaldal01,NL,CHC,Chicago White Stockings
52,1878,CN1,NL,kellyki01,NL,CNR,Cincinnati Reds
53,1878,CN1,NL,whitede01,NL,CNR,Cincinnati Reds
54,1878,PRO,NL,wardjo01,NL,PRO,Providence Grays
55,1879,BFN,NL,galvipu01,NL,BUF,Buffalo Bisons
56,1879,CHN,NL,ansonca01,NL,CHC,Chicago White Stockings
57,1879,CN1,NL,kellyki01,NL,CNR,Cincinnati Reds
58,1879,CN1,NL,whitede01,NL,CNR,Cincinnati Reds
59,1879,PRO,NL,orourji01,NL,PRO,Providence Grays
60,1879,PRO,NL,wardjo01,NL,PRO,Providence Grays
61,1879,PRO,NL,wrighge01,NL,PRO,Providence Grays
62,1879,TRN,NL,broutda01,NL,TRT,Troy Trojans
63,1880,BFN,NL,galvipu01,NL,BUF,Buffalo Bisons
64,1880,BFN,NL,radboch01,NL,BUF,Buffalo Bisons
65,1880,BSN,NL,orourji01,NL,ATL,Boston Red Caps
66,1880,BSN,NL,wrighge01,NL,ATL,Boston Red Caps
67,1880,CHN,NL,ansonca01,NL,CHC,Chicago White Stockings
68,1880,CHN,NL,kellyki01,NL,CHC,Chicago White Stockings
69,1880,CL2,NL,hanlone01,NL,CBL,Cleveland Blues
70,1880,CN1,NL,whitede01,NL,CNR,Cincinnati Reds
71,1880,PRO,NL,wardjo01,NL,PRO,Providence Grays
72,1880,TRN,NL,broutda01,NL,TRT,Troy Trojans
73,1880,TRN,NL,connoro01,NL,TRT,Troy Trojans
74,1880,TRN,NL,ewingbu01,NL,TRT,Troy Trojans
75,1880,TRN,NL,keefeti01,NL,TRT,Troy Trojans
76,1880,TRN,NL,welchmi01,NL,TRT,Troy Trojans
77,1881,BFN,NL,broutda01,NL,BUF,Buffalo Bisons
78,1881,BFN,NL,galvipu01,NL,BUF,Buffalo Bisons
79,1881,BFN,NL,orourji01,NL,BUF,Buffalo Bisons
80,1881,BFN,NL,whitede01,NL,BUF,Buffalo Bisons
81,1881,BSN,NL,wrighge01,NL,ATL,Boston Red Caps
82,1881,CHN,NL,ansonca01,NL,CHC,Chicago White Stockings
83,1881,CHN,NL,kellyki01,NL,CHC,Chicago White Stockings
84,1881,DTN,NL,hanlone01,NL,DTN,Detroit Wolverines
85,1881,PRO,NL,radboch01,NL,PRO,Providence Grays
86,1881,PRO,NL,wardjo01,NL,PRO,Providence Grays
87,1881,TRN,NL,connoro01,NL,TRT,Troy Trojans
88,1881,TRN,NL,ewingbu01,NL,TRT,Troy Trojans
89,1881,TRN,NL,keefeti01,NL,TRT,Troy Trojans
90,1881,TRN,NL,welchmi01,NL,TRT,Troy Trojans
91,1882,BFN,NL,broutda01,NL,BUF,Buffalo Bisons
92,1882,BFN,NL,galvipu01,NL,BUF,Buffalo Bisons
93,1882,BFN,NL,orourji01,NL,BUF,Buffalo Bisons
94,1882,BFN,NL,whitede01,NL,BUF,Buffalo Bisons
95,1882,CHN,NL,ansonca01,NL,CHC,Chicago White Stockings
96,1882,CHN,NL,kellyki01,NL,CHC,Chicago White Stockings
97,1882,CN2,AA,mcphebi01,AA,CIN,Cincinnati Red Stockings
98,1882,DTN,NL,hanlone01,NL,DTN,Detroit Wolverines
99,1882,PRO,NL,radboch01,NL,PRO,Providence Grays
100,1882,PRO,NL,wardjo01,NL,PRO,Providence Grays
101,1882,PRO,NL,wrighge01,NL,PRO,Providence Grays
102,1882,SL4,AA,comisch01,AA,STL,St. Louis Brown Stockings
103,1882,TRN,NL,connoro01,NL,TRT,Troy Trojans
104,1882,TRN,NL,ewingbu01,NL,TRT,Troy Trojans
105,1882,TRN,NL,keefeti01,NL,TRT,Troy Trojans
106,1882,TRN,NL,welchmi01,NL,TRT,Troy Trojans
107,1882,WOR,NL,clarkjo01,NL,WOR,Worcester Ruby Legs
108,1883,BFN,NL,broutda01,NL,BUF,Buffalo Bisons
109,1883,BFN,NL,galvipu01,NL,BUF,Buffalo Bisons
110,1883,BFN,NL,orourji01,NL,BUF,Buffalo Bisons
111,1883,BFN,NL,whitede01,NL,BUF,Buffalo Bisons
112,1883,CHN,NL,ansonca01,NL,CHC,Chicago White Stockings
113,1883,CHN,NL,kellyki01,NL,CHC,Chicago White Stockings
114,1883,CN2,AA,mcphebi01,AA,CIN,Cincinnati Red Stockings
115,1883,DTN,NL,hanlone01,NL,DTN,Detroit Wolverines
116,1883,NY1,NL,connoro01,NL,SFG,New York Gothams
117,1883,NY1,NL,ewingbu01,NL,SFG,New York Gothams
118,1883,NY1,NL,wardjo01,NL,SFG,New York Gothams
119,1883,NY1,NL,welchmi01,NL,SFG,New York Gothams
120,1883,NY4,AA,keefeti01,AA,NYP,New York Metropolitans
121,1883,PRO,NL,radboch01,NL,PRO,Providence Grays
122,1883,SL4,AA,comisch01,AA,STL,St. Louis Browns
123,1884,BFN,NL,broutda01,NL,BUF,Buffalo Bisons
124,1884,BFN,NL,galvipu01,NL,BUF,Buffalo Bisons
125,1884,BFN,NL,orourji01,NL,BUF,Buffalo Bisons
126,1884,BFN,NL,whitede01,NL,BUF,Buffalo Bisons
127,1884,BSU,UA,mccarto01,UA,BRD,Boston Reds
128,1884,CHN,NL,ansonca01,NL,CHC,Chicago White Stockings
129,1884,CHN,NL,clarkjo01,NL,CHC,Chicago White Stockings
130,1884,CHN,NL,kellyki01,NL,CHC,Chicago White Stockings
131,1884,CN2,AA,mcphebi01,AA,CIN,Cincinnati Red Stockings
132,1884,DTN,NL,hanlone01,NL,DTN,Detroit Wolverines
133,1884,NY1,NL,connoro01,NL,SFG,New York Gothams
134,1884,NY1,NL,ewingbu01,NL,SFG,New York Gothams
135,1884,NY1,NL,wardjo01,NL,SFG,New York Gothams
136,1884,NY1,NL,welchmi01,NL,SFG,New York Gothams
137,1884,NY4,AA,keefeti01,AA,NYP,New York Metropolitans
138,1884,PRO,NL,radboch01,NL,PRO,Providence Grays
139,1884,SL4,AA,comisch01,AA,STL,St. Louis Browns
140,1884,TL1,AA,odayha01,AA,TOL,Toledo Blue Stockings
141,1885,BFN,NL,broutda01,NL,BUF,Buffalo Bisons
142,1885,BFN,NL,galvipu01,NL,BUF,Buffalo Bisons
143,1885,BFN,NL,whitede01,NL,BUF,Buffalo Bisons
144,1885,BSN,NL,mccarto01,NL,ATL,Boston Beaneaters
145,1885,CHN,NL,ansonca01,NL,CHC,Chicago White Stockings
146,1885,CHN,NL,clarkjo01,NL,CHC,Chicago White Stockings
147,1885,CHN,NL,kellyki01,NL,CHC,Chicago White Stockings
148,1885,CN2,AA,mcphebi01,AA,CIN,Cincinnati Red Stockings
149,1885,DTN,NL,hanlone01,NL,DTN,Detroit Wolverines
150,1885,DTN,NL,thompsa01,NL,DTN,Detroit Wolverines
151,1885,NY1,NL,connoro01,NL,SFG,New York Giants
152,1885,NY1,NL,ewingbu01,NL,SFG,New York Giants
153,1885,NY1,NL,keefeti01,NL,SFG,New York Giants
154,1885,NY1,NL,orourji01,NL,SFG,New York Giants
155,1885,NY1,NL,wardjo01,NL,SFG,New York Giants
156,1885,NY1,NL,welchmi01,NL,SFG,New York Giants
157,1885,PRO,NL,radboch01,NL,PRO,Providence Grays
158,1885,PT1,AA,galvipu01,AA,PIT,Pittsburg Alleghenys
159,1885,PT1,AA,odayha01,AA,PIT,Pittsburg Alleghenys
160,1885,SL4,AA,comisch01,AA,STL,St. Louis Browns
161,1886,BSN,NL,radboch01,NL,ATL,Boston Beaneaters
162,1886,CHN,NL,ansonca01,NL,CHC,Chicago White Stockings
163,1886,CHN,NL,clarkjo01,NL,CHC,Chicago White Stockings
164,1886,CHN,NL,kellyki01,NL,CHC,Chicago White Stockings
165,1886,CN2,AA,mcphebi01,AA,CIN,Cincinnati Red Stockings
166,1886,DTN,NL,broutda01,NL,DTN,Detroit Wolverines
167,1886,DTN,NL,hanlone01,NL,DTN,Detroit Wolverines
168,1886,DTN,NL,thompsa01,NL,DTN,Detroit Wolverines
169,1886,DTN,NL,whitede01,NL,DTN,Detroit Wolverines
170,1886,NY1,NL,connoro01,NL,SFG,New York Giants
171,1886,NY1,NL,ewingbu01,NL,SFG,New York Giants
172,1886,NY1,NL,keefeti01,NL,SFG,New York Giants
173,1886,NY1,NL,orourji01,NL,SFG,New York Giants
174,1886,NY1,NL,wardjo01,NL,SFG,New York Giants
175,1886,NY1,NL,welchmi01,NL,SFG,New York Giants
176,1886,PH4,AA,robinwi01,AA,PHA,Philadelphia Athletics
177,1886,PHI,NL,mccarto01,NL,PHI,Philadelphia Quakers
178,1886,PT1,AA,galvipu01,AA,PIT,Pittsburg Alleghenys
179,1886,SL4,AA,comisch01,AA,STL,St. Louis Browns
180,1886,WS8,NL,mackco01,NL,WNL,Washington Nationals
181,1886,WS8,NL,odayha01,NL,WNL,Washington Nationals
182,1887,BSN,NL,kellyki01,NL,ATL,Boston Beaneaters
183,1887,BSN,NL,radboch01,NL,ATL,Boston Beaneaters
184,1887,CHN,NL,ansonca01,NL,CHC,Chicago White Stockings
185,1887,CHN,NL,clarkjo01,NL,CHC,Chicago White Stockings
186,1887,CN2,AA,mcphebi01,AA,CIN,Cincinnati Red Stockings
187,1887,DTN,NL,broutda01,NL,DTN,Detroit Wolverines
188,1887,DTN,NL,hanlone01,NL,DTN,Detroit Wolverines
189,1887,DTN,NL,thompsa01,NL,DTN,Detroit Wolverines
190,1887,DTN,NL,whitede01,NL,DTN,Detroit Wolverines
191,1887,NY1,NL,connoro01,NL,SFG,New York Giants
192,1887,NY1,NL,ewingbu01,NL,SFG,New York Giants
193,1887,NY1,NL,keefeti01,NL,SFG,New York Giants
194,1887,NY1,NL,orourji01,NL,SFG,New York Giants
195,1887,NY1,NL,wardjo01,NL,SFG,New York Giants
196,1887,NY1,NL,welchmi01,NL,SFG,New York Giants
197,1887,PH4,AA,robinwi01,AA,PHA,Philadelphia Athletics
198,1887,PHI,NL,mccarto01,NL,PHI,Philadelphia Quakers
199,1887,PIT,NL,galvipu01,NL,PIT,Pittsburg Alleghenys
200,1887,SL4,AA,comisch01,AA,STL,St. Louis Browns
201,1887,WS8,NL,mackco01,NL,WNL,Washington Nationals
202,1887,WS8,NL,odayha01,NL,WNL,Washington Nationals
203,1888,BSN,NL,clarkjo01,NL,ATL,Boston Beaneaters
204,1888,BSN,NL,kellyki01,NL,ATL,Boston Beaneaters
205,1888,BSN,NL,radboch01,NL,ATL,Boston Beaneaters
206,1888,CHN,NL,ansonca01,NL,CHC,Chicago White Stockings
207,1888,CHN,NL,duffyhu01,NL,CHC,Chicago White Stockings
208,1888,CN2,AA,mcphebi01,AA,CIN,Cincinnati Red Stockings
209,1888,DTN,NL,broutda01,NL,DTN,Detroit Wolverines
210,1888,DTN,NL,hanlone01,NL,DTN,Detroit Wolverines
211,1888,DTN,NL,thompsa01,NL,DTN,Detroit Wolverines
212,1888,DTN,NL,whitede01,NL,DTN,Detroit Wolverines
213,1888,KC2,AA,hamilbi01,AA,KCC,Kansas City Cowboys
214,1888,NY1,NL,connoro01,NL,SFG,New York Giants
215,1888,NY1,NL,ewingbu01,NL,SFG,New York Giants
216,1888,NY1,NL,keefeti01,NL,SFG,New York Giants
217,1888,NY1,NL,orourji01,NL,SFG,New York Giants
218,1888,NY1,NL,wardjo01,NL,SFG,New York Giants
219,1888,NY1,NL,welchmi01,NL,SFG,New York Giants
220,1888,PH4,AA,robinwi01,AA,PHA,Philadelphia Athletics
221,1888,PHI,NL,delahed01,NL,PHI,Philadelphia Quakers
222,1888,PIT,NL,becklja01,NL,PIT,Pittsburg Alleghenys
223,1888,PIT,NL,galvipu01,NL,PIT,Pittsburg Alleghenys
224,1888,SL4,AA,comisch01,AA,STL,St. Louis Browns
225,1888,SL4,AA,mccarto01,AA,STL,St. Louis Browns
226,1888,WS8,NL,mackco01,NL,WNL,Washington Nationals
227,1888,WS8,NL,odayha01,NL,WNL,Washington Nationals
228,1889,BSN,NL,broutda01,NL,ATL,Boston Beaneaters
229,1889,BSN,NL,clarkjo01,NL,ATL,Boston Beaneaters
230,1889,BSN,NL,kellyki01,NL,ATL,Boston Beaneaters
231,1889,BSN,NL,radboch01,NL,ATL,Boston Beaneaters
232,1889,CHN,NL,ansonca01,NL,CHC,Chicago White Stockings
233,1889,CHN,NL,duffyhu01,NL,CHC,Chicago White Stockings
234,1889,CN2,AA,mcphebi01,AA,CIN,Cincinnati Red Stockings
235,1889,IN3,NL,rusieam01,NL,IND,Indianapolis Hoosiers
236,1889,KC2,AA,hamilbi01,AA,KCC,Kansas City Cowboys
237,1889,NY1,NL,connoro01,NL,SFG,New York Giants
238,1889,NY1,NL,ewingbu01,NL,SFG,New York Giants
239,1889,NY1,NL,keefeti01,NL,SFG,New York Giants
240,1889,NY1,NL,odayha01,NL,SFG,New York Giants
241,1889,NY1,NL,orourji01,NL,SFG,New York Giants
242,1889,NY1,NL,wardjo01,NL,SFG,New York Giants
243,1889,NY1,NL,welchmi01,NL,SFG,New York Giants
244,1889,PH4,AA,robinwi01,AA,PHA,Philadelphia Athletics
245,1889,PHI,NL,delahed01,NL,PHI,Philadelphia Quakers
246,1889,PHI,NL,thompsa01,NL,PHI,Philadelphia Quakers
247,1889,PIT,NL,becklja01,NL,PIT,Pittsburg Alleghenys
248,1889,PIT,NL,galvipu01,NL,PIT,Pittsburg Alleghenys
249,1889,PIT,NL,hanlone01,NL,PIT,Pittsburg Alleghenys
250,1889,PIT,NL,whitede01,NL,PIT,Pittsburg Alleghenys
251,1889,SL4,AA,comisch01,AA,STL,St. Louis Browns
252,1889,SL4,AA,mccarto01,AA,STL,St. Louis Browns
253,1889,WS8,NL,mackco01,NL,WNL,Washington Nationals
254,1889,WS8,NL,odayha01,NL,WNL,Washington Nationals
255,1890,BFP,PL,mackco01,PL,BFB,Buffalo Bisons
256,1890,BFP,PL,whitede01,PL,BFB,Buffalo Bisons
257,1890,BL3,AA,robinwi01,AA,BLO,Baltimore Orioles
258,1890,BRP,PL,wardjo01,PL,BWW,Brooklyn Ward's Wonders
259,1890,BSN,NL,clarkjo01,NL,ATL,Boston Beaneaters
260,1890,BSN,NL,nichoki01,NL,ATL,Boston Beaneaters
261,1890,BSP,PL,broutda01,PL,BRS,Boston Reds
262,1890,BSP,PL,kellyki01,PL,BRS,Boston Reds
263,1890,BSP,PL,radboch01,PL,BRS,Boston Reds
264,1890,CHN,NL,ansonca01,NL,CHC,Chicago Colts
265,1890,CHP,PL,comisch01,PL,CHP,Chicago Pirates
266,1890,CHP,PL,duffyhu01,PL,CHP,Chicago Pirates
267,1890,CIN,NL,mcphebi01,NL,CIN,Cincinnati Reds
268,1890,CL4,NL,davisge01,NL,CLV,Cleveland Spiders
269,1890,CL4,NL,youngcy01,NL,CLV,Cleveland Spiders
270,1890,CLP,PL,delahed01,PL,CLI,Cleveland Infants
271,1890,NY1,NL,burkeje01,NL,SFG,New York Giants
272,1890,NY1,NL,rusieam01,NL,SFG,New York Giants
273,1890,NY1,NL,welchmi01,NL,SFG,New York Giants
274,1890,NYP,PL,connoro01,PL,NYI,New York Giants
275,1890,NYP,PL,ewingbu01,PL,NYI,New York Giants
276,1890,NYP,PL,keefeti01,PL,NYI,New York Giants
277,1890,NYP,PL,odayha01,PL,NYI,New York Giants
278,1890,NYP,PL,orourji01,PL,NYI,New York Giants
279,1890,PH4,AA,robinwi01,AA,PHA,Philadelphia Athletics
280,1890,PHI,NL,hamilbi01,NL,PHI,Philadelphia Phillies
281,1890,PHI,NL,thompsa01,NL,PHI,Philadelphia Phillies
282,1890,PTP,PL,becklja01,PL,PBB,Pittsburgh Burghers
283,1890,PTP,PL,galvipu01,PL,PBB,Pittsburgh Burghers
284,1890,PTP,PL,hanlone01,PL,PBB,Pittsburgh Burghers
285,1890,SL4,AA,mccarto01,AA,STL,St. Louis Browns
286,1891,BL3,AA,mcgrajo01,AA,BLO,Baltimore Orioles
287,1891,BL3,AA,robinwi01,AA,BLO,Baltimore Orioles
288,1891,BRO,NL,wardjo01,NL,LAD,Brooklyn Grooms
289,1891,BS2,AA,broutda01,AA,BRS,Boston Reds
290,1891,BS2,AA,duffyhu01,AA,BRS,Boston Reds
291,1891,BS2,AA,griffcl01,AA,BRS,Boston Reds
292,1891,BS2,AA,kellyki01,AA,BRS,Boston Reds
293,1891,BSN,NL,clarkjo01,NL,ATL,Boston Beaneaters
294,1891,BSN,NL,kellejo01,NL,ATL,Boston Beaneaters
295,1891,BSN,NL,kellyki01,NL,ATL,Boston Beaneaters
296,1891,BSN,NL,nichoki01,NL,ATL,Boston Beaneaters
297,1891,CHN,NL,ansonca01,NL,CHC,Chicago Colts
298,1891,CIN,NL,mcphebi01,NL,CIN,Cincinnati Reds
299,1891,CIN,NL,radboch01,NL,CIN,Cincinnati Reds
300,1891,CL4,NL,burkeje01,NL,CLV,Cleveland Spiders
301,1891,CL4,NL,davisge01,NL,CLV,Cleveland Spiders
302,1891,CL4,NL,youngcy01,NL,CLV,Cleveland Spiders
303,1891,CN3,AA,kellyki01,AA,CKK,Cincinnati Kelly's Killers
304,1891,LS2,AA,jennihu01,AA,LOU,Louisville Colonels
305,1891,NY1,NL,connoro01,NL,SFG,New York Giants
306,1891,NY1,NL,ewingbu01,NL,SFG,New York Giants
307,1891,NY1,NL,keefeti01,NL,SFG,New York Giants
308,1891,NY1,NL,orourji01,NL,SFG,New York Giants
309,1891,NY1,NL,rusieam01,NL,SFG,New York Giants
310,1891,NY1,NL,welchmi01,NL,SFG,New York Giants
311,1891,PHI,NL,delahed01,NL,PHI,Philadelphia Phillies
312,1891,PHI,NL,hamilbi01,NL,PHI,Philadelphia Phillies
313,1891,PHI,NL,keefeti01,NL,PHI,Philadelphia Phillies
314,1891,PHI,NL,thompsa01,NL,PHI,Philadelphia Phillies
315,1891,PIT,NL,becklja01,NL,PIT,Pittsburgh Pirates
316,1891,PIT,NL,galvipu01,NL,PIT,Pittsburgh Pirates
317,1891,PIT,NL,hanlone01,NL,PIT,Pittsburgh Pirates
318,1891,PIT,NL,mackco01,NL,PIT,Pittsburgh Pirates
319,1891,SL4,AA,comisch01,AA,STL,St. Louis Browns
320,1891,SL4,AA,griffcl01,AA,STL,St. Louis Browns
321,1891,SL4,AA,mccarto01,AA,STL,St. Louis Browns
322,1892,BLN,NL,hanlone01,NL,BLO,Baltimore Orioles
323,1892,BLN,NL,kellejo01,NL,BLO,Baltimore Orioles
324,1892,BLN,NL,mcgrajo01,NL,BLO,Baltimore Orioles
325,1892,BLN,NL,robinwi01,NL,BLO,Baltimore Orioles
326,1892,BRO,NL,broutda01,NL,LAD,Brooklyn Grooms
327,1892,BRO,NL,wardjo01,NL,LAD,Brooklyn Grooms
328,1892,BSN,NL,clarkjo01,NL,ATL,Boston Beaneaters
329,1892,BSN,NL,duffyhu01,NL,ATL,Boston Beaneaters
330,1892,BSN,NL,kellyki01,NL,ATL,Boston Beaneaters
331,1892,BSN,NL,mccarto01,NL,ATL,Boston Beaneaters
332,1892,BSN,NL,nichoki01,NL,ATL,Boston Beaneaters
333,1892,CHN,NL,ansonca01,NL,CHC,Chicago Colts
334,1892,CIN,NL,comisch01,NL,CIN,Cincinnati Reds
335,1892,CIN,NL,mcphebi01,NL,CIN,Cincinnati Reds
336,1892,CL4,NL,burkeje01,NL,CLV,Cleveland Spiders
337,1892,CL4,NL,clarkjo01,NL,CLV,Cleveland Spiders
338,1892,CL4,NL,davisge01,NL,CLV,Cleveland Spiders
339,1892,CL4,NL,youngcy01,NL,CLV,Cleveland Spiders
340,1892,LS3,NL,jennihu01,NL,LOU,Louisville Colonels
341,1892,NY1,NL,ewingbu01,NL,SFG,New York Giants
342,1892,NY1,NL,keelewi01,NL,SFG,New York Giants
343,1892,NY1,NL,orourji01,NL,SFG,New York Giants
344,1892,NY1,NL,rusieam01,NL,SFG,New York Giants
345,1892,NY1,NL,welchmi01,NL,SFG,New York Giants
346,1892,PHI,NL,connoro01,NL,PHI,Philadelphia Phillies
347,1892,PHI,NL,delahed01,NL,PHI,Philadelphia Phillies
348,1892,PHI,NL,hamilbi01,NL,PHI,Philadelphia Phillies
349,1892,PHI,NL,keefeti01,NL,PHI,Philadelphia Phillies
350,1892,PHI,NL,thompsa01,NL,PHI,Philadelphia Phillies
351,1892,PIT,NL,becklja01,NL,PIT,Pittsburgh Pirates
352,1892,PIT,NL,galvipu01,NL,PIT,Pittsburgh Pirates
353,1892,PIT,NL,kellejo01,NL,PIT,Pittsburgh Pirates
354,1892,PIT,NL,mackco01,NL,PIT,Pittsburgh Pirates
355,1892,SLN,NL,galvipu01,NL,STL,St. Louis Browns
356,1893,BLN,NL,jennihu01,NL,BLO,Baltimore Orioles
357,1893,BLN,NL,kellejo01,NL,BLO,Baltimore Orioles
358,1893,BLN,NL,mcgrajo01,NL,BLO,Baltimore Orioles
359,1893,BLN,NL,robinwi01,NL,BLO,Baltimore Orioles
360,1893,BRO,NL,broutda01,NL,LAD,Brooklyn Grooms
361,1893,BRO,NL,keelewi01,NL,LAD,Brooklyn Grooms
362,1893,BSN,NL,duffyhu01,NL,ATL,Boston Beaneaters
363,1893,BSN,NL,mccarto01,NL,ATL,Boston Beaneaters
364,1893,BSN,NL,nichoki01,NL,ATL,Boston Beaneaters
365,1893,CHN,NL,ansonca01,NL,CHC,Chicago Colts
366,1893,CHN,NL,griffcl01,NL,CHC,Chicago Colts
367,1893,CIN,NL,comisch01,NL,CIN,Cincinnati Reds
368,1893,CIN,NL,mcphebi01,NL,CIN,Cincinnati Reds
369,1893,CL4,NL,burkeje01,NL,CLV,Cleveland Spiders
370,1893,CL4,NL,clarkjo01,NL,CLV,Cleveland Spiders
371,1893,CL4,NL,ewingbu01,NL,CLV,Cleveland Spiders
372,1893,CL4,NL,youngcy01,NL,CLV,Cleveland Spiders
373,1893,LS3,NL,jennihu01,NL,LOU,Louisville Colonels
374,1893,NY1,NL,connoro01,NL,SFG,New York Giants
375,1893,NY1,NL,davisge01,NL,SFG,New York Giants
376,1893,NY1,NL,keelewi01,NL,SFG,New York Giants
377,1893,NY1,NL,kellyki01,NL,SFG,New York Giants
378,1893,NY1,NL,rusieam01,NL,SFG,New York Giants
379,1893,NY1,NL,wardjo01,NL,SFG,New York Giants
380,1893,PHI,NL,delahed01,NL,PHI,Philadelphia Phillies
381,1893,PHI,NL,hamilbi01,NL,PHI,Philadelphia Phillies
382,1893,PHI,NL,keefeti01,NL,PHI,Philadelphia Phillies
383,1893,PHI,NL,thompsa01,NL,PHI,Philadelphia Phillies
384,1893,PIT,NL,becklja01,NL,PIT,Pittsburgh Pirates
385,1893,PIT,NL,mackco01,NL,PIT,Pittsburgh Pirates
386,1893,WAS,NL,orourji01,NL,WAS,Washington Senators
387,1894,BLN,NL,broutda01,NL,BLO,Baltimore Orioles
388,1894,BLN,NL,jennihu01,NL,BLO,Baltimore Orioles
389,1894,BLN,NL,keelewi01,NL,BLO,Baltimore Orioles
390,1894,BLN,NL,kellejo01,NL,BLO,Baltimore Orioles
391,1894,BLN,NL,mcgrajo01,NL,BLO,Baltimore Orioles
392,1894,BLN,NL,robinwi01,NL,BLO,Baltimore Orioles
393,1894,BSN,NL,duffyhu01,NL,ATL,Boston Beaneaters
394,1894,BSN,NL,mccarto01,NL,ATL,Boston Beaneaters
395,1894,BSN,NL,nichoki01,NL,ATL,Boston Beaneaters
396,1894,CHN,NL,ansonca01,NL,CHC,Chicago Colts
397,1894,CHN,NL,griffcl01,NL,CHC,Chicago Colts
398,1894,CIN,NL,comisch01,NL,CIN,Cincinnati Reds
399,1894,CIN,NL,mcphebi01,NL,CIN,Cincinnati Reds
400,1894,CL4,NL,burkeje01,NL,CLV,Cleveland Spiders
401,1894,CL4,NL,clarkjo01,NL,CLV,Cleveland Spiders
402,1894,CL4,NL,ewingbu01,NL,CLV,Cleveland Spiders
403,1894,CL4,NL,wallabo01,NL,CLV,Cleveland Spiders
404,1894,CL4,NL,youngcy01,NL,CLV,Cleveland Spiders
405,1894,LS3,NL,clarkfr01,NL,LOU,Louisville Colonels
406,1894,NY1,NL,connoro01,NL,SFG,New York Giants
407,1894,NY1,NL,davisge01,NL,SFG,New York Giants
408,1894,NY1,NL,rusieam01,NL,SFG,New York Giants
409,1894,NY1,NL,wardjo01,NL,SFG,New York Giants
410,1894,PHI,NL,delahed01,NL,PHI,Philadelphia Phillies
411,1894,PHI,NL,hamilbi01,NL,PHI,Philadelphia Phillies
412,1894,PHI,NL,thompsa01,NL,PHI,Philadelphia Phillies
413,1894,PIT,NL,becklja01,NL,PIT,Pittsburgh Pirates
414,1894,PIT,NL,mackco01,NL,PIT,Pittsburgh Pirates
415,1894,SLN,NL,connoro01,NL,STL,St. Louis Browns
416,1895,BLN,NL,broutda01,NL,BLO,Baltimore Orioles
417,1895,BLN,NL,jennihu01,NL,BLO,Baltimore Orioles
418,1895,BLN,NL,keelewi01,NL,BLO,Baltimore Orioles
419,1895,BLN,NL,kellejo01,NL,BLO,Baltimore Orioles
420,1895,BLN,NL,mcgrajo01,NL,BLO,Baltimore Orioles
421,1895,BLN,NL,robinwi01,NL,BLO,Baltimore Orioles
422,1895,BSN,NL,colliji01,NL,ATL,Boston Beaneaters
423,1895,BSN,NL,duffyhu01,NL,ATL,Boston Beaneaters
424,1895,BSN,NL,mccarto01,NL,ATL,Boston Beaneaters
425,1895,BSN,NL,nichoki01,NL,ATL,Boston Beaneaters
426,1895,CHN,NL,ansonca01,NL,CHC,Chicago Colts
427,1895,CHN,NL,griffcl01,NL,CHC,Chicago Colts
428,1895,CIN,NL,ewingbu01,NL,CIN,Cincinnati Reds
429,1895,CIN,NL,mcphebi01,NL,CIN,Cincinnati Reds
430,1895,CL4,NL,burkeje01,NL,CLV,Cleveland Spiders
431,1895,CL4,NL,wallabo01,NL,CLV,Cleveland Spiders
432,1895,CL4,NL,youngcy01,NL,CLV,Cleveland Spiders
433,1895,LS3,NL,broutda01,NL,LOU,Louisville Colonels
434,1895,LS3,NL,clarkfr01,NL,LOU,Louisville Colonels
435,1895,LS3,NL,colliji01,NL,LOU,Louisville Colonels
436,1895,NY1,NL,davisge01,NL,SFG,New York Giants
437,1895,NY1,NL,rusieam01,NL,SFG,New York Giants
438,1895,PHI,NL,delahed01,NL,PHI,Philadelphia Phillies
439,1895,PHI,NL,hamilbi01,NL,PHI,Philadelphia Phillies
440,1895,PHI,NL,thompsa01,NL,PHI,Philadelphia Phillies
441,1895,PIT,NL,becklja01,NL,PIT,Pittsburgh Pirates
442,1895,PIT,NL,mackco01,NL,PIT,Pittsburgh Pirates
443,1895,SLN,NL,connoro01,NL,STL,St. Louis Browns
444,1896,BLN,NL,jennihu01,NL,BLO,Baltimore Orioles
445,1896,BLN,NL,keelewi01,NL,BLO,Baltimore Orioles
446,1896,BLN,NL,kellejo01,NL,BLO,Baltimore Orioles
447,1896,BLN,NL,mcgrajo01,NL,BLO,Baltimore Orioles
448,1896,BLN,NL,robinwi01,NL,BLO,Baltimore Orioles
449,1896,BRO,NL,mccarto01,NL,LAD,Brooklyn Bridegrooms
450,1896,BSN,NL,colliji01,NL,ATL,Boston Beaneaters
451,1896,BSN,NL,duffyhu01,NL,ATL,Boston Beaneaters
452,1896,BSN,NL,hamilbi01,NL,ATL,Boston Beaneaters
453,1896,BSN,NL,nichoki01,NL,ATL,Boston Beaneaters
454,1896,CHN,NL,ansonca01,NL,CHC,Chicago Colts
455,1896,CHN,NL,griffcl01,NL,CHC,Chicago Colts
456,1896,CIN,NL,ewingbu01,NL,CIN,Cincinnati Reds
457,1896,CIN,NL,mcphebi01,NL,CIN,Cincinnati Reds
458,1896,CL4,NL,burkeje01,NL,CLV,Cleveland Spiders
459,1896,CL4,NL,wallabo01,NL,CLV,Cleveland Spiders
460,1896,CL4,NL,youngcy01,NL,CLV,Cleveland Spiders
461,1896,LS3,NL,clarkfr01,NL,LOU,Louisville Colonels
462,1896,NY1,NL,becklja01,NL,SFG,New York Giants
463,1896,NY1,NL,davisge01,NL,SFG,New York Giants
464,1896,PHI,NL,broutda01,NL,PHI,Philadelphia Phillies
465,1896,PHI,NL,delahed01,NL,PHI,Philadelphia Phillies
466,1896,PHI,NL,lajoina01,NL,PHI,Philadelphia Phillies
467,1896,PHI,NL,thompsa01,NL,PHI,Philadelphia Phillies
468,1896,PIT,NL,becklja01,NL,PIT,Pittsburgh Pirates
469,1896,PIT,NL,mackco01,NL,PIT,Pittsburgh Pirates
470,1896,SLN,NL,connoro01,NL,STL,St. Louis Browns
471,1897,BLN,NL,jennihu01,NL,BLO,Baltimore Orioles
472,1897,BLN,NL,keelewi01,NL,BLO,Baltimore Orioles
473,1897,BLN,NL,kellejo01,NL,BLO,Baltimore Orioles
474,1897,BLN,NL,mcgrajo01,NL,BLO,Baltimore Orioles
475,1897,BLN,NL,robinwi01,NL,BLO,Baltimore Orioles
476,1897,BSN,NL,colliji01,NL,ATL,Boston Beaneaters
477,1897,BSN,NL,duffyhu01,NL,ATL,Boston Beaneaters
478,1897,BSN,NL,hamilbi01,NL,ATL,Boston Beaneaters
479,1897,BSN,NL,nichoki01,NL,ATL,Boston Beaneaters
480,1897,CHN,NL,ansonca01,NL,CHC,Chicago Colts
481,1897,CHN,NL,griffcl01,NL,CHC,Chicago Colts
482,1897,CIN,NL,becklja01,NL,CIN,Cincinnati Reds
483,1897,CIN,NL,ewingbu01,NL,CIN,Cincinnati Reds
484,1897,CIN,NL,mcphebi01,NL,CIN,Cincinnati Reds
485,1897,CL4,NL,burkeje01,NL,CLV,Cleveland Spiders
486,1897,CL4,NL,wallabo01,NL,CLV,Cleveland Spiders
487,1897,CL4,NL,youngcy01,NL,CLV,Cleveland Spiders
488,1897,LS3,NL,clarkfr01,NL,LOU,Louisville Colonels
489,1897,LS3,NL,wadderu01,NL,LOU,Louisville Colonels
490,1897,LS3,NL,wagneho01,NL,LOU,Louisville Colonels
491,1897,NY1,NL,becklja01,NL,SFG,New York Giants
492,1897,NY1,NL,davisge01,NL,SFG,New York Giants
493,1897,NY1,NL,rusieam01,NL,SFG,New York Giants
494,1897,PHI,NL,delahed01,NL,PHI,Philadelphia Phillies
495,1897,PHI,NL,lajoina01,NL,PHI,Philadelphia Phillies
496,1897,PHI,NL,thompsa01,NL,PHI,Philadelphia Phillies
497,1897,SLN,NL,connoro01,NL,STL,St. Louis Browns
498,1897,WAS,NL,bresnro01,NL,WAS,Washington Senators
499,1898,BLN,NL,jennihu01,NL,BLO,Baltimore Orioles
500,1898,BLN,NL,keelewi01,NL,BLO,Baltimore Orioles
501,1898,BLN,NL,kellejo01,NL,BLO,Baltimore Orioles
502,1898,BLN,NL,mcgrajo01,NL,BLO,Baltimore Orioles
503,1898,BLN,NL,robinwi01,NL,BLO,Baltimore Orioles
504,1898,BSN,NL,colliji01,NL,ATL,Boston Beaneaters
505,1898,BSN,NL,duffyhu01,NL,ATL,Boston Beaneaters
506,1898,BSN,NL,hamilbi01,NL,ATL,Boston Beaneaters
507,1898,BSN,NL,nichoki01,NL,ATL,Boston Beaneaters
508,1898,BSN,NL,willivi01,NL,ATL,Boston Beaneaters
509,1898,CHN,NL,chancfr01,NL,CHC,Chicago Orphans
510,1898,CHN,NL,griffcl01,NL,CHC,Chicago Orphans
511,1898,CIN,NL,becklja01,NL,CIN,Cincinnati Reds
512,1898,CIN,NL,mcphebi01,NL,CIN,Cincinnati Reds
513,1898,CL4,NL,burkeje01,NL,CLV,Cleveland Spiders
514,1898,CL4,NL,wallabo01,NL,CLV,Cleveland Spiders
515,1898,CL4,NL,youngcy01,NL,CLV,Cleveland Spiders
516,1898,LS3,NL,clarkfr01,NL,LOU,Louisville Colonels
517,1898,LS3,NL,wagneho01,NL,LOU,Louisville Colonels
518,1898,NY1,NL,davisge01,NL,SFG,New York Giants
519,1898,NY1,NL,rusieam01,NL,SFG,New York Giants
520,1898,PHI,NL,delahed01,NL,PHI,Philadelphia Phillies
521,1898,PHI,NL,flickel01,NL,PHI,Philadelphia Phillies
522,1898,PHI,NL,lajoina01,NL,PHI,Philadelphia Phillies
523,1898,PHI,NL,thompsa01,NL,PHI,Philadelphia Phillies
524,1899,BLN,NL,jennihu01,NL,BLO,Baltimore Orioles
525,1899,BLN,NL,mcginjo01,NL,BLO,Baltimore Orioles
526,1899,BLN,NL,mcgrajo01,NL,BLO,Baltimore Orioles
527,1899,BLN,NL,robinwi01,NL,BLO,Baltimore Orioles
528,1899,BRO,NL,jennihu01,NL,LAD,Brooklyn Superbas
529,1899,BRO,NL,keelewi01,NL,LAD,Brooklyn Superbas
530,1899,BRO,NL,kellejo01,NL,LAD,Brooklyn Superbas
531,1899,BSN,NL,colliji01,NL,ATL,Boston Beaneaters
532,1899,BSN,NL,duffyhu01,NL,ATL,Boston Beaneaters
533,1899,BSN,NL,hamilbi01,NL,ATL,Boston Beaneaters
534,1899,BSN,NL,nichoki01,NL,ATL,Boston Beaneaters
535,1899,BSN,NL,willivi01,NL,ATL,Boston Beaneaters
536,1899,CHN,NL,chancfr01,NL,CHC,Chicago Orphans
537,1899,CHN,NL,griffcl01,NL,CHC,Chicago Orphans
538,1899,CIN,NL,becklja01,NL,CIN,Cincinnati Reds
539,1899,CIN,NL,crawfsa01,NL,CIN,Cincinnati Reds
540,1899,CIN,NL,mcphebi01,NL,CIN,Cincinnati Reds
541,1899,LS3,NL,clarkfr01,NL,LOU,Louisville Colonels
542,1899,LS3,NL,wadderu01,NL,LOU,Louisville Colonels
543,1899,LS3,NL,wagneho01,NL,LOU,Louisville Colonels
544,1899,NY1,NL,davisge01,NL,SFG,New York Giants
545,1899,PHI,NL,delahed01,NL,PHI,Philadelphia Phillies
546,1899,PHI,NL,flickel01,NL,PHI,Philadelphia Phillies
547,1899,PHI,NL,lajoina01,NL,PHI,Philadelphia Phillies
548,1899,PIT,NL,chesbja01,NL,PIT,Pittsburgh Pirates
549,1899,SLN,NL,burkeje01,NL,STL,St. Louis Perfectos
550,1899,SLN,NL,wallabo01,NL,STL,St. Louis Perfectos
551,1899,SLN,NL,youngcy01,NL,STL,St. Louis Perfectos
552,1900,BRO,NL,jennihu01,NL,LAD,Brooklyn Superbas
553,1900,BRO,NL,keelewi01,NL,LAD,Brooklyn Superbas
554,1900,BRO,NL,kellejo01,NL,LAD,Brooklyn Superbas
555,1900,BRO,NL,mcginjo01,NL,LAD,Brooklyn Superbas
556,1900,BSN,NL,colliji01,NL,ATL,Boston Beaneaters
557,1900,BSN,NL,duffyhu01,NL,ATL,Boston Beaneaters
558,1900,BSN,NL,hamilbi01,NL,ATL,Boston Beaneaters
559,1900,BSN,NL,nichoki01,NL,ATL,Boston Beaneaters
560,1900,BSN,NL,willivi01,NL,ATL,Boston Beaneaters
561,1900,CHN,NL,bresnro01,NL,CHC,Chicago Orphans
562,1900,CHN,NL,chancfr01,NL,CHC,Chicago Orphans
563,1900,CHN,NL,griffcl01,NL,CHC,Chicago Orphans
564,1900,CIN,NL,becklja01,NL,CIN,Cincinnati Reds
565,1900,CIN,NL,crawfsa01,NL,CIN,Cincinnati Reds
566,1900,NY1,NL,davisge01,NL,SFG,New York Giants
567,1900,NY1,NL,mathech01,NL,SFG,New York Giants
568,1900,PHI,NL,delahed01,NL,PHI,Philadelphia Phillies
569,1900,PHI,NL,flickel01,NL,PHI,Philadelphia Phillies
570,1900,PHI,NL,lajoina01,NL,PHI,Philadelphia Phillies
571,1900,PIT,NL,chesbja01,NL,PIT,Pittsburgh Pirates
572,1900,PIT,NL,clarkfr01,NL,PIT,Pittsburgh Pirates
573,1900,PIT,NL,wadderu01,NL,PIT,Pittsburgh Pirates
574,1900,PIT,NL,wagneho01,NL,PIT,Pittsburgh Pirates
575,1900,SLN,NL,burkeje01,NL,STL,St. Louis Cardinals
576,1900,SLN,NL,mcgrajo01,NL,STL,St. Louis Cardinals
577,1900,SLN,NL,robinwi01,NL,STL,St. Louis Cardinals
578,1900,SLN,NL,wallabo01,NL,STL,St. Louis Cardinals
579,1900,SLN,NL,youngcy01,NL,STL,St. Louis Cardinals
580,1901,BLA,AL,bresnro01,AL,NYY,Baltimore Orioles
581,1901,BLA,AL,mcginjo01,AL,NYY,Baltimore Orioles
582,1901,BLA,AL,mcgrajo01,AL,NYY,Baltimore Orioles
583,1901,BLA,AL,robinwi01,AL,NYY,Baltimore Orioles
584,1901,BOS,AL,colliji01,AL,BOS,Boston Americans
585,1901,BOS,AL,youngcy01,AL,BOS,Boston Americans
586,1901,BRO,NL,keelewi01,NL,LAD,Brooklyn Superbas
587,1901,BRO,NL,kellejo01,NL,LAD,Brooklyn Superbas
588,1901,BSN,NL,hamilbi01,NL,ATL,Boston Beaneaters
589,1901,BSN,NL,nichoki01,NL,ATL,Boston Beaneaters
590,1901,BSN,NL,willivi01,NL,ATL,Boston Beaneaters
591,1901,CHA,AL,griffcl01,AL,CHW,Chicago White Sox
592,1901,CHN,NL,chancfr01,NL,CHC,Chicago Orphans
593,1901,CHN,NL,wadderu01,NL,CHC,Chicago Orphans
594,1901,CIN,NL,becklja01,NL,CIN,Cincinnati Reds
595,1901,CIN,NL,crawfsa01,NL,CIN,Cincinnati Reds
596,1901,CIN,NL,rusieam01,NL,CIN,Cincinnati Reds
597,1901,MLA,AL,duffyhu01,AL,BAL,Milwaukee Brewers
598,1901,NY1,NL,davisge01,NL,SFG,New York Giants
599,1901,NY1,NL,mathech01,NL,SFG,New York Giants
600,1901,PHA,AL,lajoina01,AL,OAK,Philadelphia Athletics
601,1901,PHA,AL,planked01,AL,OAK,Philadelphia Athletics
602,1901,PHI,NL,delahed01,NL,PHI,Philadelphia Phillies
603,1901,PHI,NL,flickel01,NL,PHI,Philadelphia Phillies
604,1901,PHI,NL,jennihu01,NL,PHI,Philadelphia Phillies
605,1901,PIT,NL,chesbja01,NL,PIT,Pittsburgh Pirates
606,1901,PIT,NL,clarkfr01,NL,PIT,Pittsburgh Pirates
607,1901,PIT,NL,wadderu01,NL,PIT,Pittsburgh Pirates
608,1901,PIT,NL,wagneho01,NL,PIT,Pittsburgh Pirates
609,1901,SLN,NL,burkeje01,NL,STL,St. Louis Cardinals
610,1901,SLN,NL,wallabo01,NL,STL,St. Louis Cardinals
611,1902,BLA,AL,bresnro01,AL,NYY,Baltimore Orioles
612,1902,BLA,AL,kellejo01,AL,NYY,Baltimore Orioles
613,1902,BLA,AL,mcginjo01,AL,NYY,Baltimore Orioles
614,1902,BLA,AL,mcgrajo01,AL,NYY,Baltimore Orioles
615,1902,BLA,AL,robinwi01,AL,NYY,Baltimore Orioles
616,1902,BOS,AL,colliji01,AL,BOS,Boston Americans
617,1902,BOS,AL,youngcy01,AL,BOS,Boston Americans
618,1902,BRO,NL,keelewi01,NL,LAD,Brooklyn Superbas
619,1902,BSN,NL,willivi01,NL,ATL,Boston Beaneaters
620,1902,CHA,AL,davisge01,AL,CHW,Chicago White Sox
621,1902,CHA,AL,griffcl01,AL,CHW,Chicago White Sox
622,1902,CHN,NL,chancfr01,NL,CHC,Chicago Orphans
623,1902,CHN,NL,eversjo01,NL,CHC,Chicago Orphans
624,1902,CHN,NL,tinkejo01,NL,CHC,Chicago Orphans
625,1902,CIN,NL,becklja01,NL,CIN,Cincinnati Reds
626,1902,CIN,NL,crawfsa01,NL,CIN,Cincinnati Reds
627,1902,CIN,NL,kellejo01,NL,CIN,Cincinnati Reds
628,1902,CLE,AL,flickel01,AL,CLE,Cleveland Bronchos
629,1902,CLE,AL,jossad01,AL,CLE,Cleveland Bronchos
630,1902,CLE,AL,lajoina01,AL,CLE,Cleveland Bronchos
631,1902,NY1,NL,bresnro01,NL,SFG,New York Giants
632,1902,NY1,NL,mathech01,NL,SFG,New York Giants
633,1902,NY1,NL,mcginjo01,NL,SFG,New York Giants
634,1902,NY1,NL,mcgrajo01,NL,SFG,New York Giants
635,1902,PHA,AL,flickel01,AL,OAK,Philadelphia Athletics
636,1902,PHA,AL,lajoina01,AL,OAK,Philadelphia Athletics
637,1902,PHA,AL,planked01,AL,OAK,Philadelphia Athletics
638,1902,PHA,AL,wadderu01,AL,OAK,Philadelphia Athletics
639,1902,PHI,NL,jennihu01,NL,PHI,Philadelphia Phillies
640,1902,PIT,NL,chesbja01,NL,PIT,Pittsburgh Pirates
641,1902,PIT,NL,clarkfr01,NL,PIT,Pittsburgh Pirates
642,1902,PIT,NL,wagneho01,NL,PIT,Pittsburgh Pirates
643,1902,SLA,AL,burkeje01,AL,BAL,St. Louis Browns
644,1902,SLA,AL,wallabo01,AL,BAL,St. Louis Browns
645,1902,WS1,AL,delahed01,AL,MIN,Washington Senators
646,1903,BOS,AL,colliji01,AL,BOS,Boston Americans
647,1903,BOS,AL,youngcy01,AL,BOS,Boston Americans
648,1903,BRO,NL,jennihu01,NL,LAD,Brooklyn Superbas
649,1903,BSN,NL,willivi01,NL,ATL,Boston Beaneaters
650,1903,CHN,NL,chancfr01,NL,CHC,Chicago Cubs
651,1903,CHN,NL,eversjo01,NL,CHC,Chicago Cubs
652,1903,CHN,NL,tinkejo01,NL,CHC,Chicago Cubs
653,1903,CIN,NL,becklja01,NL,CIN,Cincinnati Reds
654,1903,CIN,NL,kellejo01,NL,CIN,Cincinnati Reds
655,1903,CLE,AL,flickel01,AL,CLE,Cleveland Naps
656,1903,CLE,AL,jossad01,AL,CLE,Cleveland Naps
657,1903,CLE,AL,lajoina01,AL,CLE,Cleveland Naps
658,1903,DET,AL,crawfsa01,AL,DET,Detroit Tigers
659,1903,NY1,NL,bresnro01,NL,SFG,New York Giants
660,1903,NY1,NL,davisge01,NL,SFG,New York Giants
661,1903,NY1,NL,mathech01,NL,SFG,New York Giants
662,1903,NY1,NL,mcginjo01,NL,SFG,New York Giants
663,1903,NY1,NL,mcgrajo01,NL,SFG,New York Giants
664,1903,NYA,AL,chesbja01,AL,NYY,New York Highlanders
665,1903,NYA,AL,griffcl01,AL,NYY,New York Highlanders
666,1903,NYA,AL,keelewi01,AL,NYY,New York Highlanders
667,1903,PHA,AL,bendech01,AL,OAK,Philadelphia Athletics
668,1903,PHA,AL,planked01,AL,OAK,Philadelphia Athletics
669,1903,PHA,AL,wadderu01,AL,OAK,Philadelphia Athletics
670,1903,PIT,NL,clarkfr01,NL,PIT,Pittsburgh Pirates
671,1903,PIT,NL,wagneho01,NL,PIT,Pittsburgh Pirates
672,1903,SLA,AL,burkeje01,AL,BAL,St. Louis Browns
673,1903,SLA,AL,wallabo01,AL,BAL,St. Louis Browns
674,1903,SLN,NL,brownmo01,NL,STL,St. Louis Cardinals
675,1903,WS1,AL,delahed01,AL,MIN,Washington Senators
676,1904,BOS,AL,colliji01,AL,BOS,Boston Americans
677,1904,BOS,AL,youngcy01,AL,BOS,Boston Americans
678,1904,BSN,NL,willivi01,NL,ATL,Boston Beaneaters
679,1904,CHA,AL,davisge01,AL,CHW,Chicago White Sox
680,1904,CHA,AL,walshed01,AL,CHW,Chicago White Sox
681,1904,CHN,NL,brownmo01,NL,CHC,Chicago Cubs
682,1904,CHN,NL,chancfr01,NL,CHC,Chicago Cubs
683,1904,CHN,NL,eversjo01,NL,CHC,Chicago Cubs
684,1904,CHN,NL,tinkejo01,NL,CHC,Chicago Cubs
685,1904,CIN,NL,huggimi01,NL,CIN,Cincinnati Reds
686,1904,CIN,NL,kellejo01,NL,CIN,Cincinnati Reds
687,1904,CLE,AL,flickel01,AL,CLE,Cleveland Naps
688,1904,CLE,AL,jossad01,AL,CLE,Cleveland Naps
689,1904,CLE,AL,lajoina01,AL,CLE,Cleveland Naps
690,1904,DET,AL,crawfsa01,AL,DET,Detroit Tigers
691,1904,NY1,NL,bresnro01,NL,SFG,New York Giants
692,1904,NY1,NL,broutda01,NL,SFG,New York Giants
693,1904,NY1,NL,mathech01,NL,SFG,New York Giants
694,1904,NY1,NL,mcginjo01,NL,SFG,New York Giants
695,1904,NY1,NL,mcgrajo01,NL,SFG,New York Giants
696,1904,NY1,NL,orourji01,NL,SFG,New York Giants
697,1904,NYA,AL,chesbja01,AL,NYY,New York Highlanders
698,1904,NYA,AL,griffcl01,AL,NYY,New York Highlanders
699,1904,NYA,AL,keelewi01,AL,NYY,New York Highlanders
700,1904,PHA,AL,bendech01,AL,OAK,Philadelphia Athletics
701,1904,PHA,AL,planked01,AL,OAK,Philadelphia Athletics
702,1904,PHA,AL,wadderu01,AL,OAK,Philadelphia Athletics
703,1904,PHI,NL,duffyhu01,NL,PHI,Philadelphia Phillies
704,1904,PIT,NL,clarkfr01,NL,PIT,Pittsburgh Pirates
705,1904,PIT,NL,wagneho01,NL,PIT,Pittsburgh Pirates
706,1904,SLA,AL,burkeje01,AL,BAL,St. Louis Browns
707,1904,SLA,AL,wallabo01,AL,BAL,St. Louis Browns
708,1904,SLN,NL,becklja01,NL,STL,St. Louis Cardinals
709,1904,SLN,NL,nichoki01,NL,STL,St. Louis Cardinals
710,1905,BOS,AL,burkeje01,AL,BOS,Boston Americans
711,1905,BOS,AL,colliji01,AL,BOS,Boston Americans
712,1905,BOS,AL,youngcy01,AL,BOS,Boston Americans
713,1905,BSN,NL,willivi01,NL,ATL,Boston Beaneaters
714,1905,CHA,AL,davisge01,AL,CHW,Chicago White Sox
715,1905,CHA,AL,walshed01,AL,CHW,Chicago White Sox
716,1905,CHN,NL,brownmo01,NL,CHC,Chicago Cubs
717,1905,CHN,NL,chancfr01,NL,CHC,Chicago Cubs
718,1905,CHN,NL,eversjo01,NL,CHC,Chicago Cubs
719,1905,CHN,NL,tinkejo01,NL,CHC,Chicago Cubs
720,1905,CIN,NL,huggimi01,NL,CIN,Cincinnati Reds
721,1905,CIN,NL,kellejo01,NL,CIN,Cincinnati Reds
722,1905,CLE,AL,flickel01,AL,CLE,Cleveland Naps
723,1905,CLE,AL,jossad01,AL,CLE,Cleveland Naps
724,1905,CLE,AL,lajoina01,AL,CLE,Cleveland Naps
725,1905,DET,AL,cobbty01,AL,DET,Detroit Tigers
726,1905,DET,AL,crawfsa01,AL,DET,Detroit Tigers
727,1905,NY1,NL,bresnro01,NL,SFG,New York Giants
728,1905,NY1,NL,mathech01,NL,SFG,New York Giants
729,1905,NY1,NL,mcginjo01,NL,SFG,New York Giants
730,1905,NY1,NL,mcgrajo01,NL,SFG,New York Giants
731,1905,NYA,AL,chesbja01,AL,NYY,New York Highlanders
732,1905,NYA,AL,griffcl01,AL,NYY,New York Highlanders
733,1905,NYA,AL,keelewi01,AL,NYY,New York Highlanders
734,1905,PHA,AL,bendech01,AL,OAK,Philadelphia Athletics
735,1905,PHA,AL,planked01,AL,OAK,Philadelphia Athletics
736,1905,PHA,AL,wadderu01,AL,OAK,Philadelphia Athletics
737,1905,PHI,NL,duffyhu01,NL,PHI,Philadelphia Phillies
738,1905,PHI,NL,nichoki01,NL,PHI,Philadelphia Phillies
739,1905,PIT,NL,clarkfr01,NL,PIT,Pittsburgh Pirates
740,1905,PIT,NL,wagneho01,NL,PIT,Pittsburgh Pirates
741,1905,SLA,AL,rickebr01,AL,BAL,St. Louis Browns
742,1905,SLA,AL,wallabo01,AL,BAL,St. Louis Browns
743,1905,SLN,NL,becklja01,NL,STL,St. Louis Cardinals
744,1905,SLN,NL,nichoki01,NL,STL,St. Louis Cardinals
745,1906,BOS,AL,colliji01,AL,BOS,Boston Americans
746,1906,BOS,AL,youngcy01,AL,BOS,Boston Americans
747,1906,CHA,AL,davisge01,AL,CHW,Chicago White Sox
748,1906,CHA,AL,walshed01,AL,CHW,Chicago White Sox
749,1906,CHN,NL,brownmo01,NL,CHC,Chicago Cubs
750,1906,CHN,NL,chancfr01,NL,CHC,Chicago Cubs
751,1906,CHN,NL,eversjo01,NL,CHC,Chicago Cubs
752,1906,CHN,NL,tinkejo01,NL,CHC,Chicago Cubs
753,1906,CIN,NL,huggimi01,NL,CIN,Cincinnati Reds
754,1906,CIN,NL,kellejo01,NL,CIN,Cincinnati Reds
755,1906,CLE,AL,flickel01,AL,CLE,Cleveland Naps
756,1906,CLE,AL,jossad01,AL,CLE,Cleveland Naps
757,1906,CLE,AL,lajoina01,AL,CLE,Cleveland Naps
758,1906,DET,AL,cobbty01,AL,DET,Detroit Tigers
759,1906,DET,AL,crawfsa01,AL,DET,Detroit Tigers
760,1906,DET,AL,thompsa01,AL,DET,Detroit Tigers
761,1906,NY1,NL,bresnro01,NL,SFG,New York Giants
762,1906,NY1,NL,mathech01,NL,SFG,New York Giants
763,1906,NY1,NL,mcginjo01,NL,SFG,New York Giants
764,1906,NY1,NL,mcgrajo01,NL,SFG,New York Giants
765,1906,NYA,AL,chesbja01,AL,NYY,New York Highlanders
766,1906,NYA,AL,griffcl01,AL,NYY,New York Highlanders
767,1906,NYA,AL,keelewi01,AL,NYY,New York Highlanders
768,1906,PHA,AL,bendech01,AL,OAK,Philadelphia Athletics
769,1906,PHA,AL,collied01,AL,OAK,Philadelphia Athletics
770,1906,PHA,AL,planked01,AL,OAK,Philadelphia Athletics
771,1906,PHA,AL,wadderu01,AL,OAK,Philadelphia Athletics
772,1906,PHI,NL,duffyhu01,NL,PHI,Philadelphia Phillies
773,1906,PHI,NL,nichoki01,NL,PHI,Philadelphia Phillies
774,1906,PIT,NL,clarkfr01,NL,PIT,Pittsburgh Pirates
775,1906,PIT,NL,wagneho01,NL,PIT,Pittsburgh Pirates
776,1906,PIT,NL,willivi01,NL,PIT,Pittsburgh Pirates
777,1906,SLA,AL,rickebr01,AL,BAL,St. Louis Browns
778,1906,SLA,AL,wallabo01,AL,BAL,St. Louis Browns
779,1906,SLN,NL,becklja01,NL,STL,St. Louis Cardinals
780,1907,BOS,AL,colliji01,AL,BOS,Boston Americans
781,1907,BOS,AL,speaktr01,AL,BOS,Boston Americans
782,1907,BOS,AL,youngcy01,AL,BOS,Boston Americans
783,1907,CHA,AL,davisge01,AL,CHW,Chicago White Sox
784,1907,CHA,AL,walshed01,AL,CHW,Chicago White Sox
785,1907,CHN,NL,brownmo01,NL,CHC,Chicago Cubs
786,1907,CHN,NL,chancfr01,NL,CHC,Chicago Cubs
787,1907,CHN,NL,eversjo01,NL,CHC,Chicago Cubs
788,1907,CHN,NL,tinkejo01,NL,CHC,Chicago Cubs
789,1907,CIN,NL,huggimi01,NL,CIN,Cincinnati Reds
790,1907,CLE,AL,flickel01,AL,CLE,Cleveland Naps
791,1907,CLE,AL,jossad01,AL,CLE,Cleveland Naps
792,1907,CLE,AL,lajoina01,AL,CLE,Cleveland Naps
793,1907,DET,AL,cobbty01,AL,DET,Detroit Tigers
794,1907,DET,AL,crawfsa01,AL,DET,Detroit Tigers
795,1907,DET,AL,jennihu01,AL,DET,Detroit Tigers
796,1907,NY1,NL,bresnro01,NL,SFG,New York Giants
797,1907,NY1,NL,mathech01,NL,SFG,New York Giants
798,1907,NY1,NL,mcginjo01,NL,SFG,New York Giants
799,1907,NY1,NL,mcgrajo01,NL,SFG,New York Giants
800,1907,NYA,AL,chesbja01,AL,NYY,New York Highlanders
801,1907,NYA,AL,griffcl01,AL,NYY,New York Highlanders
802,1907,NYA,AL,keelewi01,AL,NYY,New York Highlanders
803,1907,NYA,AL,rickebr01,AL,NYY,New York Highlanders
804,1907,PHA,AL,bendech01,AL,OAK,Philadelphia Athletics
805,1907,PHA,AL,collied01,AL,OAK,Philadelphia Athletics
806,1907,PHA,AL,colliji01,AL,OAK,Philadelphia Athletics
807,1907,PHA,AL,planked01,AL,OAK,Philadelphia Athletics
808,1907,PHA,AL,wadderu01,AL,OAK,Philadelphia Athletics
809,1907,PIT,NL,clarkfr01,NL,PIT,Pittsburgh Pirates
810,1907,PIT,NL,mckecbi01,NL,PIT,Pittsburgh Pirates
811,1907,PIT,NL,wagneho01,NL,PIT,Pittsburgh Pirates
812,1907,PIT,NL,willivi01,NL,PIT,Pittsburgh Pirates
813,1907,SLA,AL,wallabo01,AL,BAL,St. Louis Browns
814,1907,SLN,NL,becklja01,NL,STL,St. Louis Cardinals
815,1907,WS1,AL,johnswa01,AL,MIN,Washington Senators
816,1908,BOS,AL,speaktr01,AL,BOS,Boston Red Sox
817,1908,BOS,AL,youngcy01,AL,BOS,Boston Red Sox
818,1908,BSN,NL,kellejo01,NL,ATL,Boston Doves
819,1908,CHA,AL,davisge01,AL,CHW,Chicago White Sox
820,1908,CHA,AL,walshed01,AL,CHW,Chicago White Sox
821,1908,CHN,NL,brownmo01,NL,CHC,Chicago Cubs
822,1908,CHN,NL,chancfr01,NL,CHC,Chicago Cubs
823,1908,CHN,NL,eversjo01,NL,CHC,Chicago Cubs
824,1908,CHN,NL,tinkejo01,NL,CHC,Chicago Cubs
825,1908,CIN,NL,huggimi01,NL,CIN,Cincinnati Reds
826,1908,CLE,AL,flickel01,AL,CLE,Cleveland Naps
827,1908,CLE,AL,jossad01,AL,CLE,Cleveland Naps
828,1908,CLE,AL,lajoina01,AL,CLE,Cleveland Naps
829,1908,DET,AL,cobbty01,AL,DET,Detroit Tigers
830,1908,DET,AL,crawfsa01,AL,DET,Detroit Tigers
831,1908,NY1,NL,bresnro01,NL,SFG,New York Giants
832,1908,NY1,NL,marquru01,NL,SFG,New York Giants
833,1908,NY1,NL,mathech01,NL,SFG,New York Giants
834,1908,NY1,NL,mcginjo01,NL,SFG,New York Giants
835,1908,NYA,AL,chesbja01,AL,NYY,New York Highlanders
836,1908,NYA,AL,keelewi01,AL,NYY,New York Highlanders
837,1908,PHA,AL,bakerfr01,AL,OAK,Philadelphia Athletics
838,1908,PHA,AL,bendech01,AL,OAK,Philadelphia Athletics
839,1908,PHA,AL,collied01,AL,OAK,Philadelphia Athletics
840,1908,PHA,AL,colliji01,AL,OAK,Philadelphia Athletics
841,1908,PHA,AL,planked01,AL,OAK,Philadelphia Athletics
842,1908,PIT,NL,clarkfr01,NL,PIT,Pittsburgh Pirates
843,1908,PIT,NL,wagneho01,NL,PIT,Pittsburgh Pirates
844,1908,PIT,NL,willivi01,NL,PIT,Pittsburgh Pirates
845,1908,SLA,AL,wadderu01,AL,BAL,St. Louis Browns
846,1908,SLA,AL,wallabo01,AL,BAL,St. Louis Browns
847,1908,WS1,AL,johnswa01,AL,MIN,Washington Senators
848,1909,BOS,AL,chesbja01,AL,BOS,Boston Red Sox
849,1909,BOS,AL,hoopeha01,AL,BOS,Boston Red Sox
850,1909,BOS,AL,speaktr01,AL,BOS,Boston Red Sox
851,1909,BRO,NL,wheatza01,NL,LAD,Brooklyn Superbas
852,1909,CHA,AL,davisge01,AL,CHW,Chicago White Sox
853,1909,CHA,AL,walshed01,AL,CHW,Chicago White Sox
854,1909,CHN,NL,brownmo01,NL,CHC,Chicago Cubs
855,1909,CHN,NL,chancfr01,NL,CHC,Chicago Cubs
856,1909,CHN,NL,eversjo01,NL,CHC,Chicago Cubs
857,1909,CHN,NL,tinkejo01,NL,CHC,Chicago Cubs
858,1909,CIN,NL,griffcl01,NL,CIN,Cincinnati Reds
859,1909,CIN,NL,huggimi01,NL,CIN,Cincinnati Reds
860,1909,CLE,AL,flickel01,AL,CLE,Cleveland Naps
861,1909,CLE,AL,jossad01,AL,CLE,Cleveland Naps
862,1909,CLE,AL,lajoina01,AL,CLE,Cleveland Naps
863,1909,CLE,AL,youngcy01,AL,CLE,Cleveland Naps
864,1909,DET,AL,cobbty01,AL,DET,Detroit Tigers
865,1909,DET,AL,crawfsa01,AL,DET,Detroit Tigers
866,1909,DET,AL,jennihu01,AL,DET,Detroit Tigers
867,1909,NY1,NL,marquru01,NL,SFG,New York Giants
868,1909,NY1,NL,mathech01,NL,SFG,New York Giants
869,1909,NYA,AL,chesbja01,AL,NYY,New York Highlanders
870,1909,NYA,AL,keelewi01,AL,NYY,New York Highlanders
871,1909,PHA,AL,bakerfr01,AL,OAK,Philadelphia Athletics
872,1909,PHA,AL,bendech01,AL,OAK,Philadelphia Athletics
873,1909,PHA,AL,collied01,AL,OAK,Philadelphia Athletics
874,1909,PHA,AL,planked01,AL,OAK,Philadelphia Athletics
875,1909,PIT,NL,clarkfr01,NL,PIT,Pittsburgh Pirates
876,1909,PIT,NL,wagneho01,NL,PIT,Pittsburgh Pirates
877,1909,PIT,NL,willivi01,NL,PIT,Pittsburgh Pirates
878,1909,SLA,AL,wadderu01,AL,BAL,St. Louis Browns
879,1909,SLA,AL,wallabo01,AL,BAL,St. Louis Browns
880,1909,SLN,NL,bresnro01,NL,STL,St. Louis Cardinals
881,1909,WS1,AL,johnswa01,AL,MIN,Washington Senators
882,1910,BOS,AL,hoopeha01,AL,BOS,Boston Red Sox
883,1910,BOS,AL,speaktr01,AL,BOS,Boston Red Sox
884,1910,BRO,NL,wheatza01,NL,LAD,Brooklyn Superbas
885,1910,CHA,AL,walshed01,AL,CHW,Chicago White Sox
886,1910,CHN,NL,brownmo01,NL,CHC,Chicago Cubs
887,1910,CHN,NL,chancfr01,NL,CHC,Chicago Cubs
888,1910,CHN,NL,eversjo01,NL,CHC,Chicago Cubs
889,1910,CHN,NL,tinkejo01,NL,CHC,Chicago Cubs
890,1910,CIN,NL,griffcl01,NL,CIN,Cincinnati Reds
891,1910,CLE,AL,flickel01,AL,CLE,Cleveland Naps
892,1910,CLE,AL,jossad01,AL,CLE,Cleveland Naps
893,1910,CLE,AL,lajoina01,AL,CLE,Cleveland Naps
894,1910,CLE,AL,youngcy01,AL,CLE,Cleveland Naps
895,1910,DET,AL,cobbty01,AL,DET,Detroit Tigers
896,1910,DET,AL,crawfsa01,AL,DET,Detroit Tigers
897,1910,DET,AL,jennihu01,AL,DET,Detroit Tigers
898,1910,NY1,NL,keelewi01,NL,SFG,New York Giants
899,1910,NY1,NL,marquru01,NL,SFG,New York Giants
900,1910,NY1,NL,mathech01,NL,SFG,New York Giants
901,1910,PHA,AL,bakerfr01,AL,OAK,Philadelphia Athletics
902,1910,PHA,AL,bendech01,AL,OAK,Philadelphia Athletics
903,1910,PHA,AL,collied01,AL,OAK,Philadelphia Athletics
904,1910,PHA,AL,planked01,AL,OAK,Philadelphia Athletics
905,1910,PIT,NL,careyma01,NL,PIT,Pittsburgh Pirates
906,1910,PIT,NL,clarkfr01,NL,PIT,Pittsburgh Pirates
907,1910,PIT,NL,mckecbi01,NL,PIT,Pittsburgh Pirates
908,1910,PIT,NL,wagneho01,NL,PIT,Pittsburgh Pirates
909,1910,SLA,AL,wadderu01,AL,BAL,St. Louis Browns
910,1910,SLA,AL,wallabo01,AL,BAL,St. Louis Browns
911,1910,SLN,NL,bresnro01,NL,STL,St. Louis Cardinals
912,1910,SLN,NL,huggimi01,NL,STL,St. Louis Cardinals
913,1910,SLN,NL,willivi01,NL,STL,St. Louis Cardinals
914,1910,WS1,AL,johnswa01,AL,MIN,Washington Senators
915,1911,BOS,AL,hoopeha01,AL,BOS,Boston Red Sox
916,1911,BOS,AL,speaktr01,AL,BOS,Boston Red Sox
917,1911,BRO,NL,wheatza01,NL,LAD,Brooklyn Dodgers
918,1911,BSN,NL,youngcy01,NL,ATL,Boston Rustlers
919,1911,CHA,AL,walshed01,AL,CHW,Chicago White Sox
920,1911,CHN,NL,brownmo01,NL,CHC,Chicago Cubs
921,1911,CHN,NL,chancfr01,NL,CHC,Chicago Cubs
922,1911,CHN,NL,eversjo01,NL,CHC,Chicago Cubs
923,1911,CHN,NL,tinkejo01,NL,CHC,Chicago Cubs
924,1911,CLE,AL,lajoina01,AL,CLE,Cleveland Naps
925,1911,CLE,AL,youngcy01,AL,CLE,Cleveland Naps
926,1911,DET,AL,cobbty01,AL,DET,Detroit Tigers
927,1911,DET,AL,crawfsa01,AL,DET,Detroit Tigers
928,1911,NY1,NL,marquru01,NL,SFG,New York Giants
929,1911,NY1,NL,mathech01,NL,SFG,New York Giants
930,1911,PHA,AL,bakerfr01,AL,OAK,Philadelphia Athletics
931,1911,PHA,AL,bendech01,AL,OAK,Philadelphia Athletics
932,1911,PHA,AL,collied01,AL,OAK,Philadelphia Athletics
933,1911,PHA,AL,planked01,AL,OAK,Philadelphia Athletics
934,1911,PHI,NL,alexape01,NL,PHI,Philadelphia Phillies
935,1911,PIT,NL,careyma01,NL,PIT,Pittsburgh Pirates
936,1911,PIT,NL,clarkfr01,NL,PIT,Pittsburgh Pirates
937,1911,PIT,NL,mckecbi01,NL,PIT,Pittsburgh Pirates
938,1911,PIT,NL,wagneho01,NL,PIT,Pittsburgh Pirates
939,1911,SLA,AL,wallabo01,AL,BAL,St. Louis Browns
940,1911,SLN,NL,bresnro01,NL,STL,St. Louis Cardinals
941,1911,SLN,NL,huggimi01,NL,STL,St. Louis Cardinals
942,1911,WS1,AL,johnswa01,AL,MIN,Washington Senators
943,1912,BOS,AL,hoopeha01,AL,BOS,Boston Red Sox
944,1912,BOS,AL,speaktr01,AL,BOS,Boston Red Sox
945,1912,BRO,NL,stengca01,NL,LAD,Brooklyn Dodgers
946,1912,BRO,NL,wheatza01,NL,LAD,Brooklyn Dodgers
947,1912,BSN,NL,maranra01,NL,ATL,Boston Braves
948,1912,CHA,AL,schalra01,AL,CHW,Chicago White Sox
949,1912,CHA,AL,walshed01,AL,CHW,Chicago White Sox
950,1912,CHN,NL,brownmo01,NL,CHC,Chicago Cubs
951,1912,CHN,NL,chancfr01,NL,CHC,Chicago Cubs
952,1912,CHN,NL,eversjo01,NL,CHC,Chicago Cubs
953,1912,CHN,NL,tinkejo01,NL,CHC,Chicago Cubs
954,1912,CLE,AL,lajoina01,AL,CLE,Cleveland Naps
955,1912,DET,AL,cobbty01,AL,DET,Detroit Tigers
956,1912,DET,AL,crawfsa01,AL,DET,Detroit Tigers
957,1912,DET,AL,jennihu01,AL,DET,Detroit Tigers
958,1912,NY1,NL,marquru01,NL,SFG,New York Giants
959,1912,NY1,NL,mathech01,NL,SFG,New York Giants
960,1912,PHA,AL,bakerfr01,AL,OAK,Philadelphia Athletics
961,1912,PHA,AL,bendech01,AL,OAK,Philadelphia Athletics
962,1912,PHA,AL,collied01,AL,OAK,Philadelphia Athletics
963,1912,PHA,AL,covelst01,AL,OAK,Philadelphia Athletics
964,1912,PHA,AL,pennohe01,AL,OAK,Philadelphia Athletics
965,1912,PHA,AL,planked01,AL,OAK,Philadelphia Athletics
966,1912,PHI,NL,alexape01,NL,PHI,Philadelphia Phillies
967,1912,PHI,NL,rixeyep01,NL,PHI,Philadelphia Phillies
968,1912,PIT,NL,careyma01,NL,PIT,Pittsburgh Pirates
969,1912,PIT,NL,mckecbi01,NL,PIT,Pittsburgh Pirates
970,1912,PIT,NL,wagneho01,NL,PIT,Pittsburgh Pirates
971,1912,SLA,AL,wallabo01,AL,BAL,St. Louis Browns
972,1912,SLN,NL,bresnro01,NL,STL,St. Louis Cardinals
973,1912,SLN,NL,huggimi01,NL,STL,St. Louis Cardinals
974,1912,WS1,AL,griffcl01,AL,MIN,Washington Senators
975,1912,WS1,AL,johnswa01,AL,MIN,Washington Senators
976,1913,BOS,AL,hoopeha01,AL,BOS,Boston Red Sox
977,1913,BOS,AL,speaktr01,AL,BOS,Boston Red Sox
978,1913,BRO,NL,stengca01,NL,LAD,Brooklyn Superbas
979,1913,BRO,NL,wheatza01,NL,LAD,Brooklyn Superbas
980,1913,BSN,NL,maranra01,NL,ATL,Boston Braves
981,1913,BSN,NL,mckecbi01,NL,ATL,Boston Braves
982,1913,CHA,AL,roushed01,AL,CHW,Chicago White Sox
983,1913,CHA,AL,schalra01,AL,CHW,Chicago White Sox
984,1913,CHA,AL,walshed01,AL,CHW,Chicago White Sox
985,1913,CHN,NL,bresnro01,NL,CHC,Chicago Cubs
986,1913,CHN,NL,eversjo01,NL,CHC,Chicago Cubs
987,1913,CIN,NL,brownmo01,NL,CIN,Cincinnati Reds
988,1913,CIN,NL,tinkejo01,NL,CIN,Cincinnati Reds
989,1913,CLE,AL,lajoina01,AL,CLE,Cleveland Naps
990,1913,CLE,AL,southbi01,AL,CLE,Cleveland Naps
991,1913,DET,AL,cobbty01,AL,DET,Detroit Tigers
992,1913,DET,AL,crawfsa01,AL,DET,Detroit Tigers
993,1913,NY1,NL,marquru01,NL,SFG,New York Giants
994,1913,NY1,NL,mathech01,NL,SFG,New York Giants
995,1913,NYA,AL,chancfr01,AL,NYY,New York Yankees
996,1913,NYA,AL,mckecbi01,AL,NYY,New York Yankees
997,1913,PHA,AL,bakerfr01,AL,OAK,Philadelphia Athletics
998,1913,PHA,AL,bendech01,AL,OAK,Philadelphia Athletics
999,1913,PHA,AL,collied01,AL,OAK,Philadelphia Athletics
1000,1913,PHA,AL,pennohe01,AL,OAK,Philadelphia Athletics
1001,1913,PHA,AL,planked01,AL,OAK,Philadelphia Athletics
1002,1913,PHI,NL,alexape01,NL,PHI,Philadelphia Phillies
1003,1913,PHI,NL,rixeyep01,NL,PHI,Philadelphia Phillies
1004,1913,PIT,NL,careyma01,NL,PIT,Pittsburgh Pirates
1005,1913,PIT,NL,clarkfr01,NL,PIT,Pittsburgh Pirates
1006,1913,PIT,NL,wagneho01,NL,PIT,Pittsburgh Pirates
1007,1913,SLA,AL,wallabo01,AL,BAL,St. Louis Browns
1008,1913,SLN,NL,huggimi01,NL,STL,St. Louis Cardinals
1009,1913,WS1,AL,griffcl01,AL,MIN,Washington Senators
1010,1913,WS1,AL,johnswa01,AL,MIN,Washington Senators
1011,1914,BOS,AL,hoopeha01,AL,BOS,Boston Red Sox
1012,1914,BOS,AL,ruthba01,AL,BOS,Boston Red Sox
1013,1914,BOS,AL,speaktr01,AL,BOS,Boston Red Sox
1014,1914,BRF,FL,brownmo01,FL,BTT,Brooklyn Tip-Tops
1015,1914,BRO,NL,stengca01,NL,LAD,Brooklyn Robins
1016,1914,BRO,NL,wheatza01,NL,LAD,Brooklyn Robins
1017,1914,BSN,NL,eversjo01,NL,ATL,Boston Braves
1018,1914,BSN,NL,maranra01,NL,ATL,Boston Braves
1019,1914,CHA,AL,faberre01,AL,CHW,Chicago White Sox
1020,1914,CHA,AL,schalra01,AL,CHW,Chicago White Sox
1021,1914,CHA,AL,walshed01,AL,CHW,Chicago White Sox
1022,1914,CHF,FL,tinkejo01,FL,CHH,Chicago Chi-Feds
1023,1914,CHN,NL,bresnro01,NL,CHC,Chicago Cubs
1024,1914,CLE,AL,lajoina01,AL,CLE,Cleveland Naps
1025,1914,DET,AL,cobbty01,AL,DET,Detroit Tigers
1026,1914,DET,AL,crawfsa01,AL,DET,Detroit Tigers
1027,1914,DET,AL,heilmha01,AL,DET,Detroit Tigers
1028,1914,IND,FL,mckecbi01,FL,NEW,Indianapolis Hoosiers
1029,1914,IND,FL,roushed01,FL,NEW,Indianapolis Hoosiers
1030,1914,NY1,NL,marquru01,NL,SFG,New York Giants
1031,1914,NY1,NL,mathech01,NL,SFG,New York Giants
1032,1914,NYA,AL,chancfr01,AL,NYY,New York Yankees
1033,1914,PHA,AL,bakerfr01,AL,OAK,Philadelphia Athletics
1034,1914,PHA,AL,bendech01,AL,OAK,Philadelphia Athletics
1035,1914,PHA,AL,collied01,AL,OAK,Philadelphia Athletics
1036,1914,PHA,AL,pennohe01,AL,OAK,Philadelphia Athletics
1037,1914,PHA,AL,planked01,AL,OAK,Philadelphia Athletics
1038,1914,PHI,NL,alexape01,NL,PHI,Philadelphia Phillies
1039,1914,PHI,NL,rixeyep01,NL,PHI,Philadelphia Phillies
1040,1914,PIT,NL,careyma01,NL,PIT,Pittsburgh Pirates
1041,1914,PIT,NL,clarkfr01,NL,PIT,Pittsburgh Pirates
1042,1914,PIT,NL,wagneho01,NL,PIT,Pittsburgh Pirates
1043,1914,SLA,AL,rickebr01,AL,BAL,St. Louis Browns
1044,1914,SLA,AL,wallabo01,AL,BAL,St. Louis Browns
1045,1914,SLF,FL,brownmo01,FL,SLI,St. Louis Terriers
1046,1914,SLN,NL,huggimi01,NL,STL,St. Louis Cardinals
1047,1914,WS1,AL,griffcl01,AL,MIN,Washington Senators
1048,1914,WS1,AL,johnswa01,AL,MIN,Washington Senators
1049,1915,BLF,FL,bendech01,FL,BLT,Baltimore Terrapins
1050,1915,BOS,AL,hoopeha01,AL,BOS,Boston Red Sox
1051,1915,BOS,AL,pennohe01,AL,BOS,Boston Red Sox
1052,1915,BOS,AL,ruthba01,AL,BOS,Boston Red Sox
1053,1915,BOS,AL,speaktr01,AL,BOS,Boston Red Sox
1054,1915,BRO,NL,marquru01,NL,LAD,Brooklyn Robins
1055,1915,BRO,NL,stengca01,NL,LAD,Brooklyn Robins
1056,1915,BRO,NL,wheatza01,NL,LAD,Brooklyn Robins
1057,1915,BSN,NL,eversjo01,NL,ATL,Boston Braves
1058,1915,BSN,NL,maranra01,NL,ATL,Boston Braves
1059,1915,CHA,AL,collied01,AL,CHW,Chicago White Sox
1060,1915,CHA,AL,faberre01,AL,CHW,Chicago White Sox
1061,1915,CHA,AL,schalra01,AL,CHW,Chicago White Sox
1062,1915,CHA,AL,walshed01,AL,CHW,Chicago White Sox
1063,1915,CHF,FL,brownmo01,FL,CHH,Chicago Whales
1064,1915,CHF,FL,tinkejo01,FL,CHH,Chicago Whales
1065,1915,CHN,NL,bresnro01,NL,CHC,Chicago Cubs
1066,1915,CLE,AL,southbi01,AL,CLE,Cleveland Indians
1067,1915,DET,AL,cobbty01,AL,DET,Detroit Tigers
1068,1915,DET,AL,crawfsa01,AL,DET,Detroit Tigers
1069,1915,NEW,FL,mckecbi01,FL,NEW,Newark Pepper
1070,1915,NEW,FL,roushed01,FL,NEW,Newark Pepper
1071,1915,NY1,NL,kellyge01,NL,SFG,New York Giants
1072,1915,NY1,NL,marquru01,NL,SFG,New York Giants
1073,1915,NY1,NL,mathech01,NL,SFG,New York Giants
1074,1915,NYA,AL,vanceda01,AL,NYY,New York Yankees
1075,1915,PHA,AL,lajoina01,AL,OAK,Philadelphia Athletics
1076,1915,PHA,AL,pennohe01,AL,OAK,Philadelphia Athletics
1077,1915,PHI,NL,alexape01,NL,PHI,Philadelphia Phillies
1078,1915,PHI,NL,bancrda01,NL,PHI,Philadelphia Phillies
1079,1915,PHI,NL,rixeyep01,NL,PHI,Philadelphia Phillies
1080,1915,PIT,NL,careyma01,NL,PIT,Pittsburgh Pirates
1081,1915,PIT,NL,clarkfr01,NL,PIT,Pittsburgh Pirates
1082,1915,PIT,NL,vanceda01,NL,PIT,Pittsburgh Pirates
1083,1915,PIT,NL,wagneho01,NL,PIT,Pittsburgh Pirates
1084,1915,SLA,AL,sislege01,AL,BAL,St. Louis Browns
1085,1915,SLA,AL,wallabo01,AL,BAL,St. Louis Browns
1086,1915,SLF,FL,planked01,FL,SLI,St. Louis Terriers
1087,1915,SLN,NL,hornsro01,NL,STL,St. Louis Cardinals
1088,1915,SLN,NL,huggimi01,NL,STL,St. Louis Cardinals
1089,1915,WS1,AL,connoto01,AL,MIN,Washington Senators
1090,1915,WS1,AL,johnswa01,AL,MIN,Washington Senators
1091,1915,WS1,AL,ricesa01,AL,MIN,Washington Senators
1092,1916,BOS,AL,hoopeha01,AL,BOS,Boston Red Sox
1093,1916,BOS,AL,pennohe01,AL,BOS,Boston Red Sox
1094,1916,BOS,AL,ruthba01,AL,BOS,Boston Red Sox
1095,1916,BRO,NL,marquru01,NL,LAD,Brooklyn Robins
1096,1916,BRO,NL,stengca01,NL,LAD,Brooklyn Robins
1097,1916,BRO,NL,wheatza01,NL,LAD,Brooklyn Robins
1098,1916,BSN,NL,eversjo01,NL,ATL,Boston Braves
1099,1916,BSN,NL,maranra01,NL,ATL,Boston Braves
1100,1916,CHA,AL,collied01,AL,CHW,Chicago White Sox
1101,1916,CHA,AL,faberre01,AL,CHW,Chicago White Sox
1102,1916,CHA,AL,schalra01,AL,CHW,Chicago White Sox
1103,1916,CHA,AL,walshed01,AL,CHW,Chicago White Sox
1104,1916,CHN,NL,brownmo01,NL,CHC,Chicago Cubs
1105,1916,CHN,NL,tinkejo01,NL,CHC,Chicago Cubs
1106,1916,CIN,NL,mathech01,NL,CIN,Cincinnati Reds
1107,1916,CIN,NL,mckecbi01,NL,CIN,Cincinnati Reds
1108,1916,CIN,NL,roushed01,NL,CIN,Cincinnati Reds
1109,1916,CLE,AL,covelst01,AL,CLE,Cleveland Indians
1110,1916,CLE,AL,speaktr01,AL,CLE,Cleveland Indians
1111,1916,DET,AL,cobbty01,AL,DET,Detroit Tigers
1112,1916,DET,AL,crawfsa01,AL,DET,Detroit Tigers
1113,1916,DET,AL,heilmha01,AL,DET,Detroit Tigers
1114,1916,NY1,NL,kellyge01,NL,SFG,New York Giants
1115,1916,NY1,NL,mathech01,NL,SFG,New York Giants
1116,1916,NY1,NL,mckecbi01,NL,SFG,New York Giants
1117,1916,NY1,NL,roushed01,NL,SFG,New York Giants
1118,1916,NYA,AL,bakerfr01,AL,NYY,New York Yankees
1119,1916,PHA,AL,lajoina01,AL,OAK,Philadelphia Athletics
1120,1916,PHI,NL,alexape01,NL,PHI,Philadelphia Phillies
1121,1916,PHI,NL,bancrda01,NL,PHI,Philadelphia Phillies
1122,1916,PHI,NL,bendech01,NL,PHI,Philadelphia Phillies
1123,1916,PHI,NL,rixeyep01,NL,PHI,Philadelphia Phillies
1124,1916,PIT,NL,careyma01,NL,PIT,Pittsburgh Pirates
1125,1916,PIT,NL,grimebu01,NL,PIT,Pittsburgh Pirates
1126,1916,PIT,NL,wagneho01,NL,PIT,Pittsburgh Pirates
1127,1916,SLA,AL,planked01,AL,BAL,St. Louis Browns
1128,1916,SLA,AL,sislege01,AL,BAL,St. Louis Browns
1129,1916,SLA,AL,wallabo01,AL,BAL,St. Louis Browns
1130,1916,SLN,NL,hornsro01,NL,STL,St. Louis Cardinals
1131,1916,SLN,NL,huggimi01,NL,STL,St. Louis Cardinals
1132,1916,WS1,AL,johnswa01,AL,MIN,Washington Senators
1133,1916,WS1,AL,ricesa01,AL,MIN,Washington Senators
1134,1917,BOS,AL,hoopeha01,AL,BOS,Boston Red Sox
1135,1917,BOS,AL,pennohe01,AL,BOS,Boston Red Sox
1136,1917,BOS,AL,ruthba01,AL,BOS,Boston Red Sox
1137,1917,BRO,NL,marquru01,NL,LAD,Brooklyn Robins
1138,1917,BRO,NL,stengca01,NL,LAD,Brooklyn Robins
1139,1917,BRO,NL,wheatza01,NL,LAD,Brooklyn Robins
1140,1917,BSN,NL,eversjo01,NL,ATL,Boston Braves
1141,1917,BSN,NL,maranra01,NL,ATL,Boston Braves
1142,1917,BSN,NL,walshed01,NL,ATL,Boston Braves
1143,1917,CHA,AL,collied01,AL,CHW,Chicago White Sox
1144,1917,CHA,AL,faberre01,AL,CHW,Chicago White Sox
1145,1917,CHA,AL,schalra01,AL,CHW,Chicago White Sox
1146,1917,CIN,NL,mckecbi01,NL,CIN,Cincinnati Reds
1147,1917,CIN,NL,roushed01,NL,CIN,Cincinnati Reds
1148,1917,CLE,AL,covelst01,AL,CLE,Cleveland Indians
1149,1917,CLE,AL,speaktr01,AL,CLE,Cleveland Indians
1150,1917,DET,AL,cobbty01,AL,DET,Detroit Tigers
1151,1917,DET,AL,crawfsa01,AL,DET,Detroit Tigers
1152,1917,DET,AL,heilmha01,AL,DET,Detroit Tigers
1153,1917,NY1,NL,kellyge01,NL,SFG,New York Giants
1154,1917,NY1,NL,youngro01,NL,SFG,New York Giants
1155,1917,NYA,AL,bakerfr01,AL,NYY,New York Yankees
1156,1917,PHI,NL,alexape01,NL,PHI,Philadelphia Phillies
1157,1917,PHI,NL,bancrda01,NL,PHI,Philadelphia Phillies
1158,1917,PHI,NL,bendech01,NL,PHI,Philadelphia Phillies
1159,1917,PHI,NL,eversjo01,NL,PHI,Philadelphia Phillies
1160,1917,PHI,NL,rixeyep01,NL,PHI,Philadelphia Phillies
1161,1917,PIT,NL,careyma01,NL,PIT,Pittsburgh Pirates
1162,1917,PIT,NL,grimebu01,NL,PIT,Pittsburgh Pirates
1163,1917,PIT,NL,kellyge01,NL,PIT,Pittsburgh Pirates
1164,1917,PIT,NL,wagneho01,NL,PIT,Pittsburgh Pirates
1165,1917,SLA,AL,planked01,AL,BAL,St. Louis Browns
1166,1917,SLA,AL,sislege01,AL,BAL,St. Louis Browns
1167,1917,SLN,NL,hornsro01,NL,STL,St. Louis Cardinals
1168,1917,SLN,NL,wallabo01,NL,STL,St. Louis Cardinals
1169,1917,WS1,AL,johnswa01,AL,MIN,Washington Senators
1170,1917,WS1,AL,ricesa01,AL,MIN,Washington Senators
1171,1918,BOS,AL,hoopeha01,AL,BOS,Boston Red Sox
1172,1918,BOS,AL,ruthba01,AL,BOS,Boston Red Sox
1173,1918,BRO,NL,grimebu01,NL,LAD,Brooklyn Robins
1174,1918,BRO,NL,marquru01,NL,LAD,Brooklyn Robins
1175,1918,BRO,NL,wheatza01,NL,LAD,Brooklyn Robins
1176,1918,BSN,NL,maranra01,NL,ATL,Boston Braves
1177,1918,CHA,AL,collied01,AL,CHW,Chicago White Sox
1178,1918,CHA,AL,faberre01,AL,CHW,Chicago White Sox
1179,1918,CHA,AL,schalra01,AL,CHW,Chicago White Sox
1180,1918,CHN,NL,alexape01,NL,CHC,Chicago Cubs
1181,1918,CIN,NL,haineje01,NL,CIN,Cincinnati Reds
1182,1918,CIN,NL,roushed01,NL,CIN,Cincinnati Reds
1183,1918,CLE,AL,covelst01,AL,CLE,Cleveland Indians
1184,1918,CLE,AL,speaktr01,AL,CLE,Cleveland Indians
1185,1918,DET,AL,cobbty01,AL,DET,Detroit Tigers
1186,1918,DET,AL,heilmha01,AL,DET,Detroit Tigers
1187,1918,DET,AL,jennihu01,AL,DET,Detroit Tigers
1188,1918,NY1,NL,hoytwa01,NL,SFG,New York Giants
1189,1918,NY1,NL,youngro01,NL,SFG,New York Giants
1190,1918,NYA,AL,bakerfr01,AL,NYY,New York Yankees
1191,1918,NYA,AL,vanceda01,AL,NYY,New York Yankees
1192,1918,PHI,NL,bancrda01,NL,PHI,Philadelphia Phillies
1193,1918,PIT,NL,careyma01,NL,PIT,Pittsburgh Pirates
1194,1918,PIT,NL,mckecbi01,NL,PIT,Pittsburgh Pirates
1195,1918,PIT,NL,southbi01,NL,PIT,Pittsburgh Pirates
1196,1918,PIT,NL,stengca01,NL,PIT,Pittsburgh Pirates
1197,1918,SLA,AL,sislege01,AL,BAL,St. Louis Browns
1198,1918,SLN,NL,hornsro01,NL,STL,St. Louis Cardinals
1199,1918,SLN,NL,wallabo01,NL,STL,St. Louis Cardinals
1200,1918,WS1,AL,johnswa01,AL,MIN,Washington Senators
1201,1918,WS1,AL,ricesa01,AL,MIN,Washington Senators
1202,1919,BOS,AL,hoopeha01,AL,BOS,Boston Red Sox
1203,1919,BOS,AL,hoytwa01,AL,BOS,Boston Red Sox
1204,1919,BOS,AL,pennohe01,AL,BOS,Boston Red Sox
1205,1919,BOS,AL,ruthba01,AL,BOS,Boston Red Sox
1206,1919,BRO,NL,grimebu01,NL,LAD,Brooklyn Robins
1207,1919,BRO,NL,marquru01,NL,LAD,Brooklyn Robins
1208,1919,BRO,NL,wheatza01,NL,LAD,Brooklyn Robins
1209,1919,BSN,NL,maranra01,NL,ATL,Boston Braves
1210,1919,CHA,AL,collied01,AL,CHW,Chicago White Sox
1211,1919,CHA,AL,faberre01,AL,CHW,Chicago White Sox
1212,1919,CHA,AL,schalra01,AL,CHW,Chicago White Sox
1213,1919,CHN,NL,alexape01,NL,CHC,Chicago Cubs
1214,1919,CIN,NL,roushed01,NL,CIN,Cincinnati Reds
1215,1919,CLE,AL,covelst01,AL,CLE,Cleveland Indians
1216,1919,CLE,AL,speaktr01,AL,CLE,Cleveland Indians
1217,1919,DET,AL,cobbty01,AL,DET,Detroit Tigers
1218,1919,DET,AL,heilmha01,AL,DET,Detroit Tigers
1219,1919,NY1,NL,friscfr01,NL,SFG,New York Giants
1220,1919,NY1,NL,kellyge01,NL,SFG,New York Giants
1221,1919,NY1,NL,youngro01,NL,SFG,New York Giants
1222,1919,NYA,AL,bakerfr01,AL,NYY,New York Yankees
1223,1919,PHI,NL,bancrda01,NL,PHI,Philadelphia Phillies
1224,1919,PHI,NL,rixeyep01,NL,PHI,Philadelphia Phillies
1225,1919,PIT,NL,careyma01,NL,PIT,Pittsburgh Pirates
1226,1919,PIT,NL,southbi01,NL,PIT,Pittsburgh Pirates
1227,1919,PIT,NL,stengca01,NL,PIT,Pittsburgh Pirates
1228,1919,SLA,AL,sislege01,AL,BAL,St. Louis Browns
1229,1919,SLN,NL,hornsro01,NL,STL,St. Louis Cardinals
1230,1919,WS1,AL,harribu01,AL,MIN,Washington Senators
1231,1919,WS1,AL,johnswa01,AL,MIN,Washington Senators
1232,1919,WS1,AL,ricesa01,AL,MIN,Washington Senators
1233,1920,BOS,AL,hoopeha01,AL,BOS,Boston Red Sox
1234,1920,BOS,AL,hoytwa01,AL,BOS,Boston Red Sox
1235,1920,BOS,AL,pennohe01,AL,BOS,Boston Red Sox
1236,1920,BRO,NL,grimebu01,NL,LAD,Brooklyn Robins
1237,1920,BRO,NL,marquru01,NL,LAD,Brooklyn Robins
1238,1920,BRO,NL,wheatza01,NL,LAD,Brooklyn Robins
1239,1920,BSN,NL,maranra01,NL,ATL,Boston Braves
1240,1920,CHA,AL,collied01,AL,CHW,Chicago White Sox
1241,1920,CHA,AL,faberre01,AL,CHW,Chicago White Sox
1242,1920,CHA,AL,schalra01,AL,CHW,Chicago White Sox
1243,1920,CHN,NL,alexape01,NL,CHC,Chicago Cubs
1244,1920,CIN,NL,roushed01,NL,CIN,Cincinnati Reds
1245,1920,CLE,AL,covelst01,AL,CLE,Cleveland Indians
1246,1920,CLE,AL,seweljo01,AL,CLE,Cleveland Indians
1247,1920,CLE,AL,speaktr01,AL,CLE,Cleveland Indians
1248,1920,DET,AL,cobbty01,AL,DET,Detroit Tigers
1249,1920,DET,AL,heilmha01,AL,DET,Detroit Tigers
1250,1920,NY1,NL,bancrda01,NL,SFG,New York Giants
1251,1920,NY1,NL,friscfr01,NL,SFG,New York Giants
1252,1920,NY1,NL,kellyge01,NL,SFG,New York Giants
1253,1920,NY1,NL,youngro01,NL,SFG,New York Giants
1254,1920,NYA,AL,ruthba01,AL,NYY,New York Yankees
1255,1920,PHI,NL,bancrda01,NL,PHI,Philadelphia Phillies
1256,1920,PHI,NL,rixeyep01,NL,PHI,Philadelphia Phillies
1257,1920,PHI,NL,stengca01,NL,PHI,Philadelphia Phillies
1258,1920,PIT,NL,careyma01,NL,PIT,Pittsburgh Pirates
1259,1920,PIT,NL,mckecbi01,NL,PIT,Pittsburgh Pirates
1260,1920,PIT,NL,southbi01,NL,PIT,Pittsburgh Pirates
1261,1920,PIT,NL,traynpi01,NL,PIT,Pittsburgh Pirates
1262,1920,SLA,AL,sislege01,AL,BAL,St. Louis Browns
1263,1920,SLN,NL,haineje01,NL,STL,St. Louis Cardinals
1264,1920,SLN,NL,hornsro01,NL,STL,St. Louis Cardinals
1265,1920,WS1,AL,harribu01,AL,MIN,Washington Senators
1266,1920,WS1,AL,johnswa01,AL,MIN,Washington Senators
1267,1920,WS1,AL,ricesa01,AL,MIN,Washington Senators
1268,1921,BOS,AL,pennohe01,AL,BOS,Boston Red Sox
1269,1921,BRO,NL,grimebu01,NL,LAD,Brooklyn Robins
1270,1921,BRO,NL,wheatza01,NL,LAD,Brooklyn Robins
1271,1921,BSN,NL,southbi01,NL,ATL,Boston Braves
1272,1921,CHA,AL,collied01,AL,CHW,Chicago White Sox
1273,1921,CHA,AL,faberre01,AL,CHW,Chicago White Sox
1274,1921,CHA,AL,hoopeha01,AL,CHW,Chicago White Sox
1275,1921,CHA,AL,schalra01,AL,CHW,Chicago White Sox
1276,1921,CHN,NL,alexape01,NL,CHC,Chicago Cubs
1277,1921,CIN,NL,marquru01,NL,CIN,Cincinnati Reds
1278,1921,CIN,NL,rixeyep01,NL,CIN,Cincinnati Reds
1279,1921,CIN,NL,roushed01,NL,CIN,Cincinnati Reds
1280,1921,CLE,AL,covelst01,AL,CLE,Cleveland Indians
1281,1921,CLE,AL,seweljo01,AL,CLE,Cleveland Indians
1282,1921,CLE,AL,speaktr01,AL,CLE,Cleveland Indians
1283,1921,DET,AL,cobbty01,AL,DET,Detroit Tigers
1284,1921,DET,AL,heilmha01,AL,DET,Detroit Tigers
1285,1921,NY1,NL,bancrda01,NL,SFG,New York Giants
1286,1921,NY1,NL,friscfr01,NL,SFG,New York Giants
1287,1921,NY1,NL,kellyge01,NL,SFG,New York Giants
1288,1921,NY1,NL,stengca01,NL,SFG,New York Giants
1289,1921,NY1,NL,youngro01,NL,SFG,New York Giants
1290,1921,NYA,AL,bakerfr01,AL,NYY,New York Yankees
1291,1921,NYA,AL,hoytwa01,AL,NYY,New York Yankees
1292,1921,NYA,AL,ruthba01,AL,NYY,New York Yankees
1293,1921,PHI,NL,stengca01,NL,PHI,Philadelphia Phillies
1294,1921,PIT,NL,careyma01,NL,PIT,Pittsburgh Pirates
1295,1921,PIT,NL,cuyleki01,NL,PIT,Pittsburgh Pirates
1296,1921,PIT,NL,maranra01,NL,PIT,Pittsburgh Pirates
1297,1921,PIT,NL,traynpi01,NL,PIT,Pittsburgh Pirates
1298,1921,SLA,AL,sislege01,AL,BAL,St. Louis Browns
1299,1921,SLN,NL,haineje01,NL,STL,St. Louis Cardinals
1300,1921,SLN,NL,hornsro01,NL,STL,St. Louis Cardinals
1301,1921,WS1,AL,gosligo01,AL,MIN,Washington Senators
1302,1921,WS1,AL,harribu01,AL,MIN,Washington Senators
1303,1921,WS1,AL,johnswa01,AL,MIN,Washington Senators
1304,1921,WS1,AL,ricesa01,AL,MIN,Washington Senators
1305,1922,BOS,AL,pennohe01,AL,BOS,Boston Red Sox
1306,1922,BRO,NL,grimebu01,NL,LAD,Brooklyn Robins
1307,1922,BRO,NL,vanceda01,NL,LAD,Brooklyn Robins
1308,1922,BRO,NL,wheatza01,NL,LAD,Brooklyn Robins
1309,1922,BSN,NL,marquru01,NL,ATL,Boston Braves
1310,1922,BSN,NL,southbi01,NL,ATL,Boston Braves
1311,1922,CHA,AL,collied01,AL,CHW,Chicago White Sox
1312,1922,CHA,AL,eversjo01,AL,CHW,Chicago White Sox
1313,1922,CHA,AL,faberre01,AL,CHW,Chicago White Sox
1314,1922,CHA,AL,hoopeha01,AL,CHW,Chicago White Sox
1315,1922,CHA,AL,schalra01,AL,CHW,Chicago White Sox
1316,1922,CHN,NL,alexape01,NL,CHC,Chicago Cubs
1317,1922,CHN,NL,hartnga01,NL,CHC,Chicago Cubs
1318,1922,CIN,NL,rixeyep01,NL,CIN,Cincinnati Reds
1319,1922,CIN,NL,roushed01,NL,CIN,Cincinnati Reds
1320,1922,CLE,AL,covelst01,AL,CLE,Cleveland Indians
1321,1922,CLE,AL,seweljo01,AL,CLE,Cleveland Indians
1322,1922,CLE,AL,speaktr01,AL,CLE,Cleveland Indians
1323,1922,DET,AL,cobbty01,AL,DET,Detroit Tigers
1324,1922,DET,AL,heilmha01,AL,DET,Detroit Tigers
1325,1922,NY1,NL,bancrda01,NL,SFG,New York Giants
1326,1922,NY1,NL,friscfr01,NL,SFG,New York Giants
1327,1922,NY1,NL,jackstr01,NL,SFG,New York Giants
1328,1922,NY1,NL,kellyge01,NL,SFG,New York Giants
1329,1922,NY1,NL,stengca01,NL,SFG,New York Giants
1330,1922,NY1,NL,youngro01,NL,SFG,New York Giants
1331,1922,NYA,AL,bakerfr01,AL,NYY,New York Yankees
1332,1922,NYA,AL,hoytwa01,AL,NYY,New York Yankees
1333,1922,NYA,AL,ruthba01,AL,NYY,New York Yankees
1334,1922,PIT,NL,careyma01,NL,PIT,Pittsburgh Pirates
1335,1922,PIT,NL,cuyleki01,NL,PIT,Pittsburgh Pirates
1336,1922,PIT,NL,maranra01,NL,PIT,Pittsburgh Pirates
1337,1922,PIT,NL,traynpi01,NL,PIT,Pittsburgh Pirates
1338,1922,SLA,AL,sislege01,AL,BAL,St. Louis Browns
1339,1922,SLN,NL,bottoji01,NL,STL,St. Louis Cardinals
1340,1922,SLN,NL,haineje01,NL,STL,St. Louis Cardinals
1341,1922,SLN,NL,hornsro01,NL,STL,St. Louis Cardinals
1342,1922,WS1,AL,gosligo01,AL,MIN,Washington Senators
1343,1922,WS1,AL,harribu01,AL,MIN,Washington Senators
1344,1922,WS1,AL,johnswa01,AL,MIN,Washington Senators
1345,1922,WS1,AL,ricesa01,AL,MIN,Washington Senators
1346,1923,BRO,NL,grimebu01,NL,LAD,Brooklyn Robins
1347,1923,BRO,NL,vanceda01,NL,LAD,Brooklyn Robins
1348,1923,BRO,NL,wheatza01,NL,LAD,Brooklyn Robins
1349,1923,BSN,NL,marquru01,NL,ATL,Boston Braves
1350,1923,BSN,NL,southbi01,NL,ATL,Boston Braves
1351,1923,CHA,AL,collied01,AL,CHW,Chicago White Sox
1352,1923,CHA,AL,faberre01,AL,CHW,Chicago White Sox
1353,1923,CHA,AL,hoopeha01,AL,CHW,Chicago White Sox
1354,1923,CHA,AL,lyonste01,AL,CHW,Chicago White Sox
1355,1923,CHA,AL,schalra01,AL,CHW,Chicago White Sox
1356,1923,CHN,NL,alexape01,NL,CHC,Chicago Cubs
1357,1923,CHN,NL,hartnga01,NL,CHC,Chicago Cubs
1358,1923,CIN,NL,rixeyep01,NL,CIN,Cincinnati Reds
1359,1923,CIN,NL,roushed01,NL,CIN,Cincinnati Reds
1360,1923,CLE,AL,covelst01,AL,CLE,Cleveland Indians
1361,1923,CLE,AL,seweljo01,AL,CLE,Cleveland Indians
1362,1923,CLE,AL,speaktr01,AL,CLE,Cleveland Indians
1363,1923,DET,AL,cobbty01,AL,DET,Detroit Tigers
1364,1923,DET,AL,heilmha01,AL,DET,Detroit Tigers
1365,1923,DET,AL,manushe01,AL,DET,Detroit Tigers
1366,1923,NY1,NL,bancrda01,NL,SFG,New York Giants
1367,1923,NY1,NL,friscfr01,NL,SFG,New York Giants
1368,1923,NY1,NL,jackstr01,NL,SFG,New York Giants
1369,1923,NY1,NL,kellyge01,NL,SFG,New York Giants
1370,1923,NY1,NL,stengca01,NL,SFG,New York Giants
1371,1923,NY1,NL,terrybi01,NL,SFG,New York Giants
1372,1923,NY1,NL,wilsoha01,NL,SFG,New York Giants
1373,1923,NY1,NL,youngro01,NL,SFG,New York Giants
1374,1923,NYA,AL,gehrilo01,AL,NYY,New York Yankees
1375,1923,NYA,AL,hoytwa01,AL,NYY,New York Yankees
1376,1923,NYA,AL,pennohe01,AL,NYY,New York Yankees
1377,1923,NYA,AL,ruthba01,AL,NYY,New York Yankees
1378,1923,PIT,NL,careyma01,NL,PIT,Pittsburgh Pirates
1379,1923,PIT,NL,cuyleki01,NL,PIT,Pittsburgh Pirates
1380,1923,PIT,NL,maranra01,NL,PIT,Pittsburgh Pirates
1381,1923,PIT,NL,traynpi01,NL,PIT,Pittsburgh Pirates
1382,1923,SLN,NL,bottoji01,NL,STL,St. Louis Cardinals
1383,1923,SLN,NL,haineje01,NL,STL,St. Louis Cardinals
1384,1923,SLN,NL,hornsro01,NL,STL,St. Louis Cardinals
1385,1923,WS1,AL,gosligo01,AL,MIN,Washington Senators
1386,1923,WS1,AL,harribu01,AL,MIN,Washington Senators
1387,1923,WS1,AL,johnswa01,AL,MIN,Washington Senators
1388,1923,WS1,AL,ricesa01,AL,MIN,Washington Senators
1389,1924,BOS,AL,ruffire01,AL,BOS,Boston Red Sox
1390,1924,BRO,NL,grimebu01,NL,LAD,Brooklyn Robins
1391,1924,BRO,NL,vanceda01,NL,LAD,Brooklyn Robins
1392,1924,BRO,NL,wheatza01,NL,LAD,Brooklyn Robins
1393,1924,BSN,NL,bancrda01,NL,ATL,Boston Braves
1394,1924,BSN,NL,marquru01,NL,ATL,Boston Braves
1395,1924,BSN,NL,stengca01,NL,ATL,Boston Braves
1396,1924,CHA,AL,collied01,AL,CHW,Chicago White Sox
1397,1924,CHA,AL,faberre01,AL,CHW,Chicago White Sox
1398,1924,CHA,AL,hoopeha01,AL,CHW,Chicago White Sox
1399,1924,CHA,AL,lyonste01,AL,CHW,Chicago White Sox
1400,1924,CHA,AL,schalra01,AL,CHW,Chicago White Sox
1401,1924,CHN,NL,alexape01,NL,CHC,Chicago Cubs
1402,1924,CHN,NL,hartnga01,NL,CHC,Chicago Cubs
1403,1924,CIN,NL,rixeyep01,NL,CIN,Cincinnati Reds
1404,1924,CIN,NL,roushed01,NL,CIN,Cincinnati Reds
1405,1924,CLE,AL,covelst01,AL,CLE,Cleveland Indians
1406,1924,CLE,AL,seweljo01,AL,CLE,Cleveland Indians
1407,1924,CLE,AL,speaktr01,AL,CLE,Cleveland Indians
1408,1924,DET,AL,cobbty01,AL,DET,Detroit Tigers
1409,1924,DET,AL,gehrich01,AL,DET,Detroit Tigers
1410,1924,DET,AL,heilmha01,AL,DET,Detroit Tigers
1411,1924,DET,AL,manushe01,AL,DET,Detroit Tigers
1412,1924,NY1,NL,friscfr01,NL,SFG,New York Giants
1413,1924,NY1,NL,jackstr01,NL,SFG,New York Giants
1414,1924,NY1,NL,kellyge01,NL,SFG,New York Giants
1415,1924,NY1,NL,lindsfr01,NL,SFG,New York Giants
1416,1924,NY1,NL,southbi01,NL,SFG,New York Giants
1417,1924,NY1,NL,terrybi01,NL,SFG,New York Giants
1418,1924,NY1,NL,wilsoha01,NL,SFG,New York Giants
1419,1924,NY1,NL,youngro01,NL,SFG,New York Giants
1420,1924,NYA,AL,combsea01,AL,NYY,New York Yankees
1421,1924,NYA,AL,gehrilo01,AL,NYY,New York Yankees
1422,1924,NYA,AL,hoytwa01,AL,NYY,New York Yankees
1423,1924,NYA,AL,pennohe01,AL,NYY,New York Yankees
1424,1924,NYA,AL,ruthba01,AL,NYY,New York Yankees
1425,1924,PHA,AL,simmoal01,AL,OAK,Philadelphia Athletics
1426,1924,PIT,NL,careyma01,NL,PIT,Pittsburgh Pirates
1427,1924,PIT,NL,cuyleki01,NL,PIT,Pittsburgh Pirates
1428,1924,PIT,NL,maranra01,NL,PIT,Pittsburgh Pirates
1429,1924,PIT,NL,traynpi01,NL,PIT,Pittsburgh Pirates
1430,1924,SLA,AL,sislege01,AL,BAL,St. Louis Browns
1431,1924,SLN,NL,bottoji01,NL,STL,St. Louis Cardinals
1432,1924,SLN,NL,hafeych01,NL,STL,St. Louis Cardinals
1433,1924,SLN,NL,haineje01,NL,STL,St. Louis Cardinals
1434,1924,SLN,NL,hornsro01,NL,STL,St. Louis Cardinals
1435,1924,WS1,AL,gosligo01,AL,MIN,Washington Senators
1436,1924,WS1,AL,harribu01,AL,MIN,Washington Senators
1437,1924,WS1,AL,johnswa01,AL,MIN,Washington Senators
1438,1924,WS1,AL,ricesa01,AL,MIN,Washington Senators
1439,1925,BOS,AL,ruffire01,AL,BOS,Boston Red Sox
1440,1925,BRO,NL,grimebu01,NL,LAD,Brooklyn Robins
1441,1925,BRO,NL,vanceda01,NL,LAD,Brooklyn Robins
1442,1925,BRO,NL,wheatza01,NL,LAD,Brooklyn Robins
1443,1925,BSN,NL,bancrda01,NL,ATL,Boston Braves
1444,1925,BSN,NL,marquru01,NL,ATL,Boston Braves
1445,1925,BSN,NL,stengca01,NL,ATL,Boston Braves
1446,1925,CHA,AL,bendech01,AL,CHW,Chicago White Sox
1447,1925,CHA,AL,collied01,AL,CHW,Chicago White Sox
1448,1925,CHA,AL,faberre01,AL,CHW,Chicago White Sox
1449,1925,CHA,AL,hoopeha01,AL,CHW,Chicago White Sox
1450,1925,CHA,AL,lyonste01,AL,CHW,Chicago White Sox
1451,1925,CHA,AL,schalra01,AL,CHW,Chicago White Sox
1452,1925,CHN,NL,alexape01,NL,CHC,Chicago Cubs
1453,1925,CHN,NL,hartnga01,NL,CHC,Chicago Cubs
1454,1925,CHN,NL,maranra01,NL,CHC,Chicago Cubs
1455,1925,CIN,NL,rixeyep01,NL,CIN,Cincinnati Reds
1456,1925,CIN,NL,roushed01,NL,CIN,Cincinnati Reds
1457,1925,CLE,AL,seweljo01,AL,CLE,Cleveland Indians
1458,1925,CLE,AL,speaktr01,AL,CLE,Cleveland Indians
1459,1925,DET,AL,cobbty01,AL,DET,Detroit Tigers
1460,1925,DET,AL,gehrich01,AL,DET,Detroit Tigers
1461,1925,DET,AL,heilmha01,AL,DET,Detroit Tigers
1462,1925,DET,AL,manushe01,AL,DET,Detroit Tigers
1463,1925,NY1,NL,friscfr01,NL,SFG,New York Giants
1464,1925,NY1,NL,jackstr01,NL,SFG,New York Giants
1465,1925,NY1,NL,kellyge01,NL,SFG,New York Giants
1466,1925,NY1,NL,lindsfr01,NL,SFG,New York Giants
1467,1925,NY1,NL,southbi01,NL,SFG,New York Giants
1468,1925,NY1,NL,terrybi01,NL,SFG,New York Giants
1469,1925,NY1,NL,wilsoha01,NL,SFG,New York Giants
1470,1925,NY1,NL,youngro01,NL,SFG,New York Giants
1471,1925,NYA,AL,combsea01,AL,NYY,New York Yankees
1472,1925,NYA,AL,durocle01,AL,NYY,New York Yankees
1473,1925,NYA,AL,gehrilo01,AL,NYY,New York Yankees
1474,1925,NYA,AL,hoytwa01,AL,NYY,New York Yankees
1475,1925,NYA,AL,pennohe01,AL,NYY,New York Yankees
1476,1925,NYA,AL,ruthba01,AL,NYY,New York Yankees
1477,1925,PHA,AL,cochrmi01,AL,OAK,Philadelphia Athletics
1478,1925,PHA,AL,foxxji01,AL,OAK,Philadelphia Athletics
1479,1925,PHA,AL,grovele01,AL,OAK,Philadelphia Athletics
1480,1925,PHA,AL,simmoal01,AL,OAK,Philadelphia Athletics
1481,1925,PIT,NL,careyma01,NL,PIT,Pittsburgh Pirates
1482,1925,PIT,NL,cuyleki01,NL,PIT,Pittsburgh Pirates
1483,1925,PIT,NL,traynpi01,NL,PIT,Pittsburgh Pirates
1484,1925,SLA,AL,sislege01,AL,BAL,St. Louis Browns
1485,1925,SLN,NL,bottoji01,NL,STL,St. Louis Cardinals
1486,1925,SLN,NL,hafeych01,NL,STL,St. Louis Cardinals
1487,1925,SLN,NL,haineje01,NL,STL,St. Louis Cardinals
1488,1925,SLN,NL,hornsro01,NL,STL,St. Louis Cardinals
1489,1925,WS1,AL,covelst01,AL,MIN,Washington Senators
1490,1925,WS1,AL,gosligo01,AL,MIN,Washington Senators
1491,1925,WS1,AL,harribu01,AL,MIN,Washington Senators
1492,1925,WS1,AL,johnswa01,AL,MIN,Washington Senators
1493,1925,WS1,AL,ricesa01,AL,MIN,Washington Senators
1494,1926,BOS,AL,ruffire01,AL,BOS,Boston Red Sox
1495,1926,BRO,NL,careyma01,NL,LAD,Brooklyn Robins
1496,1926,BRO,NL,grimebu01,NL,LAD,Brooklyn Robins
1497,1926,BRO,NL,maranra01,NL,LAD,Brooklyn Robins
1498,1926,BRO,NL,vanceda01,NL,LAD,Brooklyn Robins
1499,1926,BRO,NL,wheatza01,NL,LAD,Brooklyn Robins
1500,1926,BSN,NL,bancrda01,NL,ATL,Boston Braves
1501,1926,CHA,AL,collied01,AL,CHW,Chicago White Sox
1502,1926,CHA,AL,faberre01,AL,CHW,Chicago White Sox
1503,1926,CHA,AL,lyonste01,AL,CHW,Chicago White Sox
1504,1926,CHA,AL,schalra01,AL,CHW,Chicago White Sox
1505,1926,CHN,NL,alexape01,NL,CHC,Chicago Cubs
1506,1926,CHN,NL,hartnga01,NL,CHC,Chicago Cubs
1507,1926,CHN,NL,wilsoha01,NL,CHC,Chicago Cubs
1508,1926,CIN,NL,rixeyep01,NL,CIN,Cincinnati Reds
1509,1926,CIN,NL,roushed01,NL,CIN,Cincinnati Reds
1510,1926,CLE,AL,seweljo01,AL,CLE,Cleveland Indians
1511,1926,CLE,AL,speaktr01,AL,CLE,Cleveland Indians
1512,1926,DET,AL,cobbty01,AL,DET,Detroit Tigers
1513,1926,DET,AL,gehrich01,AL,DET,Detroit Tigers
1514,1926,DET,AL,heilmha01,AL,DET,Detroit Tigers
1515,1926,DET,AL,manushe01,AL,DET,Detroit Tigers
1516,1926,NY1,NL,friscfr01,NL,SFG,New York Giants
1517,1926,NY1,NL,jackstr01,NL,SFG,New York Giants
1518,1926,NY1,NL,kellyge01,NL,SFG,New York Giants
1519,1926,NY1,NL,lindsfr01,NL,SFG,New York Giants
1520,1926,NY1,NL,ottme01,NL,SFG,New York Giants
1521,1926,NY1,NL,southbi01,NL,SFG,New York Giants
1522,1926,NY1,NL,terrybi01,NL,SFG,New York Giants
1523,1926,NY1,NL,youngro01,NL,SFG,New York Giants
1524,1926,NYA,AL,combsea01,AL,NYY,New York Yankees
1525,1926,NYA,AL,gehrilo01,AL,NYY,New York Yankees
1526,1926,NYA,AL,hoytwa01,AL,NYY,New York Yankees
1527,1926,NYA,AL,lazzeto01,AL,NYY,New York Yankees
1528,1926,NYA,AL,pennohe01,AL,NYY,New York Yankees
1529,1926,NYA,AL,ruthba01,AL,NYY,New York Yankees
1530,1926,PHA,AL,cochrmi01,AL,OAK,Philadelphia Athletics
1531,1926,PHA,AL,foxxji01,AL,OAK,Philadelphia Athletics
1532,1926,PHA,AL,grovele01,AL,OAK,Philadelphia Athletics
1533,1926,PHA,AL,simmoal01,AL,OAK,Philadelphia Athletics
1534,1926,PIT,NL,careyma01,NL,PIT,Pittsburgh Pirates
1535,1926,PIT,NL,cronijo01,NL,PIT,Pittsburgh Pirates
1536,1926,PIT,NL,cuyleki01,NL,PIT,Pittsburgh Pirates
1537,1926,PIT,NL,traynpi01,NL,PIT,Pittsburgh Pirates
1538,1926,PIT,NL,wanerpa01,NL,PIT,Pittsburgh Pirates
1539,1926,SLA,AL,sislege01,AL,BAL,St. Louis Browns
1540,1926,SLN,NL,alexape01,NL,STL,St. Louis Cardinals
1541,1926,SLN,NL,bottoji01,NL,STL,St. Louis Cardinals
1542,1926,SLN,NL,hafeych01,NL,STL,St. Louis Cardinals
1543,1926,SLN,NL,haineje01,NL,STL,St. Louis Cardinals
1544,1926,SLN,NL,hornsro01,NL,STL,St. Louis Cardinals
1545,1926,SLN,NL,southbi01,NL,STL,St. Louis Cardinals
1546,1926,WS1,AL,covelst01,AL,MIN,Washington Senators
1547,1926,WS1,AL,gosligo01,AL,MIN,Washington Senators
1548,1926,WS1,AL,harribu01,AL,MIN,Washington Senators
1549,1926,WS1,AL,johnswa01,AL,MIN,Washington Senators
1550,1926,WS1,AL,ricesa01,AL,MIN,Washington Senators
1551,1927,BOS,AL,ruffire01,AL,BOS,Boston Red Sox
1552,1927,BRO,NL,careyma01,NL,LAD,Brooklyn Robins
1553,1927,BRO,NL,vanceda01,NL,LAD,Brooklyn Robins
1554,1927,BSN,NL,bancrda01,NL,ATL,Boston Braves
1555,1927,CHA,AL,faberre01,AL,CHW,Chicago White Sox
1556,1927,CHA,AL,lyonste01,AL,CHW,Chicago White Sox
1557,1927,CHA,AL,schalra01,AL,CHW,Chicago White Sox
1558,1927,CHN,NL,hartnga01,NL,CHC,Chicago Cubs
1559,1927,CHN,NL,wilsoha01,NL,CHC,Chicago Cubs
1560,1927,CIN,NL,kellyge01,NL,CIN,Cincinnati Reds
1561,1927,CIN,NL,rixeyep01,NL,CIN,Cincinnati Reds
1562,1927,CLE,AL,seweljo01,AL,CLE,Cleveland Indians
1563,1927,DET,AL,gehrich01,AL,DET,Detroit Tigers
1564,1927,DET,AL,heilmha01,AL,DET,Detroit Tigers
1565,1927,DET,AL,manushe01,AL,DET,Detroit Tigers
1566,1927,NY1,NL,grimebu01,NL,SFG,New York Giants
1567,1927,NY1,NL,hornsro01,NL,SFG,New York Giants
1568,1927,NY1,NL,jackstr01,NL,SFG,New York Giants
1569,1927,NY1,NL,lindsfr01,NL,SFG,New York Giants
1570,1927,NY1,NL,ottme01,NL,SFG,New York Giants
1571,1927,NY1,NL,roushed01,NL,SFG,New York Giants
1572,1927,NY1,NL,terrybi01,NL,SFG,New York Giants
1573,1927,NYA,AL,combsea01,AL,NYY,New York Yankees
1574,1927,NYA,AL,gehrilo01,AL,NYY,New York Yankees
1575,1927,NYA,AL,hoytwa01,AL,NYY,New York Yankees
1576,1927,NYA,AL,lazzeto01,AL,NYY,New York Yankees
1577,1927,NYA,AL,pennohe01,AL,NYY,New York Yankees
1578,1927,NYA,AL,ruthba01,AL,NYY,New York Yankees
1579,1927,PHA,AL,cobbty01,AL,OAK,Philadelphia Athletics
1580,1927,PHA,AL,cochrmi01,AL,OAK,Philadelphia Athletics
1581,1927,PHA,AL,collied01,AL,OAK,Philadelphia Athletics
1582,1927,PHA,AL,foxxji01,AL,OAK,Philadelphia Athletics
1583,1927,PHA,AL,grovele01,AL,OAK,Philadelphia Athletics
1584,1927,PHA,AL,simmoal01,AL,OAK,Philadelphia Athletics
1585,1927,PHA,AL,wheatza01,AL,OAK,Philadelphia Athletics
1586,1927,PIT,NL,cronijo01,NL,PIT,Pittsburgh Pirates
1587,1927,PIT,NL,cuyleki01,NL,PIT,Pittsburgh Pirates
1588,1927,PIT,NL,traynpi01,NL,PIT,Pittsburgh Pirates
1589,1927,PIT,NL,wanerll01,NL,PIT,Pittsburgh Pirates
1590,1927,PIT,NL,wanerpa01,NL,PIT,Pittsburgh Pirates
1591,1927,SLA,AL,sislege01,AL,BAL,St. Louis Browns
1592,1927,SLN,NL,alexape01,NL,STL,St. Louis Cardinals
1593,1927,SLN,NL,bottoji01,NL,STL,St. Louis Cardinals
1594,1927,SLN,NL,friscfr01,NL,STL,St. Louis Cardinals
1595,1927,SLN,NL,hafeych01,NL,STL,St. Louis Cardinals
1596,1927,SLN,NL,haineje01,NL,STL,St. Louis Cardinals
1597,1927,SLN,NL,maranra01,NL,STL,St. Louis Cardinals
1598,1927,SLN,NL,southbi01,NL,STL,St. Louis Cardinals
1599,1927,WS1,AL,covelst01,AL,MIN,Washington Senators
1600,1927,WS1,AL,gosligo01,AL,MIN,Washington Senators
1601,1927,WS1,AL,harribu01,AL,MIN,Washington Senators
1602,1927,WS1,AL,johnswa01,AL,MIN,Washington Senators
1603,1927,WS1,AL,ricesa01,AL,MIN,Washington Senators
1604,1927,WS1,AL,speaktr01,AL,MIN,Washington Senators
1605,1928,BOS,AL,ruffire01,AL,BOS,Boston Red Sox
1606,1928,BRO,NL,bancrda01,NL,LAD,Brooklyn Robins
1607,1928,BRO,NL,careyma01,NL,LAD,Brooklyn Robins
1608,1928,BRO,NL,lopezal01,NL,LAD,Brooklyn Robins
1609,1928,BRO,NL,vanceda01,NL,LAD,Brooklyn Robins
1610,1928,BSN,NL,hornsro01,NL,ATL,Boston Braves
1611,1928,BSN,NL,sislege01,NL,ATL,Boston Braves
1612,1928,CHA,AL,faberre01,AL,CHW,Chicago White Sox
1613,1928,CHA,AL,lyonste01,AL,CHW,Chicago White Sox
1614,1928,CHA,AL,schalra01,AL,CHW,Chicago White Sox
1615,1928,CHN,NL,cuyleki01,NL,CHC,Chicago Cubs
1616,1928,CHN,NL,hartnga01,NL,CHC,Chicago Cubs
1617,1928,CHN,NL,wilsoha01,NL,CHC,Chicago Cubs
1618,1928,CIN,NL,kellyge01,NL,CIN,Cincinnati Reds
1619,1928,CIN,NL,rixeyep01,NL,CIN,Cincinnati Reds
1620,1928,CLE,AL,seweljo01,AL,CLE,Cleveland Indians
1621,1928,DET,AL,gehrich01,AL,DET,Detroit Tigers
1622,1928,DET,AL,heilmha01,AL,DET,Detroit Tigers
1623,1928,NY1,NL,hubbeca01,NL,SFG,New York Giants
1624,1928,NY1,NL,jackstr01,NL,SFG,New York Giants
1625,1928,NY1,NL,lindsfr01,NL,SFG,New York Giants
1626,1928,NY1,NL,ottme01,NL,SFG,New York Giants
1627,1928,NY1,NL,roushed01,NL,SFG,New York Giants
1628,1928,NY1,NL,terrybi01,NL,SFG,New York Giants
1629,1928,NYA,AL,combsea01,AL,NYY,New York Yankees
1630,1928,NYA,AL,covelst01,AL,NYY,New York Yankees
1631,1928,NYA,AL,dickebi01,AL,NYY,New York Yankees
1632,1928,NYA,AL,durocle01,AL,NYY,New York Yankees
1633,1928,NYA,AL,gehrilo01,AL,NYY,New York Yankees
1634,1928,NYA,AL,hoytwa01,AL,NYY,New York Yankees
1635,1928,NYA,AL,lazzeto01,AL,NYY,New York Yankees
1636,1928,NYA,AL,pennohe01,AL,NYY,New York Yankees
1637,1928,NYA,AL,ruthba01,AL,NYY,New York Yankees
1638,1928,PHA,AL,cobbty01,AL,OAK,Philadelphia Athletics
1639,1928,PHA,AL,cochrmi01,AL,OAK,Philadelphia Athletics
1640,1928,PHA,AL,collied01,AL,OAK,Philadelphia Athletics
1641,1928,PHA,AL,foxxji01,AL,OAK,Philadelphia Athletics
1642,1928,PHA,AL,grovele01,AL,OAK,Philadelphia Athletics
1643,1928,PHA,AL,simmoal01,AL,OAK,Philadelphia Athletics
1644,1928,PHA,AL,speaktr01,AL,OAK,Philadelphia Athletics
1645,1928,PHI,NL,kleinch01,NL,PHI,Philadelphia Phillies
1646,1928,PIT,NL,grimebu01,NL,PIT,Pittsburgh Pirates
1647,1928,PIT,NL,traynpi01,NL,PIT,Pittsburgh Pirates
1648,1928,PIT,NL,wanerll01,NL,PIT,Pittsburgh Pirates
1649,1928,PIT,NL,wanerpa01,NL,PIT,Pittsburgh Pirates
1650,1928,SLA,AL,manushe01,AL,BAL,St. Louis Browns
1651,1928,SLN,NL,alexape01,NL,STL,St. Louis Cardinals
1652,1928,SLN,NL,bottoji01,NL,STL,St. Louis Cardinals
1653,1928,SLN,NL,friscfr01,NL,STL,St. Louis Cardinals
1654,1928,SLN,NL,hafeych01,NL,STL,St. Louis Cardinals
1655,1928,SLN,NL,haineje01,NL,STL,St. Louis Cardinals
1656,1928,SLN,NL,maranra01,NL,STL,St. Louis Cardinals
1657,1928,WS1,AL,cronijo01,AL,MIN,Washington Senators
1658,1928,WS1,AL,gosligo01,AL,MIN,Washington Senators
1659,1928,WS1,AL,harribu01,AL,MIN,Washington Senators
1660,1928,WS1,AL,ricesa01,AL,MIN,Washington Senators
1661,1928,WS1,AL,sislege01,AL,MIN,Washington Senators
1662,1929,BOS,AL,ruffire01,AL,BOS,Boston Red Sox
1663,1929,BRO,NL,bancrda01,NL,LAD,Brooklyn Robins
1664,1929,BRO,NL,careyma01,NL,LAD,Brooklyn Robins
1665,1929,BRO,NL,vanceda01,NL,LAD,Brooklyn Robins
1666,1929,BSN,NL,eversjo01,NL,ATL,Boston Braves
1667,1929,BSN,NL,maranra01,NL,ATL,Boston Braves
1668,1929,BSN,NL,sislege01,NL,ATL,Boston Braves
1669,1929,CHA,AL,faberre01,AL,CHW,Chicago White Sox
1670,1929,CHA,AL,lyonste01,AL,CHW,Chicago White Sox
1671,1929,CHN,NL,cuyleki01,NL,CHC,Chicago Cubs
1672,1929,CHN,NL,hartnga01,NL,CHC,Chicago Cubs
1673,1929,CHN,NL,hornsro01,NL,CHC,Chicago Cubs
1674,1929,CHN,NL,wilsoha01,NL,CHC,Chicago Cubs
1675,1929,CIN,NL,kellyge01,NL,CIN,Cincinnati Reds
1676,1929,CIN,NL,rixeyep01,NL,CIN,Cincinnati Reds
1677,1929,CLE,AL,averiea01,AL,CLE,Cleveland Indians
1678,1929,CLE,AL,seweljo01,AL,CLE,Cleveland Indians
1679,1929,DET,AL,gehrich01,AL,DET,Detroit Tigers
1680,1929,DET,AL,harribu01,AL,DET,Detroit Tigers
1681,1929,DET,AL,heilmha01,AL,DET,Detroit Tigers
1682,1929,NY1,NL,hubbeca01,NL,SFG,New York Giants
1683,1929,NY1,NL,jackstr01,NL,SFG,New York Giants
1684,1929,NY1,NL,lindsfr01,NL,SFG,New York Giants
1685,1929,NY1,NL,ottme01,NL,SFG,New York Giants
1686,1929,NY1,NL,roushed01,NL,SFG,New York Giants
1687,1929,NY1,NL,schalra01,NL,SFG,New York Giants
1688,1929,NY1,NL,terrybi01,NL,SFG,New York Giants
1689,1929,NYA,AL,combsea01,AL,NYY,New York Yankees
1690,1929,NYA,AL,dickebi01,AL,NYY,New York Yankees
1691,1929,NYA,AL,durocle01,AL,NYY,New York Yankees
1692,1929,NYA,AL,gehrilo01,AL,NYY,New York Yankees
1693,1929,NYA,AL,hoytwa01,AL,NYY,New York Yankees
1694,1929,NYA,AL,lazzeto01,AL,NYY,New York Yankees
1695,1929,NYA,AL,pennohe01,AL,NYY,New York Yankees
1696,1929,NYA,AL,ruthba01,AL,NYY,New York Yankees
1697,1929,PHA,AL,cochrmi01,AL,OAK,Philadelphia Athletics
1698,1929,PHA,AL,collied01,AL,OAK,Philadelphia Athletics
1699,1929,PHA,AL,foxxji01,AL,OAK,Philadelphia Athletics
1700,1929,PHA,AL,grovele01,AL,OAK,Philadelphia Athletics
1701,1929,PHA,AL,simmoal01,AL,OAK,Philadelphia Athletics
1702,1929,PHI,NL,kleinch01,NL,PHI,Philadelphia Phillies
1703,1929,PIT,NL,grimebu01,NL,PIT,Pittsburgh Pirates
1704,1929,PIT,NL,traynpi01,NL,PIT,Pittsburgh Pirates
1705,1929,PIT,NL,wanerll01,NL,PIT,Pittsburgh Pirates
1706,1929,PIT,NL,wanerpa01,NL,PIT,Pittsburgh Pirates
1707,1929,SLA,AL,ferreri01,AL,BAL,St. Louis Browns
1708,1929,SLA,AL,manushe01,AL,BAL,St. Louis Browns
1709,1929,SLN,NL,alexape01,NL,STL,St. Louis Cardinals
1710,1929,SLN,NL,bottoji01,NL,STL,St. Louis Cardinals
1711,1929,SLN,NL,friscfr01,NL,STL,St. Louis Cardinals
1712,1929,SLN,NL,hafeych01,NL,STL,St. Louis Cardinals
1713,1929,SLN,NL,haineje01,NL,STL,St. Louis Cardinals
1714,1929,SLN,NL,southbi01,NL,STL,St. Louis Cardinals
1715,1929,WS1,AL,cronijo01,AL,MIN,Washington Senators
1716,1929,WS1,AL,gosligo01,AL,MIN,Washington Senators
1717,1929,WS1,AL,ricesa01,AL,MIN,Washington Senators
1718,1930,BOS,AL,ruffire01,AL,BOS,Boston Red Sox
1719,1930,BRO,NL,lopezal01,NL,LAD,Brooklyn Robins
1720,1930,BRO,NL,vanceda01,NL,LAD,Brooklyn Robins
1721,1930,BSN,NL,grimebu01,NL,ATL,Boston Braves
1722,1930,BSN,NL,maranra01,NL,ATL,Boston Braves
1723,1930,BSN,NL,sislege01,NL,ATL,Boston Braves
1724,1930,CHA,AL,applilu01,AL,CHW,Chicago White Sox
1725,1930,CHA,AL,faberre01,AL,CHW,Chicago White Sox
1726,1930,CHA,AL,lyonste01,AL,CHW,Chicago White Sox
1727,1930,CHN,NL,cuyleki01,NL,CHC,Chicago Cubs
1728,1930,CHN,NL,hartnga01,NL,CHC,Chicago Cubs
1729,1930,CHN,NL,hornsro01,NL,CHC,Chicago Cubs
1730,1930,CHN,NL,kellyge01,NL,CHC,Chicago Cubs
1731,1930,CHN,NL,wilsoha01,NL,CHC,Chicago Cubs
1732,1930,CIN,NL,durocle01,NL,CIN,Cincinnati Reds
1733,1930,CIN,NL,heilmha01,NL,CIN,Cincinnati Reds
1734,1930,CIN,NL,kellyge01,NL,CIN,Cincinnati Reds
1735,1930,CIN,NL,rixeyep01,NL,CIN,Cincinnati Reds
1736,1930,CLE,AL,averiea01,AL,CLE,Cleveland Indians
1737,1930,CLE,AL,seweljo01,AL,CLE,Cleveland Indians
1738,1930,DET,AL,gehrich01,AL,DET,Detroit Tigers
1739,1930,DET,AL,greenha01,AL,DET,Detroit Tigers
1740,1930,DET,AL,hoytwa01,AL,DET,Detroit Tigers
1741,1930,NY1,NL,bancrda01,NL,SFG,New York Giants
1742,1930,NY1,NL,hubbeca01,NL,SFG,New York Giants
1743,1930,NY1,NL,jackstr01,NL,SFG,New York Giants
1744,1930,NY1,NL,lindsfr01,NL,SFG,New York Giants
1745,1930,NY1,NL,ottme01,NL,SFG,New York Giants
1746,1930,NY1,NL,terrybi01,NL,SFG,New York Giants
1747,1930,NYA,AL,combsea01,AL,NYY,New York Yankees
1748,1930,NYA,AL,dickebi01,AL,NYY,New York Yankees
1749,1930,NYA,AL,gehrilo01,AL,NYY,New York Yankees
1750,1930,NYA,AL,gomezle01,AL,NYY,New York Yankees
1751,1930,NYA,AL,hoytwa01,AL,NYY,New York Yankees
1752,1930,NYA,AL,lazzeto01,AL,NYY,New York Yankees
1753,1930,NYA,AL,pennohe01,AL,NYY,New York Yankees
1754,1930,NYA,AL,ruffire01,AL,NYY,New York Yankees
1755,1930,NYA,AL,ruthba01,AL,NYY,New York Yankees
1756,1930,PHA,AL,cochrmi01,AL,OAK,Philadelphia Athletics
1757,1930,PHA,AL,collied01,AL,OAK,Philadelphia Athletics
1758,1930,PHA,AL,foxxji01,AL,OAK,Philadelphia Athletics
1759,1930,PHA,AL,grovele01,AL,OAK,Philadelphia Athletics
1760,1930,PHA,AL,simmoal01,AL,OAK,Philadelphia Athletics
1761,1930,PHI,NL,alexape01,NL,PHI,Philadelphia Phillies
1762,1930,PHI,NL,kleinch01,NL,PHI,Philadelphia Phillies
1763,1930,PIT,NL,traynpi01,NL,PIT,Pittsburgh Pirates
1764,1930,PIT,NL,wanerll01,NL,PIT,Pittsburgh Pirates
1765,1930,PIT,NL,wanerpa01,NL,PIT,Pittsburgh Pirates
1766,1930,SLA,AL,ferreri01,AL,BAL,St. Louis Browns
1767,1930,SLA,AL,gosligo01,AL,BAL,St. Louis Browns
1768,1930,SLA,AL,manushe01,AL,BAL,St. Louis Browns
1769,1930,SLN,NL,bottoji01,NL,STL,St. Louis Cardinals
1770,1930,SLN,NL,deandi01,NL,STL,St. Louis Cardinals
1771,1930,SLN,NL,friscfr01,NL,STL,St. Louis Cardinals
1772,1930,SLN,NL,grimebu01,NL,STL,St. Louis Cardinals
1773,1930,SLN,NL,hafeych01,NL,STL,St. Louis Cardinals
1774,1930,SLN,NL,haineje01,NL,STL,St. Louis Cardinals
1775,1930,WS1,AL,cronijo01,AL,MIN,Washington Senators
1776,1930,WS1,AL,gosligo01,AL,MIN,Washington Senators
1777,1930,WS1,AL,manushe01,AL,MIN,Washington Senators
1778,1930,WS1,AL,ricesa01,AL,MIN,Washington Senators
1779,1931,BRO,NL,lombaer01,NL,LAD,Brooklyn Robins
1780,1931,BRO,NL,lopezal01,NL,LAD,Brooklyn Robins
1781,1931,BRO,NL,vanceda01,NL,LAD,Brooklyn Robins
1782,1931,BSN,NL,maranra01,NL,ATL,Boston Braves
1783,1931,CHA,AL,applilu01,AL,CHW,Chicago White Sox
1784,1931,CHA,AL,faberre01,AL,CHW,Chicago White Sox
1785,1931,CHA,AL,lyonste01,AL,CHW,Chicago White Sox
1786,1931,CHN,NL,cuyleki01,NL,CHC,Chicago Cubs
1787,1931,CHN,NL,hartnga01,NL,CHC,Chicago Cubs
1788,1931,CHN,NL,hermabi01,NL,CHC,Chicago Cubs
1789,1931,CHN,NL,hornsro01,NL,CHC,Chicago Cubs
1790,1931,CHN,NL,wilsoha01,NL,CHC,Chicago Cubs
1791,1931,CIN,NL,durocle01,NL,CIN,Cincinnati Reds
1792,1931,CIN,NL,rixeyep01,NL,CIN,Cincinnati Reds
1793,1931,CIN,NL,roushed01,NL,CIN,Cincinnati Reds
1794,1931,CLE,AL,averiea01,AL,CLE,Cleveland Indians
1795,1931,DET,AL,gehrich01,AL,DET,Detroit Tigers
1796,1931,DET,AL,harribu01,AL,DET,Detroit Tigers
1797,1931,DET,AL,hoytwa01,AL,DET,Detroit Tigers
1798,1931,NY1,NL,hubbeca01,NL,SFG,New York Giants
1799,1931,NY1,NL,jackstr01,NL,SFG,New York Giants
1800,1931,NY1,NL,lindsfr01,NL,SFG,New York Giants
1801,1931,NY1,NL,ottme01,NL,SFG,New York Giants
1802,1931,NY1,NL,terrybi01,NL,SFG,New York Giants
1803,1931,NYA,AL,combsea01,AL,NYY,New York Yankees
1804,1931,NYA,AL,dickebi01,AL,NYY,New York Yankees
1805,1931,NYA,AL,gehrilo01,AL,NYY,New York Yankees
1806,1931,NYA,AL,gomezle01,AL,NYY,New York Yankees
1807,1931,NYA,AL,lazzeto01,AL,NYY,New York Yankees
1808,1931,NYA,AL,pennohe01,AL,NYY,New York Yankees
1809,1931,NYA,AL,ruffire01,AL,NYY,New York Yankees
1810,1931,NYA,AL,ruthba01,AL,NYY,New York Yankees
1811,1931,NYA,AL,seweljo01,AL,NYY,New York Yankees
1812,1931,PHA,AL,cochrmi01,AL,OAK,Philadelphia Athletics
1813,1931,PHA,AL,foxxji01,AL,OAK,Philadelphia Athletics
1814,1931,PHA,AL,grovele01,AL,OAK,Philadelphia Athletics
1815,1931,PHA,AL,hoytwa01,AL,OAK,Philadelphia Athletics
1816,1931,PHA,AL,simmoal01,AL,OAK,Philadelphia Athletics
1817,1931,PHI,NL,kleinch01,NL,PHI,Philadelphia Phillies
1818,1931,PIT,NL,traynpi01,NL,PIT,Pittsburgh Pirates
1819,1931,PIT,NL,wanerll01,NL,PIT,Pittsburgh Pirates
1820,1931,PIT,NL,wanerpa01,NL,PIT,Pittsburgh Pirates
1821,1931,SLA,AL,ferreri01,AL,BAL,St. Louis Browns
1822,1931,SLA,AL,gosligo01,AL,BAL,St. Louis Browns
1823,1931,SLN,NL,bottoji01,NL,STL,St. Louis Cardinals
1824,1931,SLN,NL,friscfr01,NL,STL,St. Louis Cardinals
1825,1931,SLN,NL,grimebu01,NL,STL,St. Louis Cardinals
1826,1931,SLN,NL,hafeych01,NL,STL,St. Louis Cardinals
1827,1931,SLN,NL,haineje01,NL,STL,St. Louis Cardinals
1828,1931,WS1,AL,cronijo01,AL,MIN,Washington Senators
1829,1931,WS1,AL,manushe01,AL,MIN,Washington Senators
1830,1931,WS1,AL,ricesa01,AL,MIN,Washington Senators
1831,1932,BRO,NL,hoytwa01,NL,LAD,Brooklyn Dodgers
1832,1932,BRO,NL,kellyge01,NL,LAD,Brooklyn Dodgers
1833,1932,BRO,NL,lopezal01,NL,LAD,Brooklyn Dodgers
1834,1932,BRO,NL,vanceda01,NL,LAD,Brooklyn Dodgers
1835,1932,BRO,NL,wilsoha01,NL,LAD,Brooklyn Dodgers
1836,1932,BSN,NL,maranra01,NL,ATL,Boston Braves
1837,1932,CHA,AL,applilu01,AL,CHW,Chicago White Sox
1838,1932,CHA,AL,faberre01,AL,CHW,Chicago White Sox
1839,1932,CHA,AL,lyonste01,AL,CHW,Chicago White Sox
1840,1932,CHN,NL,cuyleki01,NL,CHC,Chicago Cubs
1841,1932,CHN,NL,grimebu01,NL,CHC,Chicago Cubs
1842,1932,CHN,NL,hartnga01,NL,CHC,Chicago Cubs
1843,1932,CHN,NL,hermabi01,NL,CHC,Chicago Cubs
1844,1932,CHN,NL,hornsro01,NL,CHC,Chicago Cubs
1845,1932,CIN,NL,durocle01,NL,CIN,Cincinnati Reds
1846,1932,CIN,NL,hafeych01,NL,CIN,Cincinnati Reds
1847,1932,CIN,NL,heilmha01,NL,CIN,Cincinnati Reds
1848,1932,CIN,NL,lombaer01,NL,CIN,Cincinnati Reds
1849,1932,CIN,NL,rixeyep01,NL,CIN,Cincinnati Reds
1850,1932,CLE,AL,averiea01,AL,CLE,Cleveland Indians
1851,1932,DET,AL,gehrich01,AL,DET,Detroit Tigers
1852,1932,NY1,NL,hoytwa01,NL,SFG,New York Giants
1853,1932,NY1,NL,hubbeca01,NL,SFG,New York Giants
1854,1932,NY1,NL,jackstr01,NL,SFG,New York Giants
1855,1932,NY1,NL,lindsfr01,NL,SFG,New York Giants
1856,1932,NY1,NL,ottme01,NL,SFG,New York Giants
1857,1932,NY1,NL,terrybi01,NL,SFG,New York Giants
1858,1932,NYA,AL,combsea01,AL,NYY,New York Yankees
1859,1932,NYA,AL,dickebi01,AL,NYY,New York Yankees
1860,1932,NYA,AL,gehrilo01,AL,NYY,New York Yankees
1861,1932,NYA,AL,gomezle01,AL,NYY,New York Yankees
1862,1932,NYA,AL,lazzeto01,AL,NYY,New York Yankees
1863,1932,NYA,AL,pennohe01,AL,NYY,New York Yankees
1864,1932,NYA,AL,ruffire01,AL,NYY,New York Yankees
1865,1932,NYA,AL,ruthba01,AL,NYY,New York Yankees
1866,1932,NYA,AL,seweljo01,AL,NYY,New York Yankees
1867,1932,PHA,AL,cochrmi01,AL,OAK,Philadelphia Athletics
1868,1932,PHA,AL,foxxji01,AL,OAK,Philadelphia Athletics
1869,1932,PHA,AL,grovele01,AL,OAK,Philadelphia Athletics
1870,1932,PHA,AL,simmoal01,AL,OAK,Philadelphia Athletics
1871,1932,PHI,NL,kleinch01,NL,PHI,Philadelphia Phillies
1872,1932,PIT,NL,traynpi01,NL,PIT,Pittsburgh Pirates
1873,1932,PIT,NL,vaughar01,NL,PIT,Pittsburgh Pirates
1874,1932,PIT,NL,wanerll01,NL,PIT,Pittsburgh Pirates
1875,1932,PIT,NL,wanerpa01,NL,PIT,Pittsburgh Pirates
1876,1932,SLA,AL,ferreri01,AL,BAL,St. Louis Browns
1877,1932,SLA,AL,gosligo01,AL,BAL,St. Louis Browns
1878,1932,SLN,NL,bottoji01,NL,STL,St. Louis Cardinals
1879,1932,SLN,NL,deandi01,NL,STL,St. Louis Cardinals
1880,1932,SLN,NL,friscfr01,NL,STL,St. Louis Cardinals
1881,1932,SLN,NL,haineje01,NL,STL,St. Louis Cardinals
1882,1932,SLN,NL,medwijo01,NL,STL,St. Louis Cardinals
1883,1932,WS1,AL,cronijo01,AL,MIN,Washington Senators
1884,1932,WS1,AL,manushe01,AL,MIN,Washington Senators
1885,1932,WS1,AL,ricesa01,AL,MIN,Washington Senators
1886,1933,BOS,AL,ferreri01,AL,BOS,Boston Red Sox
1887,1933,BRO,NL,lopezal01,NL,LAD,Brooklyn Dodgers
1888,1933,BRO,NL,wilsoha01,NL,LAD,Brooklyn Dodgers
1889,1933,BSN,NL,maranra01,NL,ATL,Boston Braves
1890,1933,CHA,AL,applilu01,AL,CHW,Chicago White Sox
1891,1933,CHA,AL,faberre01,AL,CHW,Chicago White Sox
1892,1933,CHA,AL,lyonste01,AL,CHW,Chicago White Sox
1893,1933,CHA,AL,simmoal01,AL,CHW,Chicago White Sox
1894,1933,CHN,NL,cuyleki01,NL,CHC,Chicago Cubs
1895,1933,CHN,NL,grimebu01,NL,CHC,Chicago Cubs
1896,1933,CHN,NL,hartnga01,NL,CHC,Chicago Cubs
1897,1933,CHN,NL,hermabi01,NL,CHC,Chicago Cubs
1898,1933,CIN,NL,bottoji01,NL,CIN,Cincinnati Reds
1899,1933,CIN,NL,durocle01,NL,CIN,Cincinnati Reds
1900,1933,CIN,NL,hafeych01,NL,CIN,Cincinnati Reds
1901,1933,CIN,NL,lombaer01,NL,CIN,Cincinnati Reds
1902,1933,CIN,NL,rixeyep01,NL,CIN,Cincinnati Reds
1903,1933,CLE,AL,averiea01,AL,CLE,Cleveland Indians
1904,1933,DET,AL,gehrich01,AL,DET,Detroit Tigers
1905,1933,DET,AL,greenha01,AL,DET,Detroit Tigers
1906,1933,NY1,NL,hubbeca01,NL,SFG,New York Giants
1907,1933,NY1,NL,jackstr01,NL,SFG,New York Giants
1908,1933,NY1,NL,ottme01,NL,SFG,New York Giants
1909,1933,NY1,NL,terrybi01,NL,SFG,New York Giants
1910,1933,NYA,AL,combsea01,AL,NYY,New York Yankees
1911,1933,NYA,AL,dickebi01,AL,NYY,New York Yankees
1912,1933,NYA,AL,gehrilo01,AL,NYY,New York Yankees
1913,1933,NYA,AL,gomezle01,AL,NYY,New York Yankees
1914,1933,NYA,AL,lazzeto01,AL,NYY,New York Yankees
1915,1933,NYA,AL,pennohe01,AL,NYY,New York Yankees
1916,1933,NYA,AL,ruffire01,AL,NYY,New York Yankees
1917,1933,NYA,AL,ruthba01,AL,NYY,New York Yankees
1918,1933,NYA,AL,seweljo01,AL,NYY,New York Yankees
1919,1933,PHA,AL,cochrmi01,AL,OAK,Philadelphia Athletics
1920,1933,PHA,AL,foxxji01,AL,OAK,Philadelphia Athletics
1921,1933,PHA,AL,grovele01,AL,OAK,Philadelphia Athletics
1922,1933,PHI,NL,kleinch01,NL,PHI,Philadelphia Phillies
1923,1933,PIT,NL,hoytwa01,NL,PIT,Pittsburgh Pirates
1924,1933,PIT,NL,lindsfr01,NL,PIT,Pittsburgh Pirates
1925,1933,PIT,NL,traynpi01,NL,PIT,Pittsburgh Pirates
1926,1933,PIT,NL,vaughar01,NL,PIT,Pittsburgh Pirates
1927,1933,PIT,NL,wanerll01,NL,PIT,Pittsburgh Pirates
1928,1933,PIT,NL,wanerpa01,NL,PIT,Pittsburgh Pirates
1929,1933,SLA,AL,ferreri01,AL,BAL,St. Louis Browns
1930,1933,SLA,AL,hornsro01,AL,BAL,St. Louis Browns
1931,1933,SLN,NL,deandi01,NL,STL,St. Louis Cardinals
1932,1933,SLN,NL,durocle01,NL,STL,St. Louis Cardinals
1933,1933,SLN,NL,friscfr01,NL,STL,St. Louis Cardinals
1934,1933,SLN,NL,grimebu01,NL,STL,St. Louis Cardinals
1935,1933,SLN,NL,haineje01,NL,STL,St. Louis Cardinals
1936,1933,SLN,NL,hornsro01,NL,STL,St. Louis Cardinals
1937,1933,SLN,NL,medwijo01,NL,STL,St. Louis Cardinals
1938,1933,SLN,NL,vanceda01,NL,STL,St. Louis Cardinals
1939,1933,WS1,AL,cronijo01,AL,MIN,Washington Senators
1940,1933,WS1,AL,gosligo01,AL,MIN,Washington Senators
1941,1933,WS1,AL,manushe01,AL,MIN,Washington Senators
1942,1933,WS1,AL,ricesa01,AL,MIN,Washington Senators
1943,1934,BOS,AL,ferreri01,AL,BOS,Boston Red Sox
1944,1934,BOS,AL,grovele01,AL,BOS,Boston Red Sox
1945,1934,BOS,AL,pennohe01,AL,BOS,Boston Red Sox
1946,1934,BRO,NL,lopezal01,NL,LAD,Brooklyn Dodgers
1947,1934,BRO,NL,wilsoha01,NL,LAD,Brooklyn Dodgers
1948,1934,CHA,AL,applilu01,AL,CHW,Chicago White Sox
1949,1934,CHA,AL,conlajo01,AL,CHW,Chicago White Sox
1950,1934,CHA,AL,lyonste01,AL,CHW,Chicago White Sox
1951,1934,CHA,AL,simmoal01,AL,CHW,Chicago White Sox
1952,1934,CHN,NL,cuyleki01,NL,CHC,Chicago Cubs
1953,1934,CHN,NL,hartnga01,NL,CHC,Chicago Cubs
1954,1934,CHN,NL,hermabi01,NL,CHC,Chicago Cubs
1955,1934,CHN,NL,kleinch01,NL,CHC,Chicago Cubs
1956,1934,CIN,NL,bottoji01,NL,CIN,Cincinnati Reds
1957,1934,CIN,NL,hafeych01,NL,CIN,Cincinnati Reds
1958,1934,CIN,NL,lombaer01,NL,CIN,Cincinnati Reds
1959,1934,CIN,NL,vanceda01,NL,CIN,Cincinnati Reds
1960,1934,CLE,AL,averiea01,AL,CLE,Cleveland Indians
1961,1934,CLE,AL,ricesa01,AL,CLE,Cleveland Indians
1962,1934,DET,AL,cochrmi01,AL,DET,Detroit Tigers
1963,1934,DET,AL,gehrich01,AL,DET,Detroit Tigers
1964,1934,DET,AL,gosligo01,AL,DET,Detroit Tigers
1965,1934,DET,AL,greenha01,AL,DET,Detroit Tigers
1966,1934,NY1,NL,hubbeca01,NL,SFG,New York Giants
1967,1934,NY1,NL,jackstr01,NL,SFG,New York Giants
1968,1934,NY1,NL,ottme01,NL,SFG,New York Giants
1969,1934,NY1,NL,terrybi01,NL,SFG,New York Giants
1970,1934,NYA,AL,combsea01,AL,NYY,New York Yankees
1971,1934,NYA,AL,dickebi01,AL,NYY,New York Yankees
1972,1934,NYA,AL,gehrilo01,AL,NYY,New York Yankees
1973,1934,NYA,AL,gomezle01,AL,NYY,New York Yankees
1974,1934,NYA,AL,grimebu01,AL,NYY,New York Yankees
1975,1934,NYA,AL,lazzeto01,AL,NYY,New York Yankees
1976,1934,NYA,AL,ruffire01,AL,NYY,New York Yankees
1977,1934,NYA,AL,ruthba01,AL,NYY,New York Yankees
1978,1934,PHA,AL,foxxji01,AL,OAK,Philadelphia Athletics
1979,1934,PHI,NL,wilsoha01,NL,PHI,Philadelphia Phillies
1980,1934,PIT,NL,grimebu01,NL,PIT,Pittsburgh Pirates
1981,1934,PIT,NL,hoytwa01,NL,PIT,Pittsburgh Pirates
1982,1934,PIT,NL,lindsfr01,NL,PIT,Pittsburgh Pirates
1983,1934,PIT,NL,traynpi01,NL,PIT,Pittsburgh Pirates
1984,1934,PIT,NL,vaughar01,NL,PIT,Pittsburgh Pirates
1985,1934,PIT,NL,wanerll01,NL,PIT,Pittsburgh Pirates
1986,1934,PIT,NL,wanerpa01,NL,PIT,Pittsburgh Pirates
1987,1934,SLA,AL,hornsro01,AL,BAL,St. Louis Browns
1988,1934,SLN,NL,deandi01,NL,STL,St. Louis Cardinals
1989,1934,SLN,NL,durocle01,NL,STL,St. Louis Cardinals
1990,1934,SLN,NL,friscfr01,NL,STL,St. Louis Cardinals
1991,1934,SLN,NL,grimebu01,NL,STL,St. Louis Cardinals
1992,1934,SLN,NL,haineje01,NL,STL,St. Louis Cardinals
1993,1934,SLN,NL,medwijo01,NL,STL,St. Louis Cardinals
1994,1934,SLN,NL,vanceda01,NL,STL,St. Louis Cardinals
1995,1934,WS1,AL,cronijo01,AL,MIN,Washington Senators
1996,1934,WS1,AL,manushe01,AL,MIN,Washington Senators
1997,1935,BOS,AL,cronijo01,AL,BOS,Boston Red Sox
1998,1935,BOS,AL,ferreri01,AL,BOS,Boston Red Sox
1999,1935,BOS,AL,grovele01,AL,BOS,Boston Red Sox
2000,1935,BRO,NL,lopezal01,NL,LAD,Brooklyn Dodgers
2001,1935,BRO,NL,vanceda01,NL,LAD,Brooklyn Dodgers
2002,1935,BSN,NL,maranra01,NL,ATL,Boston Braves
2003,1935,BSN,NL,ruthba01,NL,ATL,Boston Braves
2004,1935,CHA,AL,applilu01,AL,CHW,Chicago White Sox
2005,1935,CHA,AL,conlajo01,AL,CHW,Chicago White Sox
2006,1935,CHA,AL,lyonste01,AL,CHW,Chicago White Sox
2007,1935,CHA,AL,simmoal01,AL,CHW,Chicago White Sox
2008,1935,CHN,NL,cuyleki01,NL,CHC,Chicago Cubs
2009,1935,CHN,NL,hartnga01,NL,CHC,Chicago Cubs
2010,1935,CHN,NL,hermabi01,NL,CHC,Chicago Cubs
2011,1935,CHN,NL,kleinch01,NL,CHC,Chicago Cubs
2012,1935,CHN,NL,lindsfr01,NL,CHC,Chicago Cubs
2013,1935,CIN,NL,bottoji01,NL,CIN,Cincinnati Reds
2014,1935,CIN,NL,cuyleki01,NL,CIN,Cincinnati Reds
2015,1935,CIN,NL,hafeych01,NL,CIN,Cincinnati Reds
2016,1935,CIN,NL,lombaer01,NL,CIN,Cincinnati Reds
2017,1935,CLE,AL,averiea01,AL,CLE,Cleveland Indians
2018,1935,DET,AL,cochrmi01,AL,DET,Detroit Tigers
2019,1935,DET,AL,gehrich01,AL,DET,Detroit Tigers
2020,1935,DET,AL,gosligo01,AL,DET,Detroit Tigers
2021,1935,DET,AL,greenha01,AL,DET,Detroit Tigers
2022,1935,NY1,NL,hubbeca01,NL,SFG,New York Giants
2023,1935,NY1,NL,jackstr01,NL,SFG,New York Giants
2024,1935,NY1,NL,ottme01,NL,SFG,New York Giants
2025,1935,NY1,NL,terrybi01,NL,SFG,New York Giants
2026,1935,NYA,AL,combsea01,AL,NYY,New York Yankees
2027,1935,NYA,AL,dickebi01,AL,NYY,New York Yankees
2028,1935,NYA,AL,gehrilo01,AL,NYY,New York Yankees
2029,1935,NYA,AL,gomezle01,AL,NYY,New York Yankees
2030,1935,NYA,AL,lazzeto01,AL,NYY,New York Yankees
2031,1935,NYA,AL,ruffire01,AL,NYY,New York Yankees
2032,1935,PHA,AL,foxxji01,AL,OAK,Philadelphia Athletics
2033,1935,PIT,NL,hoytwa01,NL,PIT,Pittsburgh Pirates
2034,1935,PIT,NL,traynpi01,NL,PIT,Pittsburgh Pirates
2035,1935,PIT,NL,vaughar01,NL,PIT,Pittsburgh Pirates
2036,1935,PIT,NL,wanerll01,NL,PIT,Pittsburgh Pirates
2037,1935,PIT,NL,wanerpa01,NL,PIT,Pittsburgh Pirates
2038,1935,SLA,AL,hornsro01,AL,BAL,St. Louis Browns
2039,1935,SLN,NL,deandi01,NL,STL,St. Louis Cardinals
2040,1935,SLN,NL,durocle01,NL,STL,St. Louis Cardinals
2041,1935,SLN,NL,friscfr01,NL,STL,St. Louis Cardinals
2042,1935,SLN,NL,haineje01,NL,STL,St. Louis Cardinals
2043,1935,SLN,NL,medwijo01,NL,STL,St. Louis Cardinals
2044,1935,WS1,AL,manushe01,AL,MIN,Washington Senators
2045,1936,BOS,AL,cronijo01,AL,BOS,Boston Red Sox
2046,1936,BOS,AL,ferreri01,AL,BOS,Boston Red Sox
2047,1936,BOS,AL,foxxji01,AL,BOS,Boston Red Sox
2048,1936,BOS,AL,grovele01,AL,BOS,Boston Red Sox
2049,1936,BOS,AL,manushe01,AL,BOS,Boston Red Sox
2050,1936,BRO,NL,lindsfr01,NL,LAD,Brooklyn Dodgers
2051,1936,BSN,NL,lopezal01,NL,ATL,Boston Bees
2052,1936,CHA,AL,applilu01,AL,CHW,Chicago White Sox
2053,1936,CHA,AL,lyonste01,AL,CHW,Chicago White Sox
2054,1936,CHN,NL,hartnga01,NL,CHC,Chicago Cubs
2055,1936,CHN,NL,hermabi01,NL,CHC,Chicago Cubs
2056,1936,CHN,NL,kleinch01,NL,CHC,Chicago Cubs
2057,1936,CIN,NL,cuyleki01,NL,CIN,Cincinnati Reds
2058,1936,CIN,NL,lombaer01,NL,CIN,Cincinnati Reds
2059,1936,CLE,AL,averiea01,AL,CLE,Cleveland Indians
2060,1936,CLE,AL,fellebo01,AL,CLE,Cleveland Indians
2061,1936,DET,AL,cochrmi01,AL,DET,Detroit Tigers
2062,1936,DET,AL,gehrich01,AL,DET,Detroit Tigers
2063,1936,DET,AL,gosligo01,AL,DET,Detroit Tigers
2064,1936,DET,AL,greenha01,AL,DET,Detroit Tigers
2065,1936,DET,AL,simmoal01,AL,DET,Detroit Tigers
2066,1936,NY1,NL,hubbeca01,NL,SFG,New York Giants
2067,1936,NY1,NL,jackstr01,NL,SFG,New York Giants
2068,1936,NY1,NL,ottme01,NL,SFG,New York Giants
2069,1936,NY1,NL,terrybi01,NL,SFG,New York Giants
2070,1936,NYA,AL,dickebi01,AL,NYY,New York Yankees
2071,1936,NYA,AL,dimagjo01,AL,NYY,New York Yankees
2072,1936,NYA,AL,gehrilo01,AL,NYY,New York Yankees
2073,1936,NYA,AL,gomezle01,AL,NYY,New York Yankees
2074,1936,NYA,AL,lazzeto01,AL,NYY,New York Yankees
2075,1936,NYA,AL,ruffire01,AL,NYY,New York Yankees
2076,1936,PHI,NL,kleinch01,NL,PHI,Philadelphia Phillies
2077,1936,PIT,NL,hoytwa01,NL,PIT,Pittsburgh Pirates
2078,1936,PIT,NL,vaughar01,NL,PIT,Pittsburgh Pirates
2079,1936,PIT,NL,wanerll01,NL,PIT,Pittsburgh Pirates
2080,1936,PIT,NL,wanerpa01,NL,PIT,Pittsburgh Pirates
2081,1936,SLA,AL,bottoji01,AL,BAL,St. Louis Browns
2082,1936,SLA,AL,hornsro01,AL,BAL,St. Louis Browns
2083,1936,SLN,NL,alstowa01,NL,STL,St. Louis Cardinals
2084,1936,SLN,NL,deandi01,NL,STL,St. Louis Cardinals
2085,1936,SLN,NL,durocle01,NL,STL,St. Louis Cardinals
2086,1936,SLN,NL,friscfr01,NL,STL,St. Louis Cardinals
2087,1936,SLN,NL,haineje01,NL,STL,St. Louis Cardinals
2088,1936,SLN,NL,medwijo01,NL,STL,St. Louis Cardinals
2089,1936,SLN,NL,mizejo01,NL,STL,St. Louis Cardinals
2090,1937,BOS,AL,cronijo01,AL,BOS,Boston Red Sox
2091,1937,BOS,AL,doerrbo01,AL,BOS,Boston Red Sox
2092,1937,BOS,AL,ferreri01,AL,BOS,Boston Red Sox
2093,1937,BOS,AL,foxxji01,AL,BOS,Boston Red Sox
2094,1937,BOS,AL,grovele01,AL,BOS,Boston Red Sox
2095,1937,BRO,NL,hoytwa01,NL,LAD,Brooklyn Dodgers
2096,1937,BRO,NL,manushe01,NL,LAD,Brooklyn Dodgers
2097,1937,BSN,NL,lopezal01,NL,ATL,Boston Bees
2098,1937,CHA,AL,applilu01,AL,CHW,Chicago White Sox
2099,1937,CHA,AL,lyonste01,AL,CHW,Chicago White Sox
2100,1937,CHN,NL,hartnga01,NL,CHC,Chicago Cubs
2101,1937,CHN,NL,hermabi01,NL,CHC,Chicago Cubs
2102,1937,CIN,NL,cuyleki01,NL,CIN,Cincinnati Reds
2103,1937,CIN,NL,hafeych01,NL,CIN,Cincinnati Reds
2104,1937,CIN,NL,lombaer01,NL,CIN,Cincinnati Reds
2105,1937,CLE,AL,averiea01,AL,CLE,Cleveland Indians
2106,1937,CLE,AL,fellebo01,AL,CLE,Cleveland Indians
2107,1937,DET,AL,cochrmi01,AL,DET,Detroit Tigers
2108,1937,DET,AL,gehrich01,AL,DET,Detroit Tigers
2109,1937,DET,AL,gosligo01,AL,DET,Detroit Tigers
2110,1937,DET,AL,greenha01,AL,DET,Detroit Tigers
2111,1937,NY1,NL,hubbeca01,NL,SFG,New York Giants
2112,1937,NY1,NL,ottme01,NL,SFG,New York Giants
2113,1937,NYA,AL,dickebi01,AL,NYY,New York Yankees
2114,1937,NYA,AL,dimagjo01,AL,NYY,New York Yankees
2115,1937,NYA,AL,gehrilo01,AL,NYY,New York Yankees
2116,1937,NYA,AL,gomezle01,AL,NYY,New York Yankees
2117,1937,NYA,AL,lazzeto01,AL,NYY,New York Yankees
2118,1937,NYA,AL,ruffire01,AL,NYY,New York Yankees
2119,1937,PHI,NL,kleinch01,NL,PHI,Philadelphia Phillies
2120,1937,PIT,NL,hoytwa01,NL,PIT,Pittsburgh Pirates
2121,1937,PIT,NL,traynpi01,NL,PIT,Pittsburgh Pirates
2122,1937,PIT,NL,vaughar01,NL,PIT,Pittsburgh Pirates
2123,1937,PIT,NL,wanerll01,NL,PIT,Pittsburgh Pirates
2124,1937,PIT,NL,wanerpa01,NL,PIT,Pittsburgh Pirates
2125,1937,SLA,AL,bottoji01,AL,BAL,St. Louis Browns
2126,1937,SLA,AL,hornsro01,AL,BAL,St. Louis Browns
2127,1937,SLN,NL,deandi01,NL,STL,St. Louis Cardinals
2128,1937,SLN,NL,durocle01,NL,STL,St. Louis Cardinals
2129,1937,SLN,NL,friscfr01,NL,STL,St. Louis Cardinals
2130,1937,SLN,NL,haineje01,NL,STL,St. Louis Cardinals
2131,1937,SLN,NL,medwijo01,NL,STL,St. Louis Cardinals
2132,1937,SLN,NL,mizejo01,NL,STL,St. Louis Cardinals
2133,1937,WS1,AL,ferreri01,AL,MIN,Washington Senators
2134,1937,WS1,AL,simmoal01,AL,MIN,Washington Senators
2135,1938,BOS,AL,cronijo01,AL,BOS,Boston Red Sox
2136,1938,BOS,AL,doerrbo01,AL,BOS,Boston Red Sox
2137,1938,BOS,AL,foxxji01,AL,BOS,Boston Red Sox
2138,1938,BOS,AL,grovele01,AL,BOS,Boston Red Sox
2139,1938,BRO,NL,cuyleki01,NL,LAD,Brooklyn Dodgers
2140,1938,BRO,NL,durocle01,NL,LAD,Brooklyn Dodgers
2141,1938,BRO,NL,hoytwa01,NL,LAD,Brooklyn Dodgers
2142,1938,BRO,NL,manushe01,NL,LAD,Brooklyn Dodgers
2143,1938,BSN,NL,lopezal01,NL,ATL,Boston Bees
2144,1938,CHA,AL,applilu01,AL,CHW,Chicago White Sox
2145,1938,CHA,AL,lyonste01,AL,CHW,Chicago White Sox
2146,1938,CHN,NL,deandi01,NL,CHC,Chicago Cubs
2147,1938,CHN,NL,hartnga01,NL,CHC,Chicago Cubs
2148,1938,CHN,NL,hermabi01,NL,CHC,Chicago Cubs
2149,1938,CHN,NL,lazzeto01,NL,CHC,Chicago Cubs
2150,1938,CIN,NL,lombaer01,NL,CIN,Cincinnati Reds
2151,1938,CLE,AL,averiea01,AL,CLE,Cleveland Indians
2152,1938,CLE,AL,boudrlo01,AL,CLE,Cleveland Indians
2153,1938,CLE,AL,fellebo01,AL,CLE,Cleveland Indians
2154,1938,DET,AL,gehrich01,AL,DET,Detroit Tigers
2155,1938,DET,AL,greenha01,AL,DET,Detroit Tigers
2156,1938,NY1,NL,hubbeca01,NL,SFG,New York Giants
2157,1938,NY1,NL,ottme01,NL,SFG,New York Giants
2158,1938,NYA,AL,dickebi01,AL,NYY,New York Yankees
2159,1938,NYA,AL,dimagjo01,AL,NYY,New York Yankees
2160,1938,NYA,AL,gehrilo01,AL,NYY,New York Yankees
2161,1938,NYA,AL,gomezle01,AL,NYY,New York Yankees
2162,1938,NYA,AL,gordojo01,AL,NYY,New York Yankees
2163,1938,NYA,AL,ruffire01,AL,NYY,New York Yankees
2164,1938,PHI,NL,kleinch01,NL,PHI,Philadelphia Phillies
2165,1938,PIT,NL,manushe01,NL,PIT,Pittsburgh Pirates
2166,1938,PIT,NL,vaughar01,NL,PIT,Pittsburgh Pirates
2167,1938,PIT,NL,wanerll01,NL,PIT,Pittsburgh Pirates
2168,1938,PIT,NL,wanerpa01,NL,PIT,Pittsburgh Pirates
2169,1938,SLN,NL,medwijo01,NL,STL,St. Louis Cardinals
2170,1938,SLN,NL,mizejo01,NL,STL,St. Louis Cardinals
2171,1938,SLN,NL,slaugen01,NL,STL,St. Louis Cardinals
2172,1938,WS1,AL,ferreri01,AL,MIN,Washington Senators
2173,1938,WS1,AL,gosligo01,AL,MIN,Washington Senators
2174,1938,WS1,AL,simmoal01,AL,MIN,Washington Senators
2175,1939,BOS,AL,cronijo01,AL,BOS,Boston Red Sox
2176,1939,BOS,AL,doerrbo01,AL,BOS,Boston Red Sox
2177,1939,BOS,AL,foxxji01,AL,BOS,Boston Red Sox
2178,1939,BOS,AL,grovele01,AL,BOS,Boston Red Sox
2179,1939,BOS,AL,willite01,AL,BOS,Boston Red Sox
2180,1939,BRO,NL,durocle01,NL,LAD,Brooklyn Dodgers
2181,1939,BRO,NL,lazzeto01,NL,LAD,Brooklyn Dodgers
2182,1939,BSN,NL,lopezal01,NL,ATL,Boston Bees
2183,1939,BSN,NL,simmoal01,NL,ATL,Boston Bees
2184,1939,CHA,AL,applilu01,AL,CHW,Chicago White Sox
2185,1939,CHA,AL,lyonste01,AL,CHW,Chicago White Sox
2186,1939,CHN,NL,deandi01,NL,CHC,Chicago Cubs
2187,1939,CHN,NL,hartnga01,NL,CHC,Chicago Cubs
2188,1939,CHN,NL,hermabi01,NL,CHC,Chicago Cubs
2189,1939,CIN,NL,lombaer01,NL,CIN,Cincinnati Reds
2190,1939,CIN,NL,simmoal01,NL,CIN,Cincinnati Reds
2191,1939,CLE,AL,averiea01,AL,CLE,Cleveland Indians
2192,1939,CLE,AL,boudrlo01,AL,CLE,Cleveland Indians
2193,1939,CLE,AL,fellebo01,AL,CLE,Cleveland Indians
2194,1939,DET,AL,averiea01,AL,DET,Detroit Tigers
2195,1939,DET,AL,gehrich01,AL,DET,Detroit Tigers
2196,1939,DET,AL,greenha01,AL,DET,Detroit Tigers
2197,1939,DET,AL,newhoha01,AL,DET,Detroit Tigers
2198,1939,NY1,NL,hubbeca01,NL,SFG,New York Giants
2199,1939,NY1,NL,lazzeto01,NL,SFG,New York Giants
2200,1939,NY1,NL,ottme01,NL,SFG,New York Giants
2201,1939,NYA,AL,dickebi01,AL,NYY,New York Yankees
2202,1939,NYA,AL,dimagjo01,AL,NYY,New York Yankees
2203,1939,NYA,AL,gehrilo01,AL,NYY,New York Yankees
2204,1939,NYA,AL,gomezle01,AL,NYY,New York Yankees
2205,1939,NYA,AL,gordojo01,AL,NYY,New York Yankees
2206,1939,NYA,AL,ruffire01,AL,NYY,New York Yankees
2207,1939,PHI,NL,kleinch01,NL,PHI,Philadelphia Phillies
2208,1939,PIT,NL,kleinch01,NL,PIT,Pittsburgh Pirates
2209,1939,PIT,NL,manushe01,NL,PIT,Pittsburgh Pirates
2210,1939,PIT,NL,vaughar01,NL,PIT,Pittsburgh Pirates
2211,1939,PIT,NL,wanerll01,NL,PIT,Pittsburgh Pirates
2212,1939,PIT,NL,wanerpa01,NL,PIT,Pittsburgh Pirates
2213,1939,SLN,NL,medwijo01,NL,STL,St. Louis Cardinals
2214,1939,SLN,NL,mizejo01,NL,STL,St. Louis Cardinals
2215,1939,SLN,NL,slaugen01,NL,STL,St. Louis Cardinals
2216,1939,WS1,AL,ferreri01,AL,MIN,Washington Senators
2217,1939,WS1,AL,wynnea01,AL,MIN,Washington Senators
2218,1940,BOS,AL,cronijo01,AL,BOS,Boston Red Sox
2219,1940,BOS,AL,doerrbo01,AL,BOS,Boston Red Sox
2220,1940,BOS,AL,foxxji01,AL,BOS,Boston Red Sox
2221,1940,BOS,AL,grovele01,AL,BOS,Boston Red Sox
2222,1940,BOS,AL,willite01,AL,BOS,Boston Red Sox
2223,1940,BRO,NL,durocle01,NL,LAD,Brooklyn Dodgers
2224,1940,BRO,NL,medwijo01,NL,LAD,Brooklyn Dodgers
2225,1940,BRO,NL,reesepe01,NL,LAD,Brooklyn Dodgers
2226,1940,BSN,NL,lopezal01,NL,ATL,Boston Bees
2227,1940,CHA,AL,applilu01,AL,CHW,Chicago White Sox
2228,1940,CHA,AL,lyonste01,AL,CHW,Chicago White Sox
2229,1940,CHN,NL,deandi01,NL,CHC,Chicago Cubs
2230,1940,CHN,NL,hartnga01,NL,CHC,Chicago Cubs
2231,1940,CHN,NL,hermabi01,NL,CHC,Chicago Cubs
2232,1940,CIN,NL,lombaer01,NL,CIN,Cincinnati Reds
2233,1940,CLE,AL,boudrlo01,AL,CLE,Cleveland Indians
2234,1940,CLE,AL,fellebo01,AL,CLE,Cleveland Indians
2235,1940,DET,AL,averiea01,AL,DET,Detroit Tigers
2236,1940,DET,AL,gehrich01,AL,DET,Detroit Tigers
2237,1940,DET,AL,greenha01,AL,DET,Detroit Tigers
2238,1940,DET,AL,newhoha01,AL,DET,Detroit Tigers
2239,1940,NY1,NL,hubbeca01,NL,SFG,New York Giants
2240,1940,NY1,NL,ottme01,NL,SFG,New York Giants
2241,1940,NYA,AL,dickebi01,AL,NYY,New York Yankees
2242,1940,NYA,AL,dimagjo01,AL,NYY,New York Yankees
2243,1940,NYA,AL,gomezle01,AL,NYY,New York Yankees
2244,1940,NYA,AL,gordojo01,AL,NYY,New York Yankees
2245,1940,NYA,AL,ruffire01,AL,NYY,New York Yankees
2246,1940,PHA,AL,simmoal01,AL,OAK,Philadelphia Athletics
2247,1940,PHI,NL,kleinch01,NL,PHI,Philadelphia Phillies
2248,1940,PIT,NL,lopezal01,NL,PIT,Pittsburgh Pirates
2249,1940,PIT,NL,vaughar01,NL,PIT,Pittsburgh Pirates
2250,1940,PIT,NL,wanerll01,NL,PIT,Pittsburgh Pirates
2251,1940,PIT,NL,wanerpa01,NL,PIT,Pittsburgh Pirates
2252,1940,SLN,NL,medwijo01,NL,STL,St. Louis Cardinals
2253,1940,SLN,NL,mizejo01,NL,STL,St. Louis Cardinals
2254,1940,SLN,NL,slaugen01,NL,STL,St. Louis Cardinals
2255,1940,WS1,AL,ferreri01,AL,MIN,Washington Senators
2256,1941,BOS,AL,cronijo01,AL,BOS,Boston Red Sox
2257,1941,BOS,AL,doerrbo01,AL,BOS,Boston Red Sox
2258,1941,BOS,AL,foxxji01,AL,BOS,Boston Red Sox
2259,1941,BOS,AL,grovele01,AL,BOS,Boston Red Sox
2260,1941,BOS,AL,willite01,AL,BOS,Boston Red Sox
2261,1941,BRO,NL,durocle01,NL,LAD,Brooklyn Dodgers
2262,1941,BRO,NL,hermabi01,NL,LAD,Brooklyn Dodgers
2263,1941,BRO,NL,medwijo01,NL,LAD,Brooklyn Dodgers
2264,1941,BRO,NL,reesepe01,NL,LAD,Brooklyn Dodgers
2265,1941,BRO,NL,wanerpa01,NL,LAD,Brooklyn Dodgers
2266,1941,BSN,NL,averiea01,NL,ATL,Boston Braves
2267,1941,BSN,NL,wanerll01,NL,ATL,Boston Braves
2268,1941,BSN,NL,wanerpa01,NL,ATL,Boston Braves
2269,1941,CHA,AL,applilu01,AL,CHW,Chicago White Sox
2270,1941,CHA,AL,lyonste01,AL,CHW,Chicago White Sox
2271,1941,CHN,NL,deandi01,NL,CHC,Chicago Cubs
2272,1941,CHN,NL,hermabi01,NL,CHC,Chicago Cubs
2273,1941,CIN,NL,lombaer01,NL,CIN,Cincinnati Reds
2274,1941,CIN,NL,wanerll01,NL,CIN,Cincinnati Reds
2275,1941,CLE,AL,boudrlo01,AL,CLE,Cleveland Indians
2276,1941,CLE,AL,fellebo01,AL,CLE,Cleveland Indians
2277,1941,CLE,AL,lemonbo01,AL,CLE,Cleveland Indians
2278,1941,DET,AL,gehrich01,AL,DET,Detroit Tigers
2279,1941,DET,AL,greenha01,AL,DET,Detroit Tigers
2280,1941,DET,AL,newhoha01,AL,DET,Detroit Tigers
2281,1941,NY1,NL,hartnga01,NL,SFG,New York Giants
2282,1941,NY1,NL,hubbeca01,NL,SFG,New York Giants
2283,1941,NY1,NL,ottme01,NL,SFG,New York Giants
2284,1941,NYA,AL,dickebi01,AL,NYY,New York Yankees
2285,1941,NYA,AL,dimagjo01,AL,NYY,New York Yankees
2286,1941,NYA,AL,gomezle01,AL,NYY,New York Yankees
2287,1941,NYA,AL,gordojo01,AL,NYY,New York Yankees
2288,1941,NYA,AL,rizzuph01,AL,NYY,New York Yankees
2289,1941,NYA,AL,ruffire01,AL,NYY,New York Yankees
2290,1941,PHA,AL,simmoal01,AL,OAK,Philadelphia Athletics
2291,1941,PHI,NL,kleinch01,NL,PHI,Philadelphia Phillies
2292,1941,PIT,NL,lopezal01,NL,PIT,Pittsburgh Pirates
2293,1941,PIT,NL,vaughar01,NL,PIT,Pittsburgh Pirates
2294,1941,PIT,NL,wanerll01,NL,PIT,Pittsburgh Pirates
2295,1941,SLA,AL,ferreri01,AL,BAL,St. Louis Browns
2296,1941,SLN,NL,mizejo01,NL,STL,St. Louis Cardinals
2297,1941,SLN,NL,musiast01,NL,STL,St. Louis Cardinals
2298,1941,SLN,NL,slaugen01,NL,STL,St. Louis Cardinals
2299,1941,WS1,AL,ferreri01,AL,MIN,Washington Senators
2300,1941,WS1,AL,wynnea01,AL,MIN,Washington Senators
2301,1942,BOS,AL,cronijo01,AL,BOS,Boston Red Sox
2302,1942,BOS,AL,doerrbo01,AL,BOS,Boston Red Sox
2303,1942,BOS,AL,foxxji01,AL,BOS,Boston Red Sox
2304,1942,BOS,AL,willite01,AL,BOS,Boston Red Sox
2305,1942,BRO,NL,hermabi01,NL,LAD,Brooklyn Dodgers
2306,1942,BRO,NL,medwijo01,NL,LAD,Brooklyn Dodgers
2307,1942,BRO,NL,reesepe01,NL,LAD,Brooklyn Dodgers
2308,1942,BRO,NL,vaughar01,NL,LAD,Brooklyn Dodgers
2309,1942,BSN,NL,lombaer01,NL,ATL,Boston Braves
2310,1942,BSN,NL,spahnwa01,NL,ATL,Boston Braves
2311,1942,BSN,NL,wanerpa01,NL,ATL,Boston Braves
2312,1942,CHA,AL,applilu01,AL,CHW,Chicago White Sox
2313,1942,CHA,AL,lyonste01,AL,CHW,Chicago White Sox
2314,1942,CHN,NL,foxxji01,NL,CHC,Chicago Cubs
2315,1942,CLE,AL,boudrlo01,AL,CLE,Cleveland Indians
2316,1942,CLE,AL,lemonbo01,AL,CLE,Cleveland Indians
2317,1942,DET,AL,gehrich01,AL,DET,Detroit Tigers
2318,1942,DET,AL,newhoha01,AL,DET,Detroit Tigers
2319,1942,NY1,NL,hubbeca01,NL,SFG,New York Giants
2320,1942,NY1,NL,mizejo01,NL,SFG,New York Giants
2321,1942,NY1,NL,ottme01,NL,SFG,New York Giants
2322,1942,NYA,AL,dickebi01,AL,NYY,New York Yankees
2323,1942,NYA,AL,dimagjo01,AL,NYY,New York Yankees
2324,1942,NYA,AL,gomezle01,AL,NYY,New York Yankees
2325,1942,NYA,AL,gordojo01,AL,NYY,New York Yankees
2326,1942,NYA,AL,rizzuph01,AL,NYY,New York Yankees
2327,1942,NYA,AL,ruffire01,AL,NYY,New York Yankees
2328,1942,PHI,NL,kleinch01,NL,PHI,Philadelphia Phillies
2329,1942,PHI,NL,wanerll01,NL,PHI,Philadelphia Phillies
2330,1942,PIT,NL,lopezal01,NL,PIT,Pittsburgh Pirates
2331,1942,SLA,AL,ferreri01,AL,BAL,St. Louis Browns
2332,1942,SLN,NL,musiast01,NL,STL,St. Louis Cardinals
2333,1942,SLN,NL,slaugen01,NL,STL,St. Louis Cardinals
2334,1942,WS1,AL,wynnea01,AL,MIN,Washington Senators
2335,1943,BOS,AL,cronijo01,AL,BOS,Boston Red Sox
2336,1943,BOS,AL,doerrbo01,AL,BOS,Boston Red Sox
2337,1943,BOS,AL,simmoal01,AL,BOS,Boston Red Sox
2338,1943,BRO,NL,durocle01,NL,LAD,Brooklyn Dodgers
2339,1943,BRO,NL,hermabi01,NL,LAD,Brooklyn Dodgers
2340,1943,BRO,NL,hodgegi01,NL,LAD,Brooklyn Dodgers
2341,1943,BRO,NL,medwijo01,NL,LAD,Brooklyn Dodgers
2342,1943,BRO,NL,vaughar01,NL,LAD,Brooklyn Dodgers
2343,1943,BRO,NL,wanerpa01,NL,LAD,Brooklyn Dodgers
2344,1943,CHA,AL,applilu01,AL,CHW,Chicago White Sox
2345,1943,CLE,AL,boudrlo01,AL,CLE,Cleveland Indians
2346,1943,DET,AL,newhoha01,AL,DET,Detroit Tigers
2347,1943,NY1,NL,hubbeca01,NL,SFG,New York Giants
2348,1943,NY1,NL,lombaer01,NL,SFG,New York Giants
2349,1943,NY1,NL,medwijo01,NL,SFG,New York Giants
2350,1943,NY1,NL,ottme01,NL,SFG,New York Giants
2351,1943,NYA,AL,dickebi01,AL,NYY,New York Yankees
2352,1943,NYA,AL,gordojo01,AL,NYY,New York Yankees
2353,1943,PHA,AL,kellge01,AL,OAK,Philadelphia Athletics
2354,1943,PHI,NL,kleinch01,NL,PHI,Philadelphia Blue Jays
2355,1943,PIT,NL,lopezal01,NL,PIT,Pittsburgh Pirates
2356,1943,SLA,AL,ferreri01,AL,BAL,St. Louis Browns
2357,1943,SLN,NL,musiast01,NL,STL,St. Louis Cardinals
2358,1943,WS1,AL,gomezle01,AL,MIN,Washington Senators
2359,1943,WS1,AL,wynnea01,AL,MIN,Washington Senators
2360,1944,BOS,AL,cronijo01,AL,BOS,Boston Red Sox
2361,1944,BOS,AL,doerrbo01,AL,BOS,Boston Red Sox
2362,1944,BRO,NL,wanerll01,NL,LAD,Brooklyn Dodgers
2363,1944,BRO,NL,wanerpa01,NL,LAD,Brooklyn Dodgers
2364,1944,CHN,NL,foxxji01,NL,CHC,Chicago Cubs
2365,1944,CLE,AL,boudrlo01,AL,CLE,Cleveland Indians
2366,1944,DET,AL,newhoha01,AL,DET,Detroit Tigers
2367,1944,NY1,NL,lombaer01,NL,SFG,New York Giants
2368,1944,NY1,NL,medwijo01,NL,SFG,New York Giants
2369,1944,NY1,NL,ottme01,NL,SFG,New York Giants
2370,1944,NYA,AL,wanerpa01,AL,NYY,New York Yankees
2371,1944,PHA,AL,kellge01,AL,OAK,Philadelphia Athletics
2372,1944,PHA,AL,simmoal01,AL,OAK,Philadelphia Athletics
2373,1944,PHI,NL,kleinch01,NL,PHI,Philadelphia Blue Jays
2374,1944,PIT,NL,lopezal01,NL,PIT,Pittsburgh Pirates
2375,1944,PIT,NL,wanerll01,NL,PIT,Pittsburgh Pirates
2376,1944,SLN,NL,musiast01,NL,STL,St. Louis Cardinals
2377,1944,WS1,AL,ferreri01,AL,MIN,Washington Senators
2378,1944,WS1,AL,wynnea01,AL,MIN,Washington Senators
2379,1945,BOS,AL,cronijo01,AL,BOS,Boston Red Sox
2380,1945,BRO,NL,durocle01,NL,LAD,Brooklyn Dodgers
2381,1945,BSN,NL,medwijo01,NL,ATL,Boston Braves
2382,1945,CHA,AL,applilu01,AL,CHW,Chicago White Sox
2383,1945,CLE,AL,boudrlo01,AL,CLE,Cleveland Indians
2384,1945,CLE,AL,fellebo01,AL,CLE,Cleveland Indians
2385,1945,DET,AL,greenha01,AL,DET,Detroit Tigers
2386,1945,DET,AL,newhoha01,AL,DET,Detroit Tigers
2387,1945,NY1,NL,lombaer01,NL,SFG,New York Giants
2388,1945,NY1,NL,medwijo01,NL,SFG,New York Giants
2389,1945,NY1,NL,ottme01,NL,SFG,New York Giants
2390,1945,NYA,AL,ruffire01,AL,NYY,New York Yankees
2391,1945,NYA,AL,wanerpa01,AL,NYY,New York Yankees
2392,1945,PHA,AL,kellge01,AL,OAK,Philadelphia Athletics
2393,1945,PHI,NL,foxxji01,NL,PHI,Philadelphia Phillies
2394,1945,PIT,NL,lopezal01,NL,PIT,Pittsburgh Pirates
2395,1945,PIT,NL,wanerll01,NL,PIT,Pittsburgh Pirates
2396,1945,SLN,NL,schoere01,NL,STL,St. Louis Cardinals
2397,1945,WS1,AL,ferreri01,AL,MIN,Washington Senators
2398,1946,BOS,AL,doerrbo01,AL,BOS,Boston Red Sox
2399,1946,BOS,AL,willite01,AL,BOS,Boston Red Sox
2400,1946,BRO,NL,hermabi01,NL,LAD,Brooklyn Dodgers
2401,1946,BRO,NL,medwijo01,NL,LAD,Brooklyn Dodgers
2402,1946,BRO,NL,reesepe01,NL,LAD,Brooklyn Dodgers
2403,1946,BSN,NL,hermabi01,NL,ATL,Boston Braves
2404,1946,BSN,NL,spahnwa01,NL,ATL,Boston Braves
2405,1946,CHA,AL,applilu01,AL,CHW,Chicago White Sox
2406,1946,CHA,AL,lyonste01,AL,CHW,Chicago White Sox
2407,1946,CLE,AL,boudrlo01,AL,CLE,Cleveland Indians
2408,1946,CLE,AL,fellebo01,AL,CLE,Cleveland Indians
2409,1946,CLE,AL,lemonbo01,AL,CLE,Cleveland Indians
2410,1946,DET,AL,greenha01,AL,DET,Detroit Tigers
2411,1946,DET,AL,kellge01,AL,DET,Detroit Tigers
2412,1946,DET,AL,newhoha01,AL,DET,Detroit Tigers
2413,1946,NY1,NL,lombaer01,NL,SFG,New York Giants
2414,1946,NY1,NL,mizejo01,NL,SFG,New York Giants
2415,1946,NY1,NL,ottme01,NL,SFG,New York Giants
2416,1946,NYA,AL,berrayo01,AL,NYY,New York Yankees
2417,1946,NYA,AL,dickebi01,AL,NYY,New York Yankees
2418,1946,NYA,AL,dimagjo01,AL,NYY,New York Yankees
2419,1946,NYA,AL,gordojo01,AL,NYY,New York Yankees
2420,1946,NYA,AL,rizzuph01,AL,NYY,New York Yankees
2421,1946,NYA,AL,ruffire01,AL,NYY,New York Yankees
2422,1946,PHA,AL,kellge01,AL,OAK,Philadelphia Athletics
2423,1946,PIT,NL,kinerra01,NL,PIT,Pittsburgh Pirates
2424,1946,PIT,NL,lopezal01,NL,PIT,Pittsburgh Pirates
2425,1946,SLN,NL,musiast01,NL,STL,St. Louis Cardinals
2426,1946,SLN,NL,schoere01,NL,STL,St. Louis Cardinals
2427,1946,SLN,NL,slaugen01,NL,STL,St. Louis Cardinals
2428,1946,WS1,AL,wynnea01,AL,MIN,Washington Senators
2429,1947,BOS,AL,doerrbo01,AL,BOS,Boston Red Sox
2430,1947,BOS,AL,willite01,AL,BOS,Boston Red Sox
2431,1947,BRO,NL,hodgegi01,NL,LAD,Brooklyn Dodgers
2432,1947,BRO,NL,reesepe01,NL,LAD,Brooklyn Dodgers
2433,1947,BRO,NL,robinja02,NL,LAD,Brooklyn Dodgers
2434,1947,BRO,NL,snidedu01,NL,LAD,Brooklyn Dodgers
2435,1947,BRO,NL,vaughar01,NL,LAD,Brooklyn Dodgers
2436,1947,BSN,NL,spahnwa01,NL,ATL,Boston Braves
2437,1947,CHA,AL,applilu01,AL,CHW,Chicago White Sox
2438,1947,CHA,AL,ruffire01,AL,CHW,Chicago White Sox
2439,1947,CIN,NL,kluszte01,NL,CIN,Cincinnati Reds
2440,1947,CLE,AL,boudrlo01,AL,CLE,Cleveland Indians
2441,1947,CLE,AL,dobyla01,AL,CLE,Cleveland Indians
2442,1947,CLE,AL,fellebo01,AL,CLE,Cleveland Indians
2443,1947,CLE,AL,gordojo01,AL,CLE,Cleveland Indians
2444,1947,CLE,AL,lemonbo01,AL,CLE,Cleveland Indians
2445,1947,CLE,AL,lopezal01,AL,CLE,Cleveland Indians
2446,1947,DET,AL,kellge01,AL,DET,Detroit Tigers
2447,1947,DET,AL,newhoha01,AL,DET,Detroit Tigers
2448,1947,NY1,NL,lombaer01,NL,SFG,New York Giants
2449,1947,NY1,NL,mizejo01,NL,SFG,New York Giants
2450,1947,NY1,NL,ottme01,NL,SFG,New York Giants
2451,1947,NYA,AL,berrayo01,AL,NYY,New York Yankees
2452,1947,NYA,AL,dimagjo01,AL,NYY,New York Yankees
2453,1947,NYA,AL,rizzuph01,AL,NYY,New York Yankees
2454,1947,PHA,AL,foxne01,AL,OAK,Philadelphia Athletics
2455,1947,PIT,NL,greenha01,NL,PIT,Pittsburgh Pirates
2456,1947,PIT,NL,hermabi01,NL,PIT,Pittsburgh Pirates
2457,1947,PIT,NL,kinerra01,NL,PIT,Pittsburgh Pirates
2458,1947,SLA,AL,brownwi02,AL,BAL,St. Louis Browns
2459,1947,SLA,AL,deandi01,AL,BAL,St. Louis Browns
2460,1947,SLN,NL,medwijo01,NL,STL,St. Louis Cardinals
2461,1947,SLN,NL,musiast01,NL,STL,St. Louis Cardinals
2462,1947,SLN,NL,schoere01,NL,STL,St. Louis Cardinals
2463,1947,SLN,NL,slaugen01,NL,STL,St. Louis Cardinals
2464,1947,WS1,AL,ferreri01,AL,MIN,Washington Senators
2465,1947,WS1,AL,wynnea01,AL,MIN,Washington Senators
2466,1948,BOS,AL,doerrbo01,AL,BOS,Boston Red Sox
2467,1948,BOS,AL,willite01,AL,BOS,Boston Red Sox
2468,1948,BRO,NL,camparo01,NL,LAD,Brooklyn Dodgers
2469,1948,BRO,NL,hodgegi01,NL,LAD,Brooklyn Dodgers
2470,1948,BRO,NL,reesepe01,NL,LAD,Brooklyn Dodgers
2471,1948,BRO,NL,robinja02,NL,LAD,Brooklyn Dodgers
2472,1948,BRO,NL,snidedu01,NL,LAD,Brooklyn Dodgers
2473,1948,BRO,NL,vaughar01,NL,LAD,Brooklyn Dodgers
2474,1948,BSN,NL,spahnwa01,NL,ATL,Boston Braves
2475,1948,CHA,AL,applilu01,AL,CHW,Chicago White Sox
2476,1948,CIN,NL,kluszte01,NL,CIN,Cincinnati Reds
2477,1948,CLE,AL,boudrlo01,AL,CLE,Cleveland Indians
2478,1948,CLE,AL,dobyla01,AL,CLE,Cleveland Indians
2479,1948,CLE,AL,fellebo01,AL,CLE,Cleveland Indians
2480,1948,CLE,AL,gordojo01,AL,CLE,Cleveland Indians
2481,1948,CLE,AL,lemonbo01,AL,CLE,Cleveland Indians
2482,1948,CLE,AL,paigesa01,AL,CLE,Cleveland Indians
2483,1948,DET,AL,kellge01,AL,DET,Detroit Tigers
2484,1948,DET,AL,newhoha01,AL,DET,Detroit Tigers
2485,1948,NY1,NL,mizejo01,NL,SFG,New York Giants
2486,1948,NYA,AL,berrayo01,AL,NYY,New York Yankees
2487,1948,NYA,AL,dimagjo01,AL,NYY,New York Yankees
2488,1948,NYA,AL,rizzuph01,AL,NYY,New York Yankees
2489,1948,PHA,AL,foxne01,AL,OAK,Philadelphia Athletics
2490,1948,PHI,NL,ashburi01,NL,PHI,Philadelphia Phillies
2491,1948,PHI,NL,roberro01,NL,PHI,Philadelphia Phillies
2492,1948,PIT,NL,kinerra01,NL,PIT,Pittsburgh Pirates
2493,1948,SLN,NL,medwijo01,NL,STL,St. Louis Cardinals
2494,1948,SLN,NL,musiast01,NL,STL,St. Louis Cardinals
2495,1948,SLN,NL,schoere01,NL,STL,St. Louis Cardinals
2496,1948,SLN,NL,slaugen01,NL,STL,St. Louis Cardinals
2497,1948,WS1,AL,wynnea01,AL,MIN,Washington Senators
2498,1949,BOS,AL,doerrbo01,AL,BOS,Boston Red Sox
2499,1949,BOS,AL,willite01,AL,BOS,Boston Red Sox
2500,1949,BRO,NL,camparo01,NL,LAD,Brooklyn Dodgers
2501,1949,BRO,NL,hodgegi01,NL,LAD,Brooklyn Dodgers
2502,1949,BRO,NL,reesepe01,NL,LAD,Brooklyn Dodgers
2503,1949,BRO,NL,robinja02,NL,LAD,Brooklyn Dodgers
2504,1949,BRO,NL,snidedu01,NL,LAD,Brooklyn Dodgers
2505,1949,BSN,NL,spahnwa01,NL,ATL,Boston Braves
2506,1949,CHA,AL,applilu01,AL,CHW,Chicago White Sox
2507,1949,CIN,NL,kluszte01,NL,CIN,Cincinnati Reds
2508,1949,CLE,AL,boudrlo01,AL,CLE,Cleveland Indians
2509,1949,CLE,AL,dobyla01,AL,CLE,Cleveland Indians
2510,1949,CLE,AL,fellebo01,AL,CLE,Cleveland Indians
2511,1949,CLE,AL,gordojo01,AL,CLE,Cleveland Indians
2512,1949,CLE,AL,lemonbo01,AL,CLE,Cleveland Indians
2513,1949,CLE,AL,minosmi01,AL,CLE,Cleveland Indians
2514,1949,CLE,AL,paigesa01,AL,CLE,Cleveland Indians
2515,1949,CLE,AL,wynnea01,AL,CLE,Cleveland Indians
2516,1949,DET,AL,kellge01,AL,DET,Detroit Tigers
2517,1949,DET,AL,newhoha01,AL,DET,Detroit Tigers
2518,1949,NY1,NL,irvinmo01,NL,SFG,New York Giants
2519,1949,NY1,NL,mizejo01,NL,SFG,New York Giants
2520,1949,NYA,AL,berrayo01,AL,NYY,New York Yankees
2521,1949,NYA,AL,dimagjo01,AL,NYY,New York Yankees
2522,1949,NYA,AL,mizejo01,AL,NYY,New York Yankees
2523,1949,NYA,AL,rizzuph01,AL,NYY,New York Yankees
2524,1949,PHA,AL,foxne01,AL,OAK,Philadelphia Athletics
2525,1949,PHI,NL,ashburi01,NL,PHI,Philadelphia Phillies
2526,1949,PHI,NL,roberro01,NL,PHI,Philadelphia Phillies
2527,1949,PIT,NL,kinerra01,NL,PIT,Pittsburgh Pirates
2528,1949,SLN,NL,musiast01,NL,STL,St. Louis Cardinals
2529,1949,SLN,NL,schoere01,NL,STL,St. Louis Cardinals
2530,1949,SLN,NL,slaugen01,NL,STL,St. Louis Cardinals
2531,1950,BOS,AL,doerrbo01,AL,BOS,Boston Red Sox
2532,1950,BOS,AL,willite01,AL,BOS,Boston Red Sox
2533,1950,BRO,NL,camparo01,NL,LAD,Brooklyn Dodgers
2534,1950,BRO,NL,hodgegi01,NL,LAD,Brooklyn Dodgers
2535,1950,BRO,NL,reesepe01,NL,LAD,Brooklyn Dodgers
2536,1950,BRO,NL,robinja02,NL,LAD,Brooklyn Dodgers
2537,1950,BRO,NL,snidedu01,NL,LAD,Brooklyn Dodgers
2538,1950,BSN,NL,spahnwa01,NL,ATL,Boston Braves
2539,1950,CHA,AL,applilu01,AL,CHW,Chicago White Sox
2540,1950,CHA,AL,foxne01,AL,CHW,Chicago White Sox
2541,1950,CIN,NL,kluszte01,NL,CIN,Cincinnati Reds
2542,1950,CLE,AL,boudrlo01,AL,CLE,Cleveland Indians
2543,1950,CLE,AL,dobyla01,AL,CLE,Cleveland Indians
2544,1950,CLE,AL,fellebo01,AL,CLE,Cleveland Indians
2545,1950,CLE,AL,gordojo01,AL,CLE,Cleveland Indians
2546,1950,CLE,AL,lemonbo01,AL,CLE,Cleveland Indians
2547,1950,CLE,AL,wynnea01,AL,CLE,Cleveland Indians
2548,1950,DET,AL,kellge01,AL,DET,Detroit Tigers
2549,1950,DET,AL,newhoha01,AL,DET,Detroit Tigers
2550,1950,NY1,NL,irvinmo01,NL,SFG,New York Giants
2551,1950,NYA,AL,berrayo01,AL,NYY,New York Yankees
2552,1950,NYA,AL,dimagjo01,AL,NYY,New York Yankees
2553,1950,NYA,AL,fordwh01,AL,NYY,New York Yankees
2554,1950,NYA,AL,mizejo01,AL,NYY,New York Yankees
2555,1950,NYA,AL,rizzuph01,AL,NYY,New York Yankees
2556,1950,PHI,NL,ashburi01,NL,PHI,Philadelphia Phillies
2557,1950,PHI,NL,roberro01,NL,PHI,Philadelphia Phillies
2558,1950,PIT,NL,kinerra01,NL,PIT,Pittsburgh Pirates
2559,1950,SLN,NL,musiast01,NL,STL,St. Louis Cardinals
2560,1950,SLN,NL,schoere01,NL,STL,St. Louis Cardinals
2561,1950,SLN,NL,slaugen01,NL,STL,St. Louis Cardinals
2562,1951,BOS,AL,boudrlo01,AL,BOS,Boston Red Sox
2563,1951,BOS,AL,doerrbo01,AL,BOS,Boston Red Sox
2564,1951,BOS,AL,willite01,AL,BOS,Boston Red Sox
2565,1951,BRO,NL,camparo01,NL,LAD,Brooklyn Dodgers
2566,1951,BRO,NL,hodgegi01,NL,LAD,Brooklyn Dodgers
2567,1951,BRO,NL,reesepe01,NL,LAD,Brooklyn Dodgers
2568,1951,BRO,NL,robinja02,NL,LAD,Brooklyn Dodgers
2569,1951,BRO,NL,snidedu01,NL,LAD,Brooklyn Dodgers
2570,1951,BRO,NL,willidi02,NL,LAD,Brooklyn Dodgers
2571,1951,BSN,NL,spahnwa01,NL,ATL,Boston Braves
2572,1951,CHA,AL,foxne01,AL,CHW,Chicago White Sox
2573,1951,CHA,AL,minosmi01,AL,CHW,Chicago White Sox
2574,1951,CIN,NL,kluszte01,NL,CIN,Cincinnati Reds
2575,1951,CLE,AL,dobyla01,AL,CLE,Cleveland Indians
2576,1951,CLE,AL,fellebo01,AL,CLE,Cleveland Indians
2577,1951,CLE,AL,lemonbo01,AL,CLE,Cleveland Indians
2578,1951,CLE,AL,minosmi01,AL,CLE,Cleveland Indians
2579,1951,CLE,AL,wynnea01,AL,CLE,Cleveland Indians
2580,1951,DET,AL,kellge01,AL,DET,Detroit Tigers
2581,1951,DET,AL,newhoha01,AL,DET,Detroit Tigers
2582,1951,NY1,NL,irvinmo01,NL,SFG,New York Giants
2583,1951,NY1,NL,mayswi01,NL,SFG,New York Giants
2584,1951,NYA,AL,berrayo01,AL,NYY,New York Yankees
2585,1951,NYA,AL,dimagjo01,AL,NYY,New York Yankees
2586,1951,NYA,AL,mantlmi01,AL,NYY,New York Yankees
2587,1951,NYA,AL,mizejo01,AL,NYY,New York Yankees
2588,1951,NYA,AL,rizzuph01,AL,NYY,New York Yankees
2589,1951,PHI,NL,ashburi01,NL,PHI,Philadelphia Phillies
2590,1951,PHI,NL,roberro01,NL,PHI,Philadelphia Phillies
2591,1951,PIT,NL,kinerra01,NL,PIT,Pittsburgh Pirates
2592,1951,SLA,AL,paigesa01,AL,BAL,St. Louis Browns
2593,1951,SLN,NL,musiast01,NL,STL,St. Louis Cardinals
2594,1951,SLN,NL,schoere01,NL,STL,St. Louis Cardinals
2595,1951,SLN,NL,slaugen01,NL,STL,St. Louis Cardinals
2596,1952,BOS,AL,boudrlo01,AL,BOS,Boston Red Sox
2597,1952,BOS,AL,kellge01,AL,BOS,Boston Red Sox
2598,1952,BOS,AL,willite01,AL,BOS,Boston Red Sox
2599,1952,BRO,NL,camparo01,NL,LAD,Brooklyn Dodgers
2600,1952,BRO,NL,hodgegi01,NL,LAD,Brooklyn Dodgers
2601,1952,BRO,NL,reesepe01,NL,LAD,Brooklyn Dodgers
2602,1952,BRO,NL,robinja02,NL,LAD,Brooklyn Dodgers
2603,1952,BRO,NL,snidedu01,NL,LAD,Brooklyn Dodgers
2604,1952,BRO,NL,willidi02,NL,LAD,Brooklyn Dodgers
2605,1952,BSN,NL,matheed01,NL,ATL,Boston Braves
2606,1952,BSN,NL,spahnwa01,NL,ATL,Boston Braves
2607,1952,CHA,AL,foxne01,AL,CHW,Chicago White Sox
2608,1952,CHA,AL,minosmi01,AL,CHW,Chicago White Sox
2609,1952,CIN,NL,kluszte01,NL,CIN,Cincinnati Reds
2610,1952,CLE,AL,dobyla01,AL,CLE,Cleveland Indians
2611,1952,CLE,AL,fellebo01,AL,CLE,Cleveland Indians
2612,1952,CLE,AL,lemonbo01,AL,CLE,Cleveland Indians
2613,1952,CLE,AL,wynnea01,AL,CLE,Cleveland Indians
2614,1952,DET,AL,kellge01,AL,DET,Detroit Tigers
2615,1952,DET,AL,newhoha01,AL,DET,Detroit Tigers
2616,1952,NY1,NL,irvinmo01,NL,SFG,New York Giants
2617,1952,NY1,NL,mayswi01,NL,SFG,New York Giants
2618,1952,NY1,NL,wilheho01,NL,SFG,New York Giants
2619,1952,NYA,AL,berrayo01,AL,NYY,New York Yankees
2620,1952,NYA,AL,mantlmi01,AL,NYY,New York Yankees
2621,1952,NYA,AL,mizejo01,AL,NYY,New York Yankees
2622,1952,NYA,AL,rizzuph01,AL,NYY,New York Yankees
2623,1952,PHI,NL,ashburi01,NL,PHI,Philadelphia Phillies
2624,1952,PHI,NL,roberro01,NL,PHI,Philadelphia Phillies
2625,1952,PIT,NL,kinerra01,NL,PIT,Pittsburgh Pirates
2626,1952,SLA,AL,paigesa01,AL,BAL,St. Louis Browns
2627,1952,SLN,NL,musiast01,NL,STL,St. Louis Cardinals
2628,1952,SLN,NL,schoere01,NL,STL,St. Louis Cardinals
2629,1952,SLN,NL,slaugen01,NL,STL,St. Louis Cardinals
2630,1953,BOS,AL,kellge01,AL,BOS,Boston Red Sox
2631,1953,BOS,AL,willite01,AL,BOS,Boston Red Sox
2632,1953,BRO,NL,camparo01,NL,LAD,Brooklyn Dodgers
2633,1953,BRO,NL,hodgegi01,NL,LAD,Brooklyn Dodgers
2634,1953,BRO,NL,reesepe01,NL,LAD,Brooklyn Dodgers
2635,1953,BRO,NL,robinja02,NL,LAD,Brooklyn Dodgers
2636,1953,BRO,NL,snidedu01,NL,LAD,Brooklyn Dodgers
2637,1953,BRO,NL,willidi02,NL,LAD,Brooklyn Dodgers
2638,1953,CHA,AL,foxne01,AL,CHW,Chicago White Sox
2639,1953,CHA,AL,minosmi01,AL,CHW,Chicago White Sox
2640,1953,CHN,NL,bankser01,NL,CHC,Chicago Cubs
2641,1953,CHN,NL,kinerra01,NL,CHC,Chicago Cubs
2642,1953,CIN,NL,kluszte01,NL,CIN,Cincinnati Reds
2643,1953,CLE,AL,dobyla01,AL,CLE,Cleveland Indians
2644,1953,CLE,AL,fellebo01,AL,CLE,Cleveland Indians
2645,1953,CLE,AL,lemonbo01,AL,CLE,Cleveland Indians
2646,1953,CLE,AL,wynnea01,AL,CLE,Cleveland Indians
2647,1953,DET,AL,kalinal01,AL,DET,Detroit Tigers
2648,1953,DET,AL,newhoha01,AL,DET,Detroit Tigers
2649,1953,ML1,NL,matheed01,NL,ATL,Milwaukee Braves
2650,1953,ML1,NL,spahnwa01,NL,ATL,Milwaukee Braves
2651,1953,NY1,NL,irvinmo01,NL,SFG,New York Giants
2652,1953,NY1,NL,wilheho01,NL,SFG,New York Giants
2653,1953,NYA,AL,berrayo01,AL,NYY,New York Yankees
2654,1953,NYA,AL,fordwh01,AL,NYY,New York Yankees
2655,1953,NYA,AL,mantlmi01,AL,NYY,New York Yankees
2656,1953,NYA,AL,mizejo01,AL,NYY,New York Yankees
2657,1953,NYA,AL,rizzuph01,AL,NYY,New York Yankees
2658,1953,PHI,NL,ashburi01,NL,PHI,Philadelphia Phillies
2659,1953,PHI,NL,roberro01,NL,PHI,Philadelphia Phillies
2660,1953,PIT,NL,kinerra01,NL,PIT,Pittsburgh Pirates
2661,1953,SLA,AL,paigesa01,AL,BAL,St. Louis Browns
2662,1953,SLN,NL,musiast01,NL,STL,St. Louis Cardinals
2663,1953,SLN,NL,schoere01,NL,STL,St. Louis Cardinals
2664,1953,SLN,NL,slaugen01,NL,STL,St. Louis Cardinals
2665,1954,BOS,AL,kellge01,AL,BOS,Boston Red Sox
2666,1954,BOS,AL,willite01,AL,BOS,Boston Red Sox
2667,1954,BRO,NL,camparo01,NL,LAD,Brooklyn Dodgers
2668,1954,BRO,NL,hodgegi01,NL,LAD,Brooklyn Dodgers
2669,1954,BRO,NL,lasorto01,NL,LAD,Brooklyn Dodgers
2670,1954,BRO,NL,reesepe01,NL,LAD,Brooklyn Dodgers
2671,1954,BRO,NL,robinja02,NL,LAD,Brooklyn Dodgers
2672,1954,BRO,NL,snidedu01,NL,LAD,Brooklyn Dodgers
2673,1954,BRO,NL,willidi02,NL,LAD,Brooklyn Dodgers
2674,1954,CHA,AL,foxne01,AL,CHW,Chicago White Sox
2675,1954,CHA,AL,kellge01,AL,CHW,Chicago White Sox
2676,1954,CHA,AL,minosmi01,AL,CHW,Chicago White Sox
2677,1954,CHN,NL,bankser01,NL,CHC,Chicago Cubs
2678,1954,CHN,NL,kinerra01,NL,CHC,Chicago Cubs
2679,1954,CIN,NL,kluszte01,NL,CIN,Cincinnati Redlegs
2680,1954,CLE,AL,dobyla01,AL,CLE,Cleveland Indians
2681,1954,CLE,AL,fellebo01,AL,CLE,Cleveland Indians
2682,1954,CLE,AL,lemonbo01,AL,CLE,Cleveland Indians
2683,1954,CLE,AL,newhoha01,AL,CLE,Cleveland Indians
2684,1954,CLE,AL,wynnea01,AL,CLE,Cleveland Indians
2685,1954,DET,AL,kalinal01,AL,DET,Detroit Tigers
2686,1954,ML1,NL,aaronha01,NL,ATL,Milwaukee Braves
2687,1954,ML1,NL,matheed01,NL,ATL,Milwaukee Braves
2688,1954,ML1,NL,spahnwa01,NL,ATL,Milwaukee Braves
2689,1954,NY1,NL,irvinmo01,NL,SFG,New York Giants
2690,1954,NY1,NL,mayswi01,NL,SFG,New York Giants
2691,1954,NY1,NL,wilheho01,NL,SFG,New York Giants
2692,1954,NYA,AL,berrayo01,AL,NYY,New York Yankees
2693,1954,NYA,AL,fordwh01,AL,NYY,New York Yankees
2694,1954,NYA,AL,mantlmi01,AL,NYY,New York Yankees
2695,1954,NYA,AL,rizzuph01,AL,NYY,New York Yankees
2696,1954,NYA,AL,slaugen01,AL,NYY,New York Yankees
2697,1954,PHI,NL,ashburi01,NL,PHI,Philadelphia Phillies
2698,1954,PHI,NL,roberro01,NL,PHI,Philadelphia Phillies
2699,1954,SLN,NL,musiast01,NL,STL,St. Louis Cardinals
2700,1954,SLN,NL,schoere01,NL,STL,St. Louis Cardinals
2701,1954,WS1,AL,killeha01,AL,MIN,Washington Senators
2702,1955,BAL,AL,robinbr01,AL,BAL,Baltimore Orioles
2703,1955,BOS,AL,willite01,AL,BOS,Boston Red Sox
2704,1955,BRO,NL,camparo01,NL,LAD,Brooklyn Dodgers
2705,1955,BRO,NL,hodgegi01,NL,LAD,Brooklyn Dodgers
2706,1955,BRO,NL,koufasa01,NL,LAD,Brooklyn Dodgers
2707,1955,BRO,NL,lasorto01,NL,LAD,Brooklyn Dodgers
2708,1955,BRO,NL,reesepe01,NL,LAD,Brooklyn Dodgers
2709,1955,BRO,NL,robinja02,NL,LAD,Brooklyn Dodgers
2710,1955,BRO,NL,snidedu01,NL,LAD,Brooklyn Dodgers
2711,1955,CHA,AL,foxne01,AL,CHW,Chicago White Sox
2712,1955,CHA,AL,kellge01,AL,CHW,Chicago White Sox
2713,1955,CHA,AL,minosmi01,AL,CHW,Chicago White Sox
2714,1955,CHN,NL,bankser01,NL,CHC,Chicago Cubs
2715,1955,CIN,NL,kluszte01,NL,CIN,Cincinnati Redlegs
2716,1955,CLE,AL,colavro01,AL,CLE,Cleveland Indians
2717,1955,CLE,AL,dobyla01,AL,CLE,Cleveland Indians
2718,1955,CLE,AL,fellebo01,AL,CLE,Cleveland Indians
2719,1955,CLE,AL,kinerra01,AL,CLE,Cleveland Indians
2720,1955,CLE,AL,lemonbo01,AL,CLE,Cleveland Indians
2721,1955,CLE,AL,newhoha01,AL,CLE,Cleveland Indians
2722,1955,CLE,AL,wynnea01,AL,CLE,Cleveland Indians
2723,1955,DET,AL,bunniji01,AL,DET,Detroit Tigers
2724,1955,DET,AL,kalinal01,AL,DET,Detroit Tigers
2725,1955,KC1,AL,slaugen01,AL,OAK,Kansas City Athletics
2726,1955,ML1,NL,aaronha01,NL,ATL,Milwaukee Braves
2727,1955,ML1,NL,matheed01,NL,ATL,Milwaukee Braves
2728,1955,ML1,NL,spahnwa01,NL,ATL,Milwaukee Braves
2729,1955,NY1,NL,irvinmo01,NL,SFG,New York Giants
2730,1955,NY1,NL,mayswi01,NL,SFG,New York Giants
2731,1955,NY1,NL,wilheho01,NL,SFG,New York Giants
2732,1955,NYA,AL,berrayo01,AL,NYY,New York Yankees
2733,1955,NYA,AL,fordwh01,AL,NYY,New York Yankees
2734,1955,NYA,AL,mantlmi01,AL,NYY,New York Yankees
2735,1955,NYA,AL,rizzuph01,AL,NYY,New York Yankees
2736,1955,NYA,AL,slaugen01,AL,NYY,New York Yankees
2737,1955,PHI,NL,ashburi01,NL,PHI,Philadelphia Phillies
2738,1955,PHI,NL,roberro01,NL,PHI,Philadelphia Phillies
2739,1955,PIT,NL,clemero01,NL,PIT,Pittsburgh Pirates
2740,1955,SLN,NL,boyerke01,NL,STL,St. Louis Cardinals
2741,1955,SLN,NL,musiast01,NL,STL,St. Louis Cardinals
2742,1955,SLN,NL,schoere01,NL,STL,St. Louis Cardinals
2743,1955,WS1,AL,killeha01,AL,MIN,Washington Senators
2744,1956,BAL,AL,kellge01,AL,BAL,Baltimore Orioles
2745,1956,BAL,AL,robinbr01,AL,BAL,Baltimore Orioles
2746,1956,BAL,AL,willidi02,AL,BAL,Baltimore Orioles
2747,1956,BOS,AL,willite01,AL,BOS,Boston Red Sox
2748,1956,BRO,NL,camparo01,NL,LAD,Brooklyn Dodgers
2749,1956,BRO,NL,drysddo01,NL,LAD,Brooklyn Dodgers
2750,1956,BRO,NL,hodgegi01,NL,LAD,Brooklyn Dodgers
2751,1956,BRO,NL,koufasa01,NL,LAD,Brooklyn Dodgers
2752,1956,BRO,NL,reesepe01,NL,LAD,Brooklyn Dodgers
2753,1956,BRO,NL,robinja02,NL,LAD,Brooklyn Dodgers
2754,1956,BRO,NL,snidedu01,NL,LAD,Brooklyn Dodgers
2755,1956,BRO,NL,willidi02,NL,LAD,Brooklyn Dodgers
2756,1956,CHA,AL,aparilu01,AL,CHW,Chicago White Sox
2757,1956,CHA,AL,dobyla01,AL,CHW,Chicago White Sox
2758,1956,CHA,AL,foxne01,AL,CHW,Chicago White Sox
2759,1956,CHA,AL,kellge01,AL,CHW,Chicago White Sox
2760,1956,CHA,AL,minosmi01,AL,CHW,Chicago White Sox
2761,1956,CHN,NL,bankser01,NL,CHC,Chicago Cubs
2762,1956,CHN,NL,irvinmo01,NL,CHC,Chicago Cubs
2763,1956,CIN,NL,kluszte01,NL,CIN,Cincinnati Redlegs
2764,1956,CIN,NL,robinfr02,NL,CIN,Cincinnati Redlegs
2765,1956,CLE,AL,colavro01,AL,CLE,Cleveland Indians
2766,1956,CLE,AL,fellebo01,AL,CLE,Cleveland Indians
2767,1956,CLE,AL,lemonbo01,AL,CLE,Cleveland Indians
2768,1956,CLE,AL,wynnea01,AL,CLE,Cleveland Indians
2769,1956,DET,AL,bunniji01,AL,DET,Detroit Tigers
2770,1956,DET,AL,kalinal01,AL,DET,Detroit Tigers
2771,1956,KC1,AL,lasorto01,AL,OAK,Kansas City Athletics
2772,1956,KC1,AL,slaugen01,AL,OAK,Kansas City Athletics
2773,1956,ML1,NL,aaronha01,NL,ATL,Milwaukee Braves
2774,1956,ML1,NL,matheed01,NL,ATL,Milwaukee Braves
2775,1956,ML1,NL,spahnwa01,NL,ATL,Milwaukee Braves
2776,1956,NY1,NL,mayswi01,NL,SFG,New York Giants
2777,1956,NY1,NL,schoere01,NL,SFG,New York Giants
2778,1956,NY1,NL,wilheho01,NL,SFG,New York Giants
2779,1956,NYA,AL,berrayo01,AL,NYY,New York Yankees
2780,1956,NYA,AL,fordwh01,AL,NYY,New York Yankees
2781,1956,NYA,AL,mantlmi01,AL,NYY,New York Yankees
2782,1956,NYA,AL,rizzuph01,AL,NYY,New York Yankees
2783,1956,NYA,AL,slaugen01,AL,NYY,New York Yankees
2784,1956,PHI,NL,ashburi01,NL,PHI,Philadelphia Phillies
2785,1956,PHI,NL,roberro01,NL,PHI,Philadelphia Phillies
2786,1956,PIT,NL,clemero01,NL,PIT,Pittsburgh Pirates
2787,1956,PIT,NL,mazerbi01,NL,PIT,Pittsburgh Pirates
2788,1956,SLN,NL,boyerke01,NL,STL,St. Louis Cardinals
2789,1956,SLN,NL,musiast01,NL,STL,St. Louis Cardinals
2790,1956,SLN,NL,schoere01,NL,STL,St. Louis Cardinals
2791,1956,WS1,AL,herzowh01,AL,MIN,Washington Senators
2792,1956,WS1,AL,killeha01,AL,MIN,Washington Senators
2793,1957,BAL,AL,kellge01,AL,BAL,Baltimore Orioles
2794,1957,BAL,AL,robinbr01,AL,BAL,Baltimore Orioles
2795,1957,BAL,AL,willidi02,AL,BAL,Baltimore Orioles
2796,1957,BOS,AL,willite01,AL,BOS,Boston Red Sox
2797,1957,BRO,NL,camparo01,NL,LAD,Brooklyn Dodgers
2798,1957,BRO,NL,drysddo01,NL,LAD,Brooklyn Dodgers
2799,1957,BRO,NL,hodgegi01,NL,LAD,Brooklyn Dodgers
2800,1957,BRO,NL,koufasa01,NL,LAD,Brooklyn Dodgers
2801,1957,BRO,NL,reesepe01,NL,LAD,Brooklyn Dodgers
2802,1957,BRO,NL,snidedu01,NL,LAD,Brooklyn Dodgers
2803,1957,CHA,AL,aparilu01,AL,CHW,Chicago White Sox
2804,1957,CHA,AL,dobyla01,AL,CHW,Chicago White Sox
2805,1957,CHA,AL,foxne01,AL,CHW,Chicago White Sox
2806,1957,CHA,AL,minosmi01,AL,CHW,Chicago White Sox
2807,1957,CHN,NL,bankser01,NL,CHC,Chicago Cubs
2808,1957,CIN,NL,kluszte01,NL,CIN,Cincinnati Redlegs
2809,1957,CIN,NL,robinfr02,NL,CIN,Cincinnati Redlegs
2810,1957,CLE,AL,colavro01,AL,CLE,Cleveland Indians
2811,1957,CLE,AL,lemonbo01,AL,CLE,Cleveland Indians
2812,1957,CLE,AL,marisro01,AL,CLE,Cleveland Indians
2813,1957,CLE,AL,wilheho01,AL,CLE,Cleveland Indians
2814,1957,CLE,AL,willidi02,AL,CLE,Cleveland Indians
2815,1957,CLE,AL,wynnea01,AL,CLE,Cleveland Indians
2816,1957,DET,AL,bunniji01,AL,DET,Detroit Tigers
2817,1957,DET,AL,kalinal01,AL,DET,Detroit Tigers
2818,1957,ML1,NL,aaronha01,NL,ATL,Milwaukee Braves
2819,1957,ML1,NL,matheed01,NL,ATL,Milwaukee Braves
2820,1957,ML1,NL,schoere01,NL,ATL,Milwaukee Braves
2821,1957,ML1,NL,spahnwa01,NL,ATL,Milwaukee Braves
2822,1957,NY1,NL,mayswi01,NL,SFG,New York Giants
2823,1957,NY1,NL,schoere01,NL,SFG,New York Giants
2824,1957,NYA,AL,berrayo01,AL,NYY,New York Yankees
2825,1957,NYA,AL,fordwh01,AL,NYY,New York Yankees
2826,1957,NYA,AL,mantlmi01,AL,NYY,New York Yankees
2827,1957,NYA,AL,slaugen01,AL,NYY,New York Yankees
2828,1957,PHI,NL,ashburi01,NL,PHI,Philadelphia Phillies
2829,1957,PHI,NL,roberro01,NL,PHI,Philadelphia Phillies
2830,1957,PIT,NL,clemero01,NL,PIT,Pittsburgh Pirates
2831,1957,PIT,NL,mazerbi01,NL,PIT,Pittsburgh Pirates
2832,1957,SLN,NL,boyerke01,NL,STL,St. Louis Cardinals
2833,1957,SLN,NL,musiast01,NL,STL,St. Louis Cardinals
2834,1957,SLN,NL,wilheho01,NL,STL,St. Louis Cardinals
2835,1957,WS1,AL,herzowh01,AL,MIN,Washington Senators
2836,1957,WS1,AL,killeha01,AL,MIN,Washington Senators
2837,1958,BAL,AL,robinbr01,AL,BAL,Baltimore Orioles
2838,1958,BAL,AL,wilheho01,AL,BAL,Baltimore Orioles
2839,1958,BAL,AL,willidi02,AL,BAL,Baltimore Orioles
2840,1958,BOS,AL,willite01,AL,BOS,Boston Red Sox
2841,1958,CHA,AL,aparilu01,AL,CHW,Chicago White Sox
2842,1958,CHA,AL,foxne01,AL,CHW,Chicago White Sox
2843,1958,CHA,AL,wynnea01,AL,CHW,Chicago White Sox
2844,1958,CHN,NL,bankser01,NL,CHC,Chicago Cubs
2845,1958,CIN,NL,robinfr02,NL,CIN,Cincinnati Redlegs
2846,1958,CLE,AL,colavro01,AL,CLE,Cleveland Indians
2847,1958,CLE,AL,dobyla01,AL,CLE,Cleveland Indians
2848,1958,CLE,AL,lemonbo01,AL,CLE,Cleveland Indians
2849,1958,CLE,AL,marisro01,AL,CLE,Cleveland Indians
2850,1958,CLE,AL,minosmi01,AL,CLE,Cleveland Indians
2851,1958,CLE,AL,wilheho01,AL,CLE,Cleveland Indians
2852,1958,DET,AL,bunniji01,AL,DET,Detroit Tigers
2853,1958,DET,AL,kalinal01,AL,DET,Detroit Tigers
2854,1958,KC1,AL,herzowh01,AL,OAK,Kansas City Athletics
2855,1958,KC1,AL,marisro01,AL,OAK,Kansas City Athletics
2856,1958,LAN,NL,drysddo01,NL,LAD,Los Angeles Dodgers
2857,1958,LAN,NL,hodgegi01,NL,LAD,Los Angeles Dodgers
2858,1958,LAN,NL,koufasa01,NL,LAD,Los Angeles Dodgers
2859,1958,LAN,NL,reesepe01,NL,LAD,Los Angeles Dodgers
2860,1958,LAN,NL,snidedu01,NL,LAD,Los Angeles Dodgers
2861,1958,ML1,NL,aaronha01,NL,ATL,Milwaukee Braves
2862,1958,ML1,NL,matheed01,NL,ATL,Milwaukee Braves
2863,1958,ML1,NL,schoere01,NL,ATL,Milwaukee Braves
2864,1958,ML1,NL,spahnwa01,NL,ATL,Milwaukee Braves
2865,1958,NYA,AL,berrayo01,AL,NYY,New York Yankees
2866,1958,NYA,AL,fordwh01,AL,NYY,New York Yankees
2867,1958,NYA,AL,mantlmi01,AL,NYY,New York Yankees
2868,1958,NYA,AL,slaugen01,AL,NYY,New York Yankees
2869,1958,PHI,NL,ashburi01,NL,PHI,Philadelphia Phillies
2870,1958,PHI,NL,roberro01,NL,PHI,Philadelphia Phillies
2871,1958,PIT,NL,clemero01,NL,PIT,Pittsburgh Pirates
2872,1958,PIT,NL,kluszte01,NL,PIT,Pittsburgh Pirates
2873,1958,PIT,NL,mazerbi01,NL,PIT,Pittsburgh Pirates
2874,1958,SFN,NL,cepedor01,NL,SFG,San Francisco Giants
2875,1958,SFN,NL,mayswi01,NL,SFG,San Francisco Giants
2876,1958,SLN,NL,boyerke01,NL,STL,St. Louis Cardinals
2877,1958,SLN,NL,musiast01,NL,STL,St. Louis Cardinals
2878,1958,WS1,AL,herzowh01,AL,MIN,Washington Senators
2879,1958,WS1,AL,killeha01,AL,MIN,Washington Senators
2880,1959,BAL,AL,robinbr01,AL,BAL,Baltimore Orioles
2881,1959,BAL,AL,wilheho01,AL,BAL,Baltimore Orioles
2882,1959,BOS,AL,willite01,AL,BOS,Boston Red Sox
2883,1959,CHA,AL,aparilu01,AL,CHW,Chicago White Sox
2884,1959,CHA,AL,dobyla01,AL,CHW,Chicago White Sox
2885,1959,CHA,AL,foxne01,AL,CHW,Chicago White Sox
2886,1959,CHA,AL,kluszte01,AL,CHW,Chicago White Sox
2887,1959,CHA,AL,wynnea01,AL,CHW,Chicago White Sox
2888,1959,CHN,NL,bankser01,NL,CHC,Chicago Cubs
2889,1959,CHN,NL,willibi01,NL,CHC,Chicago Cubs
2890,1959,CIN,NL,cuellmi01,NL,CIN,Cincinnati Redlegs
2891,1959,CIN,NL,robinfr02,NL,CIN,Cincinnati Redlegs
2892,1959,CLE,AL,colavro01,AL,CLE,Cleveland Indians
2893,1959,CLE,AL,minosmi01,AL,CLE,Cleveland Indians
2894,1959,DET,AL,bunniji01,AL,DET,Detroit Tigers
2895,1959,DET,AL,dobyla01,AL,DET,Detroit Tigers
2896,1959,DET,AL,kalinal01,AL,DET,Detroit Tigers
2897,1959,KC1,AL,herzowh01,AL,OAK,Kansas City Athletics
2898,1959,KC1,AL,marisro01,AL,OAK,Kansas City Athletics
2899,1959,KC1,AL,willidi02,AL,OAK,Kansas City Athletics
2900,1959,LAN,NL,drysddo01,NL,LAD,Los Angeles Dodgers
2901,1959,LAN,NL,hodgegi01,NL,LAD,Los Angeles Dodgers
2902,1959,LAN,NL,koufasa01,NL,LAD,Los Angeles Dodgers
2903,1959,LAN,NL,snidedu01,NL,LAD,Los Angeles Dodgers
2904,1959,ML1,NL,aaronha01,NL,ATL,Milwaukee Braves
2905,1959,ML1,NL,matheed01,NL,ATL,Milwaukee Braves
2906,1959,ML1,NL,schoere01,NL,ATL,Milwaukee Braves
2907,1959,ML1,NL,slaugen01,NL,ATL,Milwaukee Braves
2908,1959,ML1,NL,spahnwa01,NL,ATL,Milwaukee Braves
2909,1959,NYA,AL,berrayo01,AL,NYY,New York Yankees
2910,1959,NYA,AL,fordwh01,AL,NYY,New York Yankees
2911,1959,NYA,AL,mantlmi01,AL,NYY,New York Yankees
2912,1959,NYA,AL,slaugen01,AL,NYY,New York Yankees
2913,1959,PHI,NL,andersp01,NL,PHI,Philadelphia Phillies
2914,1959,PHI,NL,ashburi01,NL,PHI,Philadelphia Phillies
2915,1959,PHI,NL,roberro01,NL,PHI,Philadelphia Phillies
2916,1959,PIT,NL,clemero01,NL,PIT,Pittsburgh Pirates
2917,1959,PIT,NL,kluszte01,NL,PIT,Pittsburgh Pirates
2918,1959,PIT,NL,mazerbi01,NL,PIT,Pittsburgh Pirates
2919,1959,SFN,NL,cepedor01,NL,SFG,San Francisco Giants
2920,1959,SFN,NL,mayswi01,NL,SFG,San Francisco Giants
2921,1959,SFN,NL,mccovwi01,NL,SFG,San Francisco Giants
2922,1959,SLN,NL,boyerke01,NL,STL,St. Louis Cardinals
2923,1959,SLN,NL,gibsobo01,NL,STL,St. Louis Cardinals
2924,1959,SLN,NL,musiast01,NL,STL,St. Louis Cardinals
2925,1959,WS1,AL,kaatji01,AL,MIN,Washington Senators
2926,1959,WS1,AL,killeha01,AL,MIN,Washington Senators
2927,1960,BAL,AL,robinbr01,AL,BAL,Baltimore Orioles
2928,1960,BAL,AL,wilheho01,AL,BAL,Baltimore Orioles
2929,1960,BOS,AL,willite01,AL,BOS,Boston Red Sox
2930,1960,CHA,AL,aparilu01,AL,CHW,Chicago White Sox
2931,1960,CHA,AL,foxne01,AL,CHW,Chicago White Sox
2932,1960,CHA,AL,kluszte01,AL,CHW,Chicago White Sox
2933,1960,CHA,AL,minosmi01,AL,CHW,Chicago White Sox
2934,1960,CHA,AL,wynnea01,AL,CHW,Chicago White Sox
2935,1960,CHN,NL,ashburi01,NL,CHC,Chicago Cubs
2936,1960,CHN,NL,bankser01,NL,CHC,Chicago Cubs
2937,1960,CHN,NL,santoro01,NL,CHC,Chicago Cubs
2938,1960,CHN,NL,willibi01,NL,CHC,Chicago Cubs
2939,1960,CIN,NL,robinfr02,NL,CIN,Cincinnati Reds
2940,1960,DET,AL,bunniji01,AL,DET,Detroit Tigers
2941,1960,DET,AL,colavro01,AL,DET,Detroit Tigers
2942,1960,DET,AL,kalinal01,AL,DET,Detroit Tigers
2943,1960,KC1,AL,herzowh01,AL,OAK,Kansas City Athletics
2944,1960,KC1,AL,willidi02,AL,OAK,Kansas City Athletics
2945,1960,LAN,NL,drysddo01,NL,LAD,Los Angeles Dodgers
2946,1960,LAN,NL,hodgegi01,NL,LAD,Los Angeles Dodgers
2947,1960,LAN,NL,koufasa01,NL,LAD,Los Angeles Dodgers
2948,1960,LAN,NL,snidedu01,NL,LAD,Los Angeles Dodgers
2949,1960,ML1,NL,aaronha01,NL,ATL,Milwaukee Braves
2950,1960,ML1,NL,matheed01,NL,ATL,Milwaukee Braves
2951,1960,ML1,NL,schoere01,NL,ATL,Milwaukee Braves
2952,1960,ML1,NL,spahnwa01,NL,ATL,Milwaukee Braves
2953,1960,ML1,NL,torrejo01,NL,ATL,Milwaukee Braves
2954,1960,NYA,AL,berrayo01,AL,NYY,New York Yankees
2955,1960,NYA,AL,fordwh01,AL,NYY,New York Yankees
2956,1960,NYA,AL,mantlmi01,AL,NYY,New York Yankees
2957,1960,NYA,AL,marisro01,AL,NYY,New York Yankees
2958,1960,PHI,NL,roberro01,NL,PHI,Philadelphia Phillies
2959,1960,PIT,NL,clemero01,NL,PIT,Pittsburgh Pirates
2960,1960,PIT,NL,mazerbi01,NL,PIT,Pittsburgh Pirates
2961,1960,SFN,NL,cepedor01,NL,SFG,San Francisco Giants
2962,1960,SFN,NL,maricju01,NL,SFG,San Francisco Giants
2963,1960,SFN,NL,mayswi01,NL,SFG,San Francisco Giants
2964,1960,SFN,NL,mccovwi01,NL,SFG,San Francisco Giants
2965,1960,SLN,NL,boyerke01,NL,STL,St. Louis Cardinals
2966,1960,SLN,NL,gibsobo01,NL,STL,St. Louis Cardinals
2967,1960,SLN,NL,musiast01,NL,STL,St. Louis Cardinals
2968,1960,WS1,AL,kaatji01,AL,MIN,Washington Senators
2969,1960,WS1,AL,killeha01,AL,MIN,Washington Senators
2970,1961,BAL,AL,herzowh01,AL,BAL,Baltimore Orioles
2971,1961,BAL,AL,robinbr01,AL,BAL,Baltimore Orioles
2972,1961,BAL,AL,wilheho01,AL,BAL,Baltimore Orioles
2973,1961,BAL,AL,willidi02,AL,BAL,Baltimore Orioles
2974,1961,BOS,AL,yastrca01,AL,BOS,Boston Red Sox
2975,1961,CHA,AL,aparilu01,AL,CHW,Chicago White Sox
2976,1961,CHA,AL,foxne01,AL,CHW,Chicago White Sox
2977,1961,CHA,AL,minosmi01,AL,CHW,Chicago White Sox
2978,1961,CHA,AL,wynnea01,AL,CHW,Chicago White Sox
2979,1961,CHN,NL,ashburi01,NL,CHC,Chicago Cubs
2980,1961,CHN,NL,bankser01,NL,CHC,Chicago Cubs
2981,1961,CHN,NL,brocklo01,NL,CHC,Chicago Cubs
2982,1961,CHN,NL,santoro01,NL,CHC,Chicago Cubs
2983,1961,CHN,NL,willibi01,NL,CHC,Chicago Cubs
2984,1961,CIN,NL,robinfr02,NL,CIN,Cincinnati Reds
2985,1961,DET,AL,bunniji01,AL,DET,Detroit Tigers
2986,1961,DET,AL,colavro01,AL,DET,Detroit Tigers
2987,1961,DET,AL,kalinal01,AL,DET,Detroit Tigers
2988,1961,LAA,AL,kluszte01,AL,ANA,Los Angeles Angels
2989,1961,LAN,NL,drysddo01,NL,LAD,Los Angeles Dodgers
2990,1961,LAN,NL,hodgegi01,NL,LAD,Los Angeles Dodgers
2991,1961,LAN,NL,koufasa01,NL,LAD,Los Angeles Dodgers
2992,1961,LAN,NL,snidedu01,NL,LAD,Los Angeles Dodgers
2993,1961,MIN,AL,kaatji01,AL,MIN,Minnesota Twins
2994,1961,MIN,AL,killeha01,AL,MIN,Minnesota Twins
2995,1961,ML1,NL,aaronha01,NL,ATL,Milwaukee Braves
2996,1961,ML1,NL,matheed01,NL,ATL,Milwaukee Braves
2997,1961,ML1,NL,spahnwa01,NL,ATL,Milwaukee Braves
2998,1961,ML1,NL,torrejo01,NL,ATL,Milwaukee Braves
2999,1961,NYA,AL,berrayo01,AL,NYY,New York Yankees
3000,1961,NYA,AL,fordwh01,AL,NYY,New York Yankees
3001,1961,NYA,AL,mantlmi01,AL,NYY,New York Yankees
3002,1961,NYA,AL,marisro01,AL,NYY,New York Yankees
3003,1961,PHI,NL,roberro01,NL,PHI,Philadelphia Phillies
3004,1961,PIT,NL,clemero01,NL,PIT,Pittsburgh Pirates
3005,1961,PIT,NL,mazerbi01,NL,PIT,Pittsburgh Pirates
3006,1961,SFN,NL,cepedor01,NL,SFG,San Francisco Giants
3007,1961,SFN,NL,maricju01,NL,SFG,San Francisco Giants
3008,1961,SFN,NL,mayswi01,NL,SFG,San Francisco Giants
3009,1961,SFN,NL,mccovwi01,NL,SFG,San Francisco Giants
3010,1961,SLN,NL,boyerke01,NL,STL,St. Louis Cardinals
3011,1961,SLN,NL,gibsobo01,NL,STL,St. Louis Cardinals
3012,1961,SLN,NL,musiast01,NL,STL,St. Louis Cardinals
3013,1961,SLN,NL,schoere01,NL,STL,St. Louis Cardinals
3014,1962,BAL,AL,herzowh01,AL,BAL,Baltimore Orioles
3015,1962,BAL,AL,roberro01,AL,BAL,Baltimore Orioles
3016,1962,BAL,AL,robinbr01,AL,BAL,Baltimore Orioles
3017,1962,BAL,AL,wilheho01,AL,BAL,Baltimore Orioles
3018,1962,BAL,AL,willidi02,AL,BAL,Baltimore Orioles
3019,1962,BOS,AL,yastrca01,AL,BOS,Boston Red Sox
3020,1962,CHA,AL,aparilu01,AL,CHW,Chicago White Sox
3021,1962,CHA,AL,foxne01,AL,CHW,Chicago White Sox
3022,1962,CHA,AL,wynnea01,AL,CHW,Chicago White Sox
3023,1962,CHN,NL,bankser01,NL,CHC,Chicago Cubs
3024,1962,CHN,NL,brocklo01,NL,CHC,Chicago Cubs
3025,1962,CHN,NL,santoro01,NL,CHC,Chicago Cubs
3026,1962,CHN,NL,willibi01,NL,CHC,Chicago Cubs
3027,1962,CIN,NL,robinfr02,NL,CIN,Cincinnati Reds
3028,1962,DET,AL,bunniji01,AL,DET,Detroit Tigers
3029,1962,DET,AL,colavro01,AL,DET,Detroit Tigers
3030,1962,DET,AL,kalinal01,AL,DET,Detroit Tigers
3031,1962,LAN,NL,drysddo01,NL,LAD,Los Angeles Dodgers
3032,1962,LAN,NL,koufasa01,NL,LAD,Los Angeles Dodgers
3033,1962,LAN,NL,snidedu01,NL,LAD,Los Angeles Dodgers
3034,1962,MIN,AL,kaatji01,AL,MIN,Minnesota Twins
3035,1962,MIN,AL,killeha01,AL,MIN,Minnesota Twins
3036,1962,MIN,AL,olivato01,AL,MIN,Minnesota Twins
3037,1962,ML1,NL,aaronha01,NL,ATL,Milwaukee Braves
3038,1962,ML1,NL,matheed01,NL,ATL,Milwaukee Braves
3039,1962,ML1,NL,spahnwa01,NL,ATL,Milwaukee Braves
3040,1962,ML1,NL,torrejo01,NL,ATL,Milwaukee Braves
3041,1962,NYA,AL,berrayo01,AL,NYY,New York Yankees
3042,1962,NYA,AL,fordwh01,AL,NYY,New York Yankees
3043,1962,NYA,AL,mantlmi01,AL,NYY,New York Yankees
3044,1962,NYA,AL,marisro01,AL,NYY,New York Yankees
3045,1962,NYN,NL,ashburi01,NL,NYM,New York Mets
3046,1962,NYN,NL,hodgegi01,NL,NYM,New York Mets
3047,1962,PIT,NL,clemero01,NL,PIT,Pittsburgh Pirates
3048,1962,PIT,NL,mazerbi01,NL,PIT,Pittsburgh Pirates
3049,1962,PIT,NL,stargwi01,NL,PIT,Pittsburgh Pirates
3050,1962,SFN,NL,cepedor01,NL,SFG,San Francisco Giants
3051,1962,SFN,NL,maricju01,NL,SFG,San Francisco Giants
3052,1962,SFN,NL,mayswi01,NL,SFG,San Francisco Giants
3053,1962,SFN,NL,mccovwi01,NL,SFG,San Francisco Giants
3054,1962,SFN,NL,perryga01,NL,SFG,San Francisco Giants
3055,1962,SLN,NL,boyerke01,NL,STL,St. Louis Cardinals
3056,1962,SLN,NL,gibsobo01,NL,STL,St. Louis Cardinals
3057,1962,SLN,NL,minosmi01,NL,STL,St. Louis Cardinals
3058,1962,SLN,NL,musiast01,NL,STL,St. Louis Cardinals
3059,1962,SLN,NL,schoere01,NL,STL,St. Louis Cardinals
3060,1963,BAL,AL,aparilu01,AL,BAL,Baltimore Orioles
3061,1963,BAL,AL,roberro01,AL,BAL,Baltimore Orioles
3062,1963,BAL,AL,robinbr01,AL,BAL,Baltimore Orioles
3063,1963,BOS,AL,willidi02,AL,BOS,Boston Red Sox
3064,1963,BOS,AL,yastrca01,AL,BOS,Boston Red Sox
3065,1963,CHA,AL,foxne01,AL,CHW,Chicago White Sox
3066,1963,CHA,AL,wilheho01,AL,CHW,Chicago White Sox
3067,1963,CHN,NL,bankser01,NL,CHC,Chicago Cubs
3068,1963,CHN,NL,brocklo01,NL,CHC,Chicago Cubs
3069,1963,CHN,NL,santoro01,NL,CHC,Chicago Cubs
3070,1963,CHN,NL,willibi01,NL,CHC,Chicago Cubs
3071,1963,CIN,NL,robinfr02,NL,CIN,Cincinnati Reds
3072,1963,CLE,AL,wynnea01,AL,CLE,Cleveland Indians
3073,1963,DET,AL,bunniji01,AL,DET,Detroit Tigers
3074,1963,DET,AL,colavro01,AL,DET,Detroit Tigers
3075,1963,DET,AL,herzowh01,AL,DET,Detroit Tigers
3076,1963,DET,AL,kalinal01,AL,DET,Detroit Tigers
3077,1963,DET,AL,lolicmi01,AL,DET,Detroit Tigers
3078,1963,HOU,NL,morgajo02,NL,HOU,Houston Colt .45's
3079,1963,KC1,AL,larusto01,AL,OAK,Kansas City Athletics
3080,1963,LAN,NL,drysddo01,NL,LAD,Los Angeles Dodgers
3081,1963,LAN,NL,koufasa01,NL,LAD,Los Angeles Dodgers
3082,1963,MIN,AL,kaatji01,AL,MIN,Minnesota Twins
3083,1963,MIN,AL,killeha01,AL,MIN,Minnesota Twins
3084,1963,MIN,AL,olivato01,AL,MIN,Minnesota Twins
3085,1963,ML1,NL,aaronha01,NL,ATL,Milwaukee Braves
3086,1963,ML1,NL,matheed01,NL,ATL,Milwaukee Braves
3087,1963,ML1,NL,spahnwa01,NL,ATL,Milwaukee Braves
3088,1963,ML1,NL,torrejo01,NL,ATL,Milwaukee Braves
3089,1963,NYA,AL,berrayo01,AL,NYY,New York Yankees
3090,1963,NYA,AL,fordwh01,AL,NYY,New York Yankees
3091,1963,NYA,AL,mantlmi01,AL,NYY,New York Yankees
3092,1963,NYA,AL,marisro01,AL,NYY,New York Yankees
3093,1963,NYN,NL,hodgegi01,NL,NYM,New York Mets
3094,1963,NYN,NL,snidedu01,NL,NYM,New York Mets
3095,1963,PIT,NL,clemero01,NL,PIT,Pittsburgh Pirates
3096,1963,PIT,NL,mazerbi01,NL,PIT,Pittsburgh Pirates
3097,1963,PIT,NL,stargwi01,NL,PIT,Pittsburgh Pirates
3098,1963,SFN,NL,cepedor01,NL,SFG,San Francisco Giants
3099,1963,SFN,NL,maricju01,NL,SFG,San Francisco Giants
3100,1963,SFN,NL,mayswi01,NL,SFG,San Francisco Giants
3101,1963,SFN,NL,mccovwi01,NL,SFG,San Francisco Giants
3102,1963,SFN,NL,perryga01,NL,SFG,San Francisco Giants
3103,1963,SLN,NL,boyerke01,NL,STL,St. Louis Cardinals
3104,1963,SLN,NL,gibsobo01,NL,STL,St. Louis Cardinals
3105,1963,SLN,NL,musiast01,NL,STL,St. Louis Cardinals
3106,1963,SLN,NL,schoere01,NL,STL,St. Louis Cardinals
3107,1963,WS2,AL,minosmi01,AL,TEX,Washington Senators
3108,1964,BAL,AL,aparilu01,AL,BAL,Baltimore Orioles
3109,1964,BAL,AL,roberro01,AL,BAL,Baltimore Orioles
3110,1964,BAL,AL,robinbr01,AL,BAL,Baltimore Orioles
3111,1964,BOS,AL,willidi02,AL,BOS,Boston Red Sox
3112,1964,BOS,AL,yastrca01,AL,BOS,Boston Red Sox
3113,1964,CHA,AL,minosmi01,AL,CHW,Chicago White Sox
3114,1964,CHA,AL,wilheho01,AL,CHW,Chicago White Sox
3115,1964,CHN,NL,bankser01,NL,CHC,Chicago Cubs
3116,1964,CHN,NL,brocklo01,NL,CHC,Chicago Cubs
3117,1964,CHN,NL,santoro01,NL,CHC,Chicago Cubs
3118,1964,CHN,NL,willibi01,NL,CHC,Chicago Cubs
3119,1964,CIN,NL,perezto01,NL,CIN,Cincinnati Reds
3120,1964,CIN,NL,robinfr02,NL,CIN,Cincinnati Reds
3121,1964,DET,AL,kalinal01,AL,DET,Detroit Tigers
3122,1964,DET,AL,lolicmi01,AL,DET,Detroit Tigers
3123,1964,HOU,NL,foxne01,NL,HOU,Houston Colt .45's
3124,1964,HOU,NL,morgajo02,NL,HOU,Houston Colt .45's
3125,1964,KC1,AL,campabe01,AL,OAK,Kansas City Athletics
3126,1964,KC1,AL,colavro01,AL,OAK,Kansas City Athletics
3127,1964,LAN,NL,drysddo01,NL,LAD,Los Angeles Dodgers
3128,1964,LAN,NL,koufasa01,NL,LAD,Los Angeles Dodgers
3129,1964,MIN,AL,kaatji01,AL,MIN,Minnesota Twins
3130,1964,MIN,AL,killeha01,AL,MIN,Minnesota Twins
3131,1964,MIN,AL,olivato01,AL,MIN,Minnesota Twins
3132,1964,ML1,NL,aaronha01,NL,ATL,Milwaukee Braves
3133,1964,ML1,NL,matheed01,NL,ATL,Milwaukee Braves
3134,1964,ML1,NL,niekrph01,NL,ATL,Milwaukee Braves
3135,1964,ML1,NL,spahnwa01,NL,ATL,Milwaukee Braves
3136,1964,ML1,NL,torrejo01,NL,ATL,Milwaukee Braves
3137,1964,NYA,AL,fordwh01,AL,NYY,New York Yankees
3138,1964,NYA,AL,mantlmi01,AL,NYY,New York Yankees
3139,1964,NYA,AL,marisro01,AL,NYY,New York Yankees
3140,1964,PHI,NL,bunniji01,NL,PHI,Philadelphia Phillies
3141,1964,PIT,NL,clemero01,NL,PIT,Pittsburgh Pirates
3142,1964,PIT,NL,mazerbi01,NL,PIT,Pittsburgh Pirates
3143,1964,PIT,NL,stargwi01,NL,PIT,Pittsburgh Pirates
3144,1964,SFN,NL,cepedor01,NL,SFG,San Francisco Giants
3145,1964,SFN,NL,maricju01,NL,SFG,San Francisco Giants
3146,1964,SFN,NL,mayswi01,NL,SFG,San Francisco Giants
3147,1964,SFN,NL,mccovwi01,NL,SFG,San Francisco Giants
3148,1964,SFN,NL,perryga01,NL,SFG,San Francisco Giants
3149,1964,SFN,NL,snidedu01,NL,SFG,San Francisco Giants
3150,1964,SLN,NL,boyerke01,NL,STL,St. Louis Cardinals
3151,1964,SLN,NL,brocklo01,NL,STL,St. Louis Cardinals
3152,1964,SLN,NL,cuellmi01,NL,STL,St. Louis Cardinals
3153,1964,SLN,NL,gibsobo01,NL,STL,St. Louis Cardinals
3154,1965,BAL,AL,aparilu01,AL,BAL,Baltimore Orioles
3155,1965,BAL,AL,palmeji01,AL,BAL,Baltimore Orioles
3156,1965,BAL,AL,roberro01,AL,BAL,Baltimore Orioles
3157,1965,BAL,AL,robinbr01,AL,BAL,Baltimore Orioles
3158,1965,BOS,AL,yastrca01,AL,BOS,Boston Red Sox
3159,1965,CHA,AL,wilheho01,AL,CHW,Chicago White Sox
3160,1965,CHN,NL,bankser01,NL,CHC,Chicago Cubs
3161,1965,CHN,NL,santoro01,NL,CHC,Chicago Cubs
3162,1965,CHN,NL,willibi01,NL,CHC,Chicago Cubs
3163,1965,CIN,NL,mayle01,NL,CIN,Cincinnati Reds
3164,1965,CIN,NL,perezto01,NL,CIN,Cincinnati Reds
3165,1965,CIN,NL,robinfr02,NL,CIN,Cincinnati Reds
3166,1965,CLE,AL,colavro01,AL,CLE,Cleveland Indians
3167,1965,DET,AL,kalinal01,AL,DET,Detroit Tigers
3168,1965,DET,AL,lolicmi01,AL,DET,Detroit Tigers
3169,1965,HOU,NL,cuellmi01,NL,HOU,Houston Astros
3170,1965,HOU,NL,foxne01,NL,HOU,Houston Astros
3171,1965,HOU,NL,morgajo02,NL,HOU,Houston Astros
3172,1965,HOU,NL,roberro01,NL,HOU,Houston Astros
3173,1965,KC1,AL,campabe01,AL,OAK,Kansas City Athletics
3174,1965,KC1,AL,hunteca01,AL,OAK,Kansas City Athletics
3175,1965,KC1,AL,paigesa01,AL,OAK,Kansas City Athletics
3176,1965,LAN,NL,drysddo01,NL,LAD,Los Angeles Dodgers
3177,1965,LAN,NL,koufasa01,NL,LAD,Los Angeles Dodgers
3178,1965,MIN,AL,kaatji01,AL,MIN,Minnesota Twins
3179,1965,MIN,AL,killeha01,AL,MIN,Minnesota Twins
3180,1965,MIN,AL,olivato01,AL,MIN,Minnesota Twins
3181,1965,ML1,NL,aaronha01,NL,ATL,Milwaukee Braves
3182,1965,ML1,NL,matheed01,NL,ATL,Milwaukee Braves
3183,1965,ML1,NL,niekrph01,NL,ATL,Milwaukee Braves
3184,1965,ML1,NL,torrejo01,NL,ATL,Milwaukee Braves
3185,1965,NYA,AL,fordwh01,AL,NYY,New York Yankees
3186,1965,NYA,AL,mantlmi01,AL,NYY,New York Yankees
3187,1965,NYA,AL,marisro01,AL,NYY,New York Yankees
3188,1965,NYN,NL,berrayo01,NL,NYM,New York Mets
3189,1965,NYN,NL,spahnwa01,NL,NYM,New York Mets
3190,1965,PHI,NL,bunniji01,NL,PHI,Philadelphia Phillies
3191,1965,PHI,NL,jenkife01,NL,PHI,Philadelphia Phillies
3192,1965,PIT,NL,clemero01,NL,PIT,Pittsburgh Pirates
3193,1965,PIT,NL,mazerbi01,NL,PIT,Pittsburgh Pirates
3194,1965,PIT,NL,stargwi01,NL,PIT,Pittsburgh Pirates
3195,1965,SFN,NL,cepedor01,NL,SFG,San Francisco Giants
3196,1965,SFN,NL,maricju01,NL,SFG,San Francisco Giants
3197,1965,SFN,NL,mayswi01,NL,SFG,San Francisco Giants
3198,1965,SFN,NL,mccovwi01,NL,SFG,San Francisco Giants
3199,1965,SFN,NL,perryga01,NL,SFG,San Francisco Giants
3200,1965,SFN,NL,spahnwa01,NL,SFG,San Francisco Giants
3201,1965,SLN,NL,boyerke01,NL,STL,St. Louis Cardinals
3202,1965,SLN,NL,brocklo01,NL,STL,St. Louis Cardinals
3203,1965,SLN,NL,carltst01,NL,STL,St. Louis Cardinals
3204,1965,SLN,NL,gibsobo01,NL,STL,St. Louis Cardinals
3205,1966,ATL,NL,aaronha01,NL,ATL,Atlanta Braves
3206,1966,ATL,NL,matheed01,NL,ATL,Atlanta Braves
3207,1966,ATL,NL,niekrph01,NL,ATL,Atlanta Braves
3208,1966,ATL,NL,torrejo01,NL,ATL,Atlanta Braves
3209,1966,BAL,AL,aparilu01,AL,BAL,Baltimore Orioles
3210,1966,BAL,AL,palmeji01,AL,BAL,Baltimore Orioles
3211,1966,BAL,AL,robinbr01,AL,BAL,Baltimore Orioles
3212,1966,BAL,AL,robinfr02,AL,BAL,Baltimore Orioles
3213,1966,BOS,AL,yastrca01,AL,BOS,Boston Red Sox
3214,1966,CHA,AL,wilheho01,AL,CHW,Chicago White Sox
3215,1966,CHN,NL,bankser01,NL,CHC,Chicago Cubs
3216,1966,CHN,NL,jenkife01,NL,CHC,Chicago Cubs
3217,1966,CHN,NL,roberro01,NL,CHC,Chicago Cubs
3218,1966,CHN,NL,santoro01,NL,CHC,Chicago Cubs
3219,1966,CHN,NL,willibi01,NL,CHC,Chicago Cubs
3220,1966,CIN,NL,mayle01,NL,CIN,Cincinnati Reds
3221,1966,CIN,NL,perezto01,NL,CIN,Cincinnati Reds
3222,1966,CLE,AL,colavro01,AL,CLE,Cleveland Indians
3223,1966,DET,AL,kalinal01,AL,DET,Detroit Tigers
3224,1966,DET,AL,lolicmi01,AL,DET,Detroit Tigers
3225,1966,HOU,NL,cuellmi01,NL,HOU,Houston Astros
3226,1966,HOU,NL,morgajo02,NL,HOU,Houston Astros
3227,1966,HOU,NL,roberro01,NL,HOU,Houston Astros
3228,1966,KC1,AL,campabe01,AL,OAK,Kansas City Athletics
3229,1966,KC1,AL,hunteca01,AL,OAK,Kansas City Athletics
3230,1966,LAN,NL,drysddo01,NL,LAD,Los Angeles Dodgers
3231,1966,LAN,NL,koufasa01,NL,LAD,Los Angeles Dodgers
3232,1966,LAN,NL,suttodo01,NL,LAD,Los Angeles Dodgers
3233,1966,MIN,AL,kaatji01,AL,MIN,Minnesota Twins
3234,1966,MIN,AL,killeha01,AL,MIN,Minnesota Twins
3235,1966,MIN,AL,olivato01,AL,MIN,Minnesota Twins
3236,1966,NYA,AL,fordwh01,AL,NYY,New York Yankees
3237,1966,NYA,AL,mantlmi01,AL,NYY,New York Yankees
3238,1966,NYA,AL,marisro01,AL,NYY,New York Yankees
3239,1966,NYN,NL,boyerke01,NL,NYM,New York Mets
3240,1966,NYN,NL,ryanno01,NL,NYM,New York Mets
3241,1966,PHI,NL,bunniji01,NL,PHI,Philadelphia Phillies
3242,1966,PHI,NL,jenkife01,NL,PHI,Philadelphia Phillies
3243,1966,PIT,NL,clemero01,NL,PIT,Pittsburgh Pirates
3244,1966,PIT,NL,mazerbi01,NL,PIT,Pittsburgh Pirates
3245,1966,PIT,NL,stargwi01,NL,PIT,Pittsburgh Pirates
3246,1966,SFN,NL,cepedor01,NL,SFG,San Francisco Giants
3247,1966,SFN,NL,maricju01,NL,SFG,San Francisco Giants
3248,1966,SFN,NL,mayswi01,NL,SFG,San Francisco Giants
3249,1966,SFN,NL,mccovwi01,NL,SFG,San Francisco Giants
3250,1966,SFN,NL,perryga01,NL,SFG,San Francisco Giants
3251,1966,SLN,NL,brocklo01,NL,STL,St. Louis Cardinals
3252,1966,SLN,NL,carltst01,NL,STL,St. Louis Cardinals
3253,1966,SLN,NL,cepedor01,NL,STL,St. Louis Cardinals
3254,1966,SLN,NL,gibsobo01,NL,STL,St. Louis Cardinals
3255,1967,ATL,NL,aaronha01,NL,ATL,Atlanta Braves
3256,1967,ATL,NL,niekrph01,NL,ATL,Atlanta Braves
3257,1967,ATL,NL,torrejo01,NL,ATL,Atlanta Braves
3258,1967,BAL,AL,aparilu01,AL,BAL,Baltimore Orioles
3259,1967,BAL,AL,palmeji01,AL,BAL,Baltimore Orioles
3260,1967,BAL,AL,robinbr01,AL,BAL,Baltimore Orioles
3261,1967,BAL,AL,robinfr02,AL,BAL,Baltimore Orioles
3262,1967,BOS,AL,yastrca01,AL,BOS,Boston Red Sox
3263,1967,CHA,AL,boyerke01,AL,CHW,Chicago White Sox
3264,1967,CHA,AL,colavro01,AL,CHW,Chicago White Sox
3265,1967,CHA,AL,wilheho01,AL,CHW,Chicago White Sox
3266,1967,CHN,NL,bankser01,NL,CHC,Chicago Cubs
3267,1967,CHN,NL,jenkife01,NL,CHC,Chicago Cubs
3268,1967,CHN,NL,santoro01,NL,CHC,Chicago Cubs
3269,1967,CHN,NL,willibi01,NL,CHC,Chicago Cubs
3270,1967,CIN,NL,benchjo01,NL,CIN,Cincinnati Reds
3271,1967,CIN,NL,mayle01,NL,CIN,Cincinnati Reds
3272,1967,CIN,NL,perezto01,NL,CIN,Cincinnati Reds
3273,1967,CLE,AL,colavro01,AL,CLE,Cleveland Indians
3274,1967,DET,AL,kalinal01,AL,DET,Detroit Tigers
3275,1967,DET,AL,lolicmi01,AL,DET,Detroit Tigers
3276,1967,DET,AL,matheed01,AL,DET,Detroit Tigers
3277,1967,HOU,NL,cuellmi01,NL,HOU,Houston Astros
3278,1967,HOU,NL,matheed01,NL,HOU,Houston Astros
3279,1967,HOU,NL,morgajo02,NL,HOU,Houston Astros
3280,1967,KC1,AL,campabe01,AL,OAK,Kansas City Athletics
3281,1967,KC1,AL,hunteca01,AL,OAK,Kansas City Athletics
3282,1967,KC1,AL,jacksre01,AL,OAK,Kansas City Athletics
3283,1967,LAN,NL,drysddo01,NL,LAD,Los Angeles Dodgers
3284,1967,LAN,NL,suttodo01,NL,LAD,Los Angeles Dodgers
3285,1967,MIN,AL,carewro01,AL,MIN,Minnesota Twins
3286,1967,MIN,AL,kaatji01,AL,MIN,Minnesota Twins
3287,1967,MIN,AL,killeha01,AL,MIN,Minnesota Twins
3288,1967,MIN,AL,olivato01,AL,MIN,Minnesota Twins
3289,1967,NYA,AL,fordwh01,AL,NYY,New York Yankees
3290,1967,NYA,AL,mantlmi01,AL,NYY,New York Yankees
3291,1967,NYN,NL,boyerke01,NL,NYM,New York Mets
3292,1967,NYN,NL,seaveto01,NL,NYM,New York Mets
3293,1967,PHI,NL,bunniji01,NL,PHI,Philadelphia Phillies
3294,1967,PIT,NL,clemero01,NL,PIT,Pittsburgh Pirates
3295,1967,PIT,NL,mazerbi01,NL,PIT,Pittsburgh Pirates
3296,1967,PIT,NL,stargwi01,NL,PIT,Pittsburgh Pirates
3297,1967,SFN,NL,maricju01,NL,SFG,San Francisco Giants
3298,1967,SFN,NL,mayswi01,NL,SFG,San Francisco Giants
3299,1967,SFN,NL,mccovwi01,NL,SFG,San Francisco Giants
3300,1967,SFN,NL,perryga01,NL,SFG,San Francisco Giants
3301,1967,SLN,NL,brocklo01,NL,STL,St. Louis Cardinals
3302,1967,SLN,NL,carltst01,NL,STL,St. Louis Cardinals
3303,1967,SLN,NL,cepedor01,NL,STL,St. Louis Cardinals
3304,1967,SLN,NL,gibsobo01,NL,STL,St. Louis Cardinals
3305,1967,SLN,NL,marisro01,NL,STL,St. Louis Cardinals
3306,1968,ATL,NL,aaronha01,NL,ATL,Atlanta Braves
3307,1968,ATL,NL,niekrph01,NL,ATL,Atlanta Braves
3308,1968,ATL,NL,torrejo01,NL,ATL,Atlanta Braves
3309,1968,BAL,AL,robinbr01,AL,BAL,Baltimore Orioles
3310,1968,BAL,AL,robinfr02,AL,BAL,Baltimore Orioles
3311,1968,BOS,AL,yastrca01,AL,BOS,Boston Red Sox
3312,1968,CHA,AL,aparilu01,AL,CHW,Chicago White Sox
3313,1968,CHA,AL,boyerke01,AL,CHW,Chicago White Sox
3314,1968,CHA,AL,wilheho01,AL,CHW,Chicago White Sox
3315,1968,CHN,NL,bankser01,NL,CHC,Chicago Cubs
3316,1968,CHN,NL,jenkife01,NL,CHC,Chicago Cubs
3317,1968,CHN,NL,santoro01,NL,CHC,Chicago Cubs
3318,1968,CHN,NL,willibi01,NL,CHC,Chicago Cubs
3319,1968,CIN,NL,benchjo01,NL,CIN,Cincinnati Reds
3320,1968,CIN,NL,mayle01,NL,CIN,Cincinnati Reds
3321,1968,CIN,NL,perezto01,NL,CIN,Cincinnati Reds
3322,1968,DET,AL,kalinal01,AL,DET,Detroit Tigers
3323,1968,DET,AL,lolicmi01,AL,DET,Detroit Tigers
3324,1968,DET,AL,matheed01,AL,DET,Detroit Tigers
3325,1968,HOU,NL,cuellmi01,NL,HOU,Houston Astros
3326,1968,HOU,NL,morgajo02,NL,HOU,Houston Astros
3327,1968,LAN,NL,boyerke01,NL,LAD,Los Angeles Dodgers
3328,1968,LAN,NL,colavro01,NL,LAD,Los Angeles Dodgers
3329,1968,LAN,NL,drysddo01,NL,LAD,Los Angeles Dodgers
3330,1968,LAN,NL,suttodo01,NL,LAD,Los Angeles Dodgers
3331,1968,MIN,AL,carewro01,AL,MIN,Minnesota Twins
3332,1968,MIN,AL,kaatji01,AL,MIN,Minnesota Twins
3333,1968,MIN,AL,killeha01,AL,MIN,Minnesota Twins
3334,1968,MIN,AL,olivato01,AL,MIN,Minnesota Twins
3335,1968,NYA,AL,colavro01,AL,NYY,New York Yankees
3336,1968,NYA,AL,coxbo01,AL,NYY,New York Yankees
3337,1968,NYA,AL,mantlmi01,AL,NYY,New York Yankees
3338,1968,NYN,NL,ryanno01,NL,NYM,New York Mets
3339,1968,NYN,NL,seaveto01,NL,NYM,New York Mets
3340,1968,OAK,AL,campabe01,AL,OAK,Oakland Athletics
3341,1968,OAK,AL,fingero01,AL,OAK,Oakland Athletics
3342,1968,OAK,AL,hunteca01,AL,OAK,Oakland Athletics
3343,1968,OAK,AL,jacksre01,AL,OAK,Oakland Athletics
3344,1968,OAK,AL,larusto01,AL,OAK,Oakland Athletics
3345,1968,PIT,NL,bunniji01,NL,PIT,Pittsburgh Pirates
3346,1968,PIT,NL,clemero01,NL,PIT,Pittsburgh Pirates
3347,1968,PIT,NL,mazerbi01,NL,PIT,Pittsburgh Pirates
3348,1968,PIT,NL,stargwi01,NL,PIT,Pittsburgh Pirates
3349,1968,SFN,NL,maricju01,NL,SFG,San Francisco Giants
3350,1968,SFN,NL,mayswi01,NL,SFG,San Francisco Giants
3351,1968,SFN,NL,mccovwi01,NL,SFG,San Francisco Giants
3352,1968,SFN,NL,perryga01,NL,SFG,San Francisco Giants
3353,1968,SLN,NL,brocklo01,NL,STL,St. Louis Cardinals
3354,1968,SLN,NL,carltst01,NL,STL,St. Louis Cardinals
3355,1968,SLN,NL,cepedor01,NL,STL,St. Louis Cardinals
3356,1968,SLN,NL,gibsobo01,NL,STL,St. Louis Cardinals
3357,1968,SLN,NL,marisro01,NL,STL,St. Louis Cardinals
3358,1968,SLN,NL,simmote01,NL,STL,St. Louis Cardinals
3359,1969,ATL,NL,aaronha01,NL,ATL,Atlanta Braves
3360,1969,ATL,NL,cepedor01,NL,ATL,Atlanta Braves
3361,1969,ATL,NL,niekrph01,NL,ATL,Atlanta Braves
3362,1969,ATL,NL,wilheho01,NL,ATL,Atlanta Braves
3363,1969,BAL,AL,cuellmi01,AL,BAL,Baltimore Orioles
3364,1969,BAL,AL,palmeji01,AL,BAL,Baltimore Orioles
3365,1969,BAL,AL,robinbr01,AL,BAL,Baltimore Orioles
3366,1969,BAL,AL,robinfr02,AL,BAL,Baltimore Orioles
3367,1969,BOS,AL,fiskca01,AL,BOS,Boston Red Sox
3368,1969,BOS,AL,yastrca01,AL,BOS,Boston Red Sox
3369,1969,CAL,AL,wilheho01,AL,ANA,California Angels
3370,1969,CHA,AL,aparilu01,AL,CHW,Chicago White Sox
3371,1969,CHN,NL,bankser01,NL,CHC,Chicago Cubs
3372,1969,CHN,NL,jenkife01,NL,CHC,Chicago Cubs
3373,1969,CHN,NL,santoro01,NL,CHC,Chicago Cubs
3374,1969,CHN,NL,willibi01,NL,CHC,Chicago Cubs
3375,1969,CIN,NL,benchjo01,NL,CIN,Cincinnati Reds
3376,1969,CIN,NL,mayle01,NL,CIN,Cincinnati Reds
3377,1969,CIN,NL,perezto01,NL,CIN,Cincinnati Reds
3378,1969,DET,AL,kalinal01,AL,DET,Detroit Tigers
3379,1969,DET,AL,lolicmi01,AL,DET,Detroit Tigers
3380,1969,HOU,NL,morgajo02,NL,HOU,Houston Astros
3381,1969,LAN,NL,boyerke01,NL,LAD,Los Angeles Dodgers
3382,1969,LAN,NL,bunniji01,NL,LAD,Los Angeles Dodgers
3383,1969,LAN,NL,drysddo01,NL,LAD,Los Angeles Dodgers
3384,1969,LAN,NL,garvest01,NL,LAD,Los Angeles Dodgers
3385,1969,LAN,NL,suttodo01,NL,LAD,Los Angeles Dodgers
3386,1969,MIN,AL,carewro01,AL,MIN,Minnesota Twins
3387,1969,MIN,AL,kaatji01,AL,MIN,Minnesota Twins
3388,1969,MIN,AL,killeha01,AL,MIN,Minnesota Twins
3389,1969,MIN,AL,olivato01,AL,MIN,Minnesota Twins
3390,1969,NYA,AL,coxbo01,AL,NYY,New York Yankees
3391,1969,NYA,AL,munsoth01,AL,NYY,New York Yankees
3392,1969,NYN,NL,ryanno01,NL,NYM,New York Mets
3393,1969,NYN,NL,seaveto01,NL,NYM,New York Mets
3394,1969,OAK,AL,campabe01,AL,OAK,Oakland Athletics
3395,1969,OAK,AL,fingero01,AL,OAK,Oakland Athletics
3396,1969,OAK,AL,hunteca01,AL,OAK,Oakland Athletics
3397,1969,OAK,AL,jacksre01,AL,OAK,Oakland Athletics
3398,1969,OAK,AL,larusto01,AL,OAK,Oakland Athletics
3399,1969,PIT,NL,bunniji01,NL,PIT,Pittsburgh Pirates
3400,1969,PIT,NL,clemero01,NL,PIT,Pittsburgh Pirates
3401,1969,PIT,NL,mazerbi01,NL,PIT,Pittsburgh Pirates
3402,1969,PIT,NL,stargwi01,NL,PIT,Pittsburgh Pirates
3403,1969,SFN,NL,maricju01,NL,SFG,San Francisco Giants
3404,1969,SFN,NL,mayswi01,NL,SFG,San Francisco Giants
3405,1969,SFN,NL,mccovwi01,NL,SFG,San Francisco Giants
3406,1969,SFN,NL,perryga01,NL,SFG,San Francisco Giants
3407,1969,SLN,NL,brocklo01,NL,STL,St. Louis Cardinals
3408,1969,SLN,NL,carltst01,NL,STL,St. Louis Cardinals
3409,1969,SLN,NL,gibsobo01,NL,STL,St. Louis Cardinals
3410,1969,SLN,NL,simmote01,NL,STL,St. Louis Cardinals
3411,1969,SLN,NL,torrejo01,NL,STL,St. Louis Cardinals
3412,1970,ATL,NL,aaronha01,NL,ATL,Atlanta Braves
3413,1970,ATL,NL,cepedor01,NL,ATL,Atlanta Braves
3414,1970,ATL,NL,niekrph01,NL,ATL,Atlanta Braves
3415,1970,ATL,NL,wilheho01,NL,ATL,Atlanta Braves
3416,1970,BAL,AL,cuellmi01,AL,BAL,Baltimore Orioles
3417,1970,BAL,AL,palmeji01,AL,BAL,Baltimore Orioles
3418,1970,BAL,AL,robinbr01,AL,BAL,Baltimore Orioles
3419,1970,BAL,AL,robinfr02,AL,BAL,Baltimore Orioles
3420,1970,BOS,AL,yastrca01,AL,BOS,Boston Red Sox
3421,1970,CHA,AL,aparilu01,AL,CHW,Chicago White Sox
3422,1970,CHN,NL,bankser01,NL,CHC,Chicago Cubs
3423,1970,CHN,NL,jenkife01,NL,CHC,Chicago Cubs
3424,1970,CHN,NL,santoro01,NL,CHC,Chicago Cubs
3425,1970,CHN,NL,wilheho01,NL,CHC,Chicago Cubs
3426,1970,CHN,NL,willibi01,NL,CHC,Chicago Cubs
3427,1970,CIN,NL,benchjo01,NL,CIN,Cincinnati Reds
3428,1970,CIN,NL,mayle01,NL,CIN,Cincinnati Reds
3429,1970,CIN,NL,perezto01,NL,CIN,Cincinnati Reds
3430,1970,DET,AL,kalinal01,AL,DET,Detroit Tigers
3431,1970,DET,AL,lolicmi01,AL,DET,Detroit Tigers
3432,1970,HOU,NL,morgajo02,NL,HOU,Houston Astros
3433,1970,LAN,NL,garvest01,NL,LAD,Los Angeles Dodgers
3434,1970,LAN,NL,suttodo01,NL,LAD,Los Angeles Dodgers
3435,1970,MIN,AL,blylebe01,AL,MIN,Minnesota Twins
3436,1970,MIN,AL,carewro01,AL,MIN,Minnesota Twins
3437,1970,MIN,AL,kaatji01,AL,MIN,Minnesota Twins
3438,1970,MIN,AL,killeha01,AL,MIN,Minnesota Twins
3439,1970,MIN,AL,olivato01,AL,MIN,Minnesota Twins
3440,1970,NYA,AL,munsoth01,AL,NYY,New York Yankees
3441,1970,NYN,NL,ryanno01,NL,NYM,New York Mets
3442,1970,NYN,NL,seaveto01,NL,NYM,New York Mets
3443,1970,OAK,AL,campabe01,AL,OAK,Oakland Athletics
3444,1970,OAK,AL,fingero01,AL,OAK,Oakland Athletics
3445,1970,OAK,AL,hunteca01,AL,OAK,Oakland Athletics
3446,1970,OAK,AL,jacksre01,AL,OAK,Oakland Athletics
3447,1970,OAK,AL,larusto01,AL,OAK,Oakland Athletics
3448,1970,PHI,NL,bunniji01,NL,PHI,Philadelphia Phillies
3449,1970,PIT,NL,clemero01,NL,PIT,Pittsburgh Pirates
3450,1970,PIT,NL,mazerbi01,NL,PIT,Pittsburgh Pirates
3451,1970,PIT,NL,stargwi01,NL,PIT,Pittsburgh Pirates
3452,1970,SFN,NL,maricju01,NL,SFG,San Francisco Giants
3453,1970,SFN,NL,mayswi01,NL,SFG,San Francisco Giants
3454,1970,SFN,NL,mccovwi01,NL,SFG,San Francisco Giants
3455,1970,SFN,NL,perryga01,NL,SFG,San Francisco Giants
3456,1970,SLN,NL,brocklo01,NL,STL,St. Louis Cardinals
3457,1970,SLN,NL,carltst01,NL,STL,St. Louis Cardinals
3458,1970,SLN,NL,gibsobo01,NL,STL,St. Louis Cardinals
3459,1970,SLN,NL,simmote01,NL,STL,St. Louis Cardinals
3460,1970,SLN,NL,torrejo01,NL,STL,St. Louis Cardinals
3461,1971,ATL,NL,aaronha01,NL,ATL,Atlanta Braves
3462,1971,ATL,NL,cepedor01,NL,ATL,Atlanta Braves
3463,1971,ATL,NL,larusto01,NL,ATL,Atlanta Braves
3464,1971,ATL,NL,niekrph01,NL,ATL,Atlanta Braves
3465,1971,ATL,NL,wilheho01,NL,ATL,Atlanta Braves
3466,1971,BAL,AL,cuellmi01,AL,BAL,Baltimore Orioles
3467,1971,BAL,AL,palmeji01,AL,BAL,Baltimore Orioles
3468,1971,BAL,AL,robinbr01,AL,BAL,Baltimore Orioles
3469,1971,BAL,AL,robinfr02,AL,BAL,Baltimore Orioles
3470,1971,BOS,AL,aparilu01,AL,BOS,Boston Red Sox
3471,1971,BOS,AL,fiskca01,AL,BOS,Boston Red Sox
3472,1971,BOS,AL,yastrca01,AL,BOS,Boston Red Sox
3473,1971,CHN,NL,bankser01,NL,CHC,Chicago Cubs
3474,1971,CHN,NL,jenkife01,NL,CHC,Chicago Cubs
3475,1971,CHN,NL,santoro01,NL,CHC,Chicago Cubs
3476,1971,CHN,NL,willibi01,NL,CHC,Chicago Cubs
3477,1971,CIN,NL,benchjo01,NL,CIN,Cincinnati Reds
3478,1971,CIN,NL,mayle01,NL,CIN,Cincinnati Reds
3479,1971,CIN,NL,perezto01,NL,CIN,Cincinnati Reds
3480,1971,DET,AL,kalinal01,AL,DET,Detroit Tigers
3481,1971,DET,AL,lolicmi01,AL,DET,Detroit Tigers
3482,1971,HOU,NL,morgajo02,NL,HOU,Houston Astros
3483,1971,LAN,NL,garvest01,NL,LAD,Los Angeles Dodgers
3484,1971,LAN,NL,suttodo01,NL,LAD,Los Angeles Dodgers
3485,1971,LAN,NL,wilheho01,NL,LAD,Los Angeles Dodgers
3486,1971,MIN,AL,blylebe01,AL,MIN,Minnesota Twins
3487,1971,MIN,AL,carewro01,AL,MIN,Minnesota Twins
3488,1971,MIN,AL,kaatji01,AL,MIN,Minnesota Twins
3489,1971,MIN,AL,killeha01,AL,MIN,Minnesota Twins
3490,1971,MIN,AL,olivato01,AL,MIN,Minnesota Twins
3491,1971,NYA,AL,munsoth01,AL,NYY,New York Yankees
3492,1971,NYN,NL,ryanno01,NL,NYM,New York Mets
3493,1971,NYN,NL,seaveto01,NL,NYM,New York Mets
3494,1971,OAK,AL,campabe01,AL,OAK,Oakland Athletics
3495,1971,OAK,AL,fingero01,AL,OAK,Oakland Athletics
3496,1971,OAK,AL,hunteca01,AL,OAK,Oakland Athletics
3497,1971,OAK,AL,jacksre01,AL,OAK,Oakland Athletics
3498,1971,OAK,AL,larusto01,AL,OAK,Oakland Athletics
3499,1971,PHI,NL,bunniji01,NL,PHI,Philadelphia Phillies
3500,1971,PIT,NL,clemero01,NL,PIT,Pittsburgh Pirates
3501,1971,PIT,NL,mazerbi01,NL,PIT,Pittsburgh Pirates
3502,1971,PIT,NL,stargwi01,NL,PIT,Pittsburgh Pirates
3503,1971,SFN,NL,maricju01,NL,SFG,San Francisco Giants
3504,1971,SFN,NL,mayswi01,NL,SFG,San Francisco Giants
3505,1971,SFN,NL,mccovwi01,NL,SFG,San Francisco Giants
3506,1971,SFN,NL,perryga01,NL,SFG,San Francisco Giants
3507,1971,SLN,NL,brocklo01,NL,STL,St. Louis Cardinals
3508,1971,SLN,NL,carltst01,NL,STL,St. Louis Cardinals
3509,1971,SLN,NL,gibsobo01,NL,STL,St. Louis Cardinals
3510,1971,SLN,NL,simmote01,NL,STL,St. Louis Cardinals
3511,1971,SLN,NL,torrejo01,NL,STL,St. Louis Cardinals
3512,1972,ATL,NL,aaronha01,NL,ATL,Atlanta Braves
3513,1972,ATL,NL,cepedor01,NL,ATL,Atlanta Braves
3514,1972,ATL,NL,niekrph01,NL,ATL,Atlanta Braves
3515,1972,BAL,AL,cuellmi01,AL,BAL,Baltimore Orioles
3516,1972,BAL,AL,palmeji01,AL,BAL,Baltimore Orioles
3517,1972,BAL,AL,robinbr01,AL,BAL,Baltimore Orioles
3518,1972,BOS,AL,aparilu01,AL,BOS,Boston Red Sox
3519,1972,BOS,AL,fiskca01,AL,BOS,Boston Red Sox
3520,1972,BOS,AL,yastrca01,AL,BOS,Boston Red Sox
3521,1972,CAL,AL,ryanno01,AL,ANA,California Angels
3522,1972,CHA,AL,gossari01,AL,CHW,Chicago White Sox
3523,1972,CHN,NL,jenkife01,NL,CHC,Chicago Cubs
3524,1972,CHN,NL,santoro01,NL,CHC,Chicago Cubs
3525,1972,CHN,NL,willibi01,NL,CHC,Chicago Cubs
3526,1972,CIN,NL,benchjo01,NL,CIN,Cincinnati Reds
3527,1972,CIN,NL,morgajo02,NL,CIN,Cincinnati Reds
3528,1972,CIN,NL,perezto01,NL,CIN,Cincinnati Reds
3529,1972,CLE,AL,perryga01,AL,CLE,Cleveland Indians
3530,1972,DET,AL,kalinal01,AL,DET,Detroit Tigers
3531,1972,DET,AL,lolicmi01,AL,DET,Detroit Tigers
3532,1972,HOU,NL,mayle01,NL,HOU,Houston Astros
3533,1972,LAN,NL,garvest01,NL,LAD,Los Angeles Dodgers
3534,1972,LAN,NL,robinfr02,NL,LAD,Los Angeles Dodgers
3535,1972,LAN,NL,suttodo01,NL,LAD,Los Angeles Dodgers
3536,1972,LAN,NL,wilheho01,NL,LAD,Los Angeles Dodgers
3537,1972,MIN,AL,blylebe01,AL,MIN,Minnesota Twins
3538,1972,MIN,AL,carewro01,AL,MIN,Minnesota Twins
3539,1972,MIN,AL,kaatji01,AL,MIN,Minnesota Twins
3540,1972,MIN,AL,killeha01,AL,MIN,Minnesota Twins
3541,1972,MIN,AL,olivato01,AL,MIN,Minnesota Twins
3542,1972,NYA,AL,munsoth01,AL,NYY,New York Yankees
3543,1972,NYN,NL,mayswi01,NL,NYM,New York Mets
3544,1972,NYN,NL,seaveto01,NL,NYM,New York Mets
3545,1972,OAK,AL,campabe01,AL,OAK,Oakland Athletics
3546,1972,OAK,AL,cepedor01,AL,OAK,Oakland Athletics
3547,1972,OAK,AL,fingero01,AL,OAK,Oakland Athletics
3548,1972,OAK,AL,hunteca01,AL,OAK,Oakland Athletics
3549,1972,OAK,AL,jacksre01,AL,OAK,Oakland Athletics
3550,1972,PHI,NL,carltst01,NL,PHI,Philadelphia Phillies
3551,1972,PHI,NL,schmimi01,NL,PHI,Philadelphia Phillies
3552,1972,PIT,NL,clemero01,NL,PIT,Pittsburgh Pirates
3553,1972,PIT,NL,mazerbi01,NL,PIT,Pittsburgh Pirates
3554,1972,PIT,NL,stargwi01,NL,PIT,Pittsburgh Pirates
3555,1972,SFN,NL,maricju01,NL,SFG,San Francisco Giants
3556,1972,SFN,NL,mayswi01,NL,SFG,San Francisco Giants
3557,1972,SFN,NL,mccovwi01,NL,SFG,San Francisco Giants
3558,1972,SLN,NL,brocklo01,NL,STL,St. Louis Cardinals
3559,1972,SLN,NL,gibsobo01,NL,STL,St. Louis Cardinals
3560,1972,SLN,NL,simmote01,NL,STL,St. Louis Cardinals
3561,1972,SLN,NL,torrejo01,NL,STL,St. Louis Cardinals
3562,1973,ATL,NL,aaronha01,NL,ATL,Atlanta Braves
3563,1973,ATL,NL,niekrph01,NL,ATL,Atlanta Braves
3564,1973,BAL,AL,cuellmi01,AL,BAL,Baltimore Orioles
3565,1973,BAL,AL,palmeji01,AL,BAL,Baltimore Orioles
3566,1973,BAL,AL,robinbr01,AL,BAL,Baltimore Orioles
3567,1973,BOS,AL,aparilu01,AL,BOS,Boston Red Sox
3568,1973,BOS,AL,cepedor01,AL,BOS,Boston Red Sox
3569,1973,BOS,AL,fiskca01,AL,BOS,Boston Red Sox
3570,1973,BOS,AL,yastrca01,AL,BOS,Boston Red Sox
3571,1973,CAL,AL,robinfr02,AL,ANA,California Angels
3572,1973,CAL,AL,ryanno01,AL,ANA,California Angels
3573,1973,CHA,AL,gossari01,AL,CHW,Chicago White Sox
3574,1973,CHA,AL,kaatji01,AL,CHW,Chicago White Sox
3575,1973,CHN,NL,jenkife01,NL,CHC,Chicago Cubs
3576,1973,CHN,NL,larusto01,NL,CHC,Chicago Cubs
3577,1973,CHN,NL,santoro01,NL,CHC,Chicago Cubs
3578,1973,CHN,NL,willibi01,NL,CHC,Chicago Cubs
3579,1973,CIN,NL,benchjo01,NL,CIN,Cincinnati Reds
3580,1973,CIN,NL,morgajo02,NL,CIN,Cincinnati Reds
3581,1973,CIN,NL,perezto01,NL,CIN,Cincinnati Reds
3582,1973,CLE,AL,perryga01,AL,CLE,Cleveland Indians
3583,1973,DET,AL,kalinal01,AL,DET,Detroit Tigers
3584,1973,DET,AL,lolicmi01,AL,DET,Detroit Tigers
3585,1973,HOU,NL,mayle01,NL,HOU,Houston Astros
3586,1973,KCA,AL,brettge01,AL,KCR,Kansas City Royals
3587,1973,LAN,NL,garvest01,NL,LAD,Los Angeles Dodgers
3588,1973,LAN,NL,suttodo01,NL,LAD,Los Angeles Dodgers
3589,1973,MIN,AL,blylebe01,AL,MIN,Minnesota Twins
3590,1973,MIN,AL,carewro01,AL,MIN,Minnesota Twins
3591,1973,MIN,AL,kaatji01,AL,MIN,Minnesota Twins
3592,1973,MIN,AL,killeha01,AL,MIN,Minnesota Twins
3593,1973,MIN,AL,olivato01,AL,MIN,Minnesota Twins
3594,1973,NYA,AL,munsoth01,AL,NYY,New York Yankees
3595,1973,NYN,NL,mayswi01,NL,NYM,New York Mets
3596,1973,NYN,NL,seaveto01,NL,NYM,New York Mets
3597,1973,OAK,AL,campabe01,AL,OAK,Oakland Athletics
3598,1973,OAK,AL,fingero01,AL,OAK,Oakland Athletics
3599,1973,OAK,AL,hunteca01,AL,OAK,Oakland Athletics
3600,1973,OAK,AL,jacksre01,AL,OAK,Oakland Athletics
3601,1973,PHI,NL,carltst01,NL,PHI,Philadelphia Phillies
3602,1973,PHI,NL,schmimi01,NL,PHI,Philadelphia Phillies
3603,1973,PIT,NL,stargwi01,NL,PIT,Pittsburgh Pirates
3604,1973,SDN,NL,winfida01,NL,SDP,San Diego Padres
3605,1973,SFN,NL,maricju01,NL,SFG,San Francisco Giants
3606,1973,SFN,NL,mccovwi01,NL,SFG,San Francisco Giants
3607,1973,SLN,NL,brocklo01,NL,STL,St. Louis Cardinals
3608,1973,SLN,NL,gibsobo01,NL,STL,St. Louis Cardinals
3609,1973,SLN,NL,simmote01,NL,STL,St. Louis Cardinals
3610,1973,SLN,NL,torrejo01,NL,STL,St. Louis Cardinals
3611,1974,ATL,NL,aaronha01,NL,ATL,Atlanta Braves
3612,1974,ATL,NL,niekrph01,NL,ATL,Atlanta Braves
3613,1974,BAL,AL,cuellmi01,AL,BAL,Baltimore Orioles
3614,1974,BAL,AL,palmeji01,AL,BAL,Baltimore Orioles
3615,1974,BAL,AL,robinbr01,AL,BAL,Baltimore Orioles
3616,1974,BOS,AL,fiskca01,AL,BOS,Boston Red Sox
3617,1974,BOS,AL,maricju01,AL,BOS,Boston Red Sox
3618,1974,BOS,AL,riceji01,AL,BOS,Boston Red Sox
3619,1974,BOS,AL,yastrca01,AL,BOS,Boston Red Sox
3620,1974,CAL,AL,robinfr02,AL,ANA,California Angels
3621,1974,CAL,AL,ryanno01,AL,ANA,California Angels
3622,1974,CHA,AL,gossari01,AL,CHW,Chicago White Sox
3623,1974,CHA,AL,kaatji01,AL,CHW,Chicago White Sox
3624,1974,CHA,AL,santoro01,AL,CHW,Chicago White Sox
3625,1974,CHN,NL,willibi01,NL,CHC,Chicago Cubs
3626,1974,CIN,NL,benchjo01,NL,CIN,Cincinnati Reds
3627,1974,CIN,NL,morgajo02,NL,CIN,Cincinnati Reds
3628,1974,CIN,NL,perezto01,NL,CIN,Cincinnati Reds
3629,1974,CLE,AL,perryga01,AL,CLE,Cleveland Indians
3630,1974,CLE,AL,robinfr02,AL,CLE,Cleveland Indians
3631,1974,DET,AL,kalinal01,AL,DET,Detroit Tigers
3632,1974,DET,AL,lolicmi01,AL,DET,Detroit Tigers
3633,1974,HOU,NL,mayle01,NL,HOU,Houston Astros
3634,1974,KCA,AL,brettge01,AL,KCR,Kansas City Royals
3635,1974,KCA,AL,cepedor01,AL,KCR,Kansas City Royals
3636,1974,LAN,NL,garvest01,NL,LAD,Los Angeles Dodgers
3637,1974,LAN,NL,suttodo01,NL,LAD,Los Angeles Dodgers
3638,1974,MIN,AL,blylebe01,AL,MIN,Minnesota Twins
3639,1974,MIN,AL,carewro01,AL,MIN,Minnesota Twins
3640,1974,MIN,AL,killeha01,AL,MIN,Minnesota Twins
3641,1974,MIN,AL,olivato01,AL,MIN,Minnesota Twins
3642,1974,ML4,AL,yountro01,AL,MIL,Milwaukee Brewers
3643,1974,MON,NL,cartega01,NL,WSN,Montreal Expos
3644,1974,NYA,AL,munsoth01,AL,NYY,New York Yankees
3645,1974,NYN,NL,seaveto01,NL,NYM,New York Mets
3646,1974,OAK,AL,campabe01,AL,OAK,Oakland Athletics
3647,1974,OAK,AL,fingero01,AL,OAK,Oakland Athletics
3648,1974,OAK,AL,hunteca01,AL,OAK,Oakland Athletics
3649,1974,OAK,AL,jacksre01,AL,OAK,Oakland Athletics
3650,1974,PHI,NL,carltst01,NL,PHI,Philadelphia Phillies
3651,1974,PHI,NL,schmimi01,NL,PHI,Philadelphia Phillies
3652,1974,PIT,NL,stargwi01,NL,PIT,Pittsburgh Pirates
3653,1974,SDN,NL,mccovwi01,NL,SDP,San Diego Padres
3654,1974,SDN,NL,winfida01,NL,SDP,San Diego Padres
3655,1974,SLN,NL,brocklo01,NL,STL,St. Louis Cardinals
3656,1974,SLN,NL,gibsobo01,NL,STL,St. Louis Cardinals
3657,1974,SLN,NL,simmote01,NL,STL,St. Louis Cardinals
3658,1974,SLN,NL,torrejo01,NL,STL,St. Louis Cardinals
3659,1974,TEX,AL,jenkife01,AL,TEX,Texas Rangers
3660,1975,ATL,NL,niekrph01,NL,ATL,Atlanta Braves
3661,1975,BAL,AL,cuellmi01,AL,BAL,Baltimore Orioles
3662,1975,BAL,AL,mayle01,AL,BAL,Baltimore Orioles
3663,1975,BAL,AL,palmeji01,AL,BAL,Baltimore Orioles
3664,1975,BAL,AL,robinbr01,AL,BAL,Baltimore Orioles
3665,1975,BOS,AL,fiskca01,AL,BOS,Boston Red Sox
3666,1975,BOS,AL,riceji01,AL,BOS,Boston Red Sox
3667,1975,BOS,AL,yastrca01,AL,BOS,Boston Red Sox
3668,1975,CAL,AL,ryanno01,AL,ANA,California Angels
3669,1975,CHA,AL,gossari01,AL,CHW,Chicago White Sox
3670,1975,CHA,AL,kaatji01,AL,CHW,Chicago White Sox
3671,1975,CIN,NL,benchjo01,NL,CIN,Cincinnati Reds
3672,1975,CIN,NL,morgajo02,NL,CIN,Cincinnati Reds
3673,1975,CIN,NL,perezto01,NL,CIN,Cincinnati Reds
3674,1975,CLE,AL,eckerde01,AL,CLE,Cleveland Indians
3675,1975,CLE,AL,perryga01,AL,CLE,Cleveland Indians
3676,1975,CLE,AL,robinfr02,AL,CLE,Cleveland Indians
3677,1975,DET,AL,lolicmi01,AL,DET,Detroit Tigers
3678,1975,KCA,AL,brettge01,AL,KCR,Kansas City Royals
3679,1975,KCA,AL,killeha01,AL,KCR,Kansas City Royals
3680,1975,LAN,NL,garvest01,NL,LAD,Los Angeles Dodgers
3681,1975,LAN,NL,maricju01,NL,LAD,Los Angeles Dodgers
3682,1975,LAN,NL,suttodo01,NL,LAD,Los Angeles Dodgers
3683,1975,MIN,AL,blylebe01,AL,MIN,Minnesota Twins
3684,1975,MIN,AL,carewro01,AL,MIN,Minnesota Twins
3685,1975,MIN,AL,olivato01,AL,MIN,Minnesota Twins
3686,1975,ML4,AL,aaronha01,AL,MIL,Milwaukee Brewers
3687,1975,ML4,AL,yountro01,AL,MIL,Milwaukee Brewers
3688,1975,MON,NL,cartega01,NL,WSN,Montreal Expos
3689,1975,NYA,AL,hunteca01,AL,NYY,New York Yankees
3690,1975,NYA,AL,munsoth01,AL,NYY,New York Yankees
3691,1975,NYN,NL,seaveto01,NL,NYM,New York Mets
3692,1975,NYN,NL,torrejo01,NL,NYM,New York Mets
3693,1975,OAK,AL,campabe01,AL,OAK,Oakland Athletics
3694,1975,OAK,AL,fingero01,AL,OAK,Oakland Athletics
3695,1975,OAK,AL,jacksre01,AL,OAK,Oakland Athletics
3696,1975,OAK,AL,willibi01,AL,OAK,Oakland Athletics
3697,1975,PHI,NL,carltst01,NL,PHI,Philadelphia Phillies
3698,1975,PHI,NL,schmimi01,NL,PHI,Philadelphia Phillies
3699,1975,PIT,NL,stargwi01,NL,PIT,Pittsburgh Pirates
3700,1975,SDN,NL,mccovwi01,NL,SDP,San Diego Padres
3701,1975,SDN,NL,winfida01,NL,SDP,San Diego Padres
3702,1975,SLN,NL,brocklo01,NL,STL,St. Louis Cardinals
3703,1975,SLN,NL,gibsobo01,NL,STL,St. Louis Cardinals
3704,1975,SLN,NL,simmote01,NL,STL,St. Louis Cardinals
3705,1975,TEX,AL,jenkife01,AL,TEX,Texas Rangers
3706,1975,TEX,AL,perryga01,AL,TEX,Texas Rangers
3707,1976,ATL,NL,niekrph01,NL,ATL,Atlanta Braves
3708,1976,BAL,AL,cuellmi01,AL,BAL,Baltimore Orioles
3709,1976,BAL,AL,jacksre01,AL,BAL,Baltimore Orioles
3710,1976,BAL,AL,mayle01,AL,BAL,Baltimore Orioles
3711,1976,BAL,AL,palmeji01,AL,BAL,Baltimore Orioles
3712,1976,BAL,AL,robinbr01,AL,BAL,Baltimore Orioles
3713,1976,BOS,AL,fiskca01,AL,BOS,Boston Red Sox
3714,1976,BOS,AL,jenkife01,AL,BOS,Boston Red Sox
3715,1976,BOS,AL,riceji01,AL,BOS,Boston Red Sox
3716,1976,BOS,AL,yastrca01,AL,BOS,Boston Red Sox
3717,1976,CAL,AL,ryanno01,AL,ANA,California Angels
3718,1976,CHA,AL,gossari01,AL,CHW,Chicago White Sox
3719,1976,CHA,AL,minosmi01,AL,CHW,Chicago White Sox
3720,1976,CHN,NL,suttebr01,NL,CHC,Chicago Cubs
3721,1976,CIN,NL,benchjo01,NL,CIN,Cincinnati Reds
3722,1976,CIN,NL,morgajo02,NL,CIN,Cincinnati Reds
3723,1976,CIN,NL,perezto01,NL,CIN,Cincinnati Reds
3724,1976,CLE,AL,eckerde01,AL,CLE,Cleveland Indians
3725,1976,CLE,AL,robinfr02,AL,CLE,Cleveland Indians
3726,1976,KCA,AL,brettge01,AL,KCR,Kansas City Royals
3727,1976,LAN,NL,garvest01,NL,LAD,Los Angeles Dodgers
3728,1976,LAN,NL,suttodo01,NL,LAD,Los Angeles Dodgers
3729,1976,MIN,AL,blylebe01,AL,MIN,Minnesota Twins
3730,1976,MIN,AL,carewro01,AL,MIN,Minnesota Twins
3731,1976,MIN,AL,olivato01,AL,MIN,Minnesota Twins
3732,1976,ML4,AL,aaronha01,AL,MIL,Milwaukee Brewers
3733,1976,ML4,AL,yountro01,AL,MIL,Milwaukee Brewers
3734,1976,MON,NL,cartega01,NL,WSN,Montreal Expos
3735,1976,MON,NL,dawsoan01,NL,WSN,Montreal Expos
3736,1976,NYA,AL,hunteca01,AL,NYY,New York Yankees
3737,1976,NYA,AL,munsoth01,AL,NYY,New York Yankees
3738,1976,NYN,NL,lolicmi01,NL,NYM,New York Mets
3739,1976,NYN,NL,seaveto01,NL,NYM,New York Mets
3740,1976,NYN,NL,torrejo01,NL,NYM,New York Mets
3741,1976,OAK,AL,campabe01,AL,OAK,Oakland Athletics
3742,1976,OAK,AL,fingero01,AL,OAK,Oakland Athletics
3743,1976,OAK,AL,mccovwi01,AL,OAK,Oakland Athletics
3744,1976,OAK,AL,willibi01,AL,OAK,Oakland Athletics
3745,1976,PHI,NL,carltst01,NL,PHI,Philadelphia Phillies
3746,1976,PHI,NL,kaatji01,NL,PHI,Philadelphia Phillies
3747,1976,PHI,NL,schmimi01,NL,PHI,Philadelphia Phillies
3748,1976,PIT,NL,stargwi01,NL,PIT,Pittsburgh Pirates
3749,1976,SDN,NL,mccovwi01,NL,SDP,San Diego Padres
3750,1976,SDN,NL,winfida01,NL,SDP,San Diego Padres
3751,1976,SLN,NL,brocklo01,NL,STL,St. Louis Cardinals
3752,1976,SLN,NL,simmote01,NL,STL,St. Louis Cardinals
3753,1976,TEX,AL,blylebe01,AL,TEX,Texas Rangers
3754,1976,TEX,AL,perryga01,AL,TEX,Texas Rangers
3755,1977,ATL,NL,niekrph01,NL,ATL,Atlanta Braves
3756,1977,BAL,AL,mayle01,AL,BAL,Baltimore Orioles
3757,1977,BAL,AL,murraed02,AL,BAL,Baltimore Orioles
3758,1977,BAL,AL,palmeji01,AL,BAL,Baltimore Orioles
3759,1977,BAL,AL,robinbr01,AL,BAL,Baltimore Orioles
3760,1977,BOS,AL,fiskca01,AL,BOS,Boston Red Sox
3761,1977,BOS,AL,jenkife01,AL,BOS,Boston Red Sox
3762,1977,BOS,AL,riceji01,AL,BOS,Boston Red Sox
3763,1977,BOS,AL,yastrca01,AL,BOS,Boston Red Sox
3764,1977,CAL,AL,cuellmi01,AL,ANA,California Angels
3765,1977,CAL,AL,ryanno01,AL,ANA,California Angels
3766,1977,CHN,NL,suttebr01,NL,CHC,Chicago Cubs
3767,1977,CIN,NL,benchjo01,NL,CIN,Cincinnati Reds
3768,1977,CIN,NL,morgajo02,NL,CIN,Cincinnati Reds
3769,1977,CIN,NL,seaveto01,NL,CIN,Cincinnati Reds
3770,1977,CLE,AL,eckerde01,AL,CLE,Cleveland Indians
3771,1977,DET,AL,morrija02,AL,DET,Detroit Tigers
3772,1977,DET,AL,trammal01,AL,DET,Detroit Tigers
3773,1977,KCA,AL,brettge01,AL,KCR,Kansas City Royals
3774,1977,LAN,NL,garvest01,NL,LAD,Los Angeles Dodgers
3775,1977,LAN,NL,suttodo01,NL,LAD,Los Angeles Dodgers
3776,1977,MIN,AL,carewro01,AL,MIN,Minnesota Twins
3777,1977,ML4,AL,yountro01,AL,MIL,Milwaukee Brewers
3778,1977,MON,NL,cartega01,NL,WSN,Montreal Expos
3779,1977,MON,NL,dawsoan01,NL,WSN,Montreal Expos
3780,1977,MON,NL,perezto01,NL,WSN,Montreal Expos
3781,1977,NYA,AL,hunteca01,AL,NYY,New York Yankees
3782,1977,NYA,AL,jacksre01,AL,NYY,New York Yankees
3783,1977,NYA,AL,munsoth01,AL,NYY,New York Yankees
3784,1977,NYN,NL,seaveto01,NL,NYM,New York Mets
3785,1977,NYN,NL,torrejo01,NL,NYM,New York Mets
3786,1977,PHI,NL,carltst01,NL,PHI,Philadelphia Phillies
3787,1977,PHI,NL,kaatji01,NL,PHI,Philadelphia Phillies
3788,1977,PHI,NL,schmimi01,NL,PHI,Philadelphia Phillies
3789,1977,PIT,NL,gossari01,NL,PIT,Pittsburgh Pirates
3790,1977,PIT,NL,stargwi01,NL,PIT,Pittsburgh Pirates
3791,1977,SDN,NL,fingero01,NL,SDP,San Diego Padres
3792,1977,SDN,NL,winfida01,NL,SDP,San Diego Padres
3793,1977,SFN,NL,mccovwi01,NL,SFG,San Francisco Giants
3794,1977,SLN,NL,brocklo01,NL,STL,St. Louis Cardinals
3795,1977,SLN,NL,simmote01,NL,STL,St. Louis Cardinals
3796,1977,TEX,AL,blylebe01,AL,TEX,Texas Rangers
3797,1977,TEX,AL,campabe01,AL,TEX,Texas Rangers
3798,1977,TEX,AL,perryga01,AL,TEX,Texas Rangers
3799,1978,ATL,NL,niekrph01,NL,ATL,Atlanta Braves
3800,1978,BAL,AL,mayle01,AL,BAL,Baltimore Orioles
3801,1978,BAL,AL,murraed02,AL,BAL,Baltimore Orioles
3802,1978,BAL,AL,palmeji01,AL,BAL,Baltimore Orioles
3803,1978,BOS,AL,eckerde01,AL,BOS,Boston Red Sox
3804,1978,BOS,AL,fiskca01,AL,BOS,Boston Red Sox
3805,1978,BOS,AL,riceji01,AL,BOS,Boston Red Sox
3806,1978,BOS,AL,yastrca01,AL,BOS,Boston Red Sox
3807,1978,CAL,AL,ryanno01,AL,ANA,California Angels
3808,1978,CHN,NL,suttebr01,NL,CHC,Chicago Cubs
3809,1978,CIN,NL,benchjo01,NL,CIN,Cincinnati Reds
3810,1978,CIN,NL,morgajo02,NL,CIN,Cincinnati Reds
3811,1978,CIN,NL,seaveto01,NL,CIN,Cincinnati Reds
3812,1978,DET,AL,morrija02,AL,DET,Detroit Tigers
3813,1978,DET,AL,trammal01,AL,DET,Detroit Tigers
3814,1978,KCA,AL,brettge01,AL,KCR,Kansas City Royals
3815,1978,LAN,NL,garvest01,NL,LAD,Los Angeles Dodgers
3816,1978,LAN,NL,suttodo01,NL,LAD,Los Angeles Dodgers
3817,1978,MIN,AL,carewro01,AL,MIN,Minnesota Twins
3818,1978,ML4,AL,molitpa01,AL,MIL,Milwaukee Brewers
3819,1978,ML4,AL,yountro01,AL,MIL,Milwaukee Brewers
3820,1978,MON,NL,cartega01,NL,WSN,Montreal Expos
3821,1978,MON,NL,dawsoan01,NL,WSN,Montreal Expos
3822,1978,MON,NL,perezto01,NL,WSN,Montreal Expos
3823,1978,NYA,AL,gossari01,AL,NYY,New York Yankees
3824,1978,NYA,AL,hunteca01,AL,NYY,New York Yankees
3825,1978,NYA,AL,jacksre01,AL,NYY,New York Yankees
3826,1978,NYA,AL,munsoth01,AL,NYY,New York Yankees
3827,1978,PHI,NL,carltst01,NL,PHI,Philadelphia Phillies
3828,1978,PHI,NL,kaatji01,NL,PHI,Philadelphia Phillies
3829,1978,PHI,NL,schmimi01,NL,PHI,Philadelphia Phillies
3830,1978,PIT,NL,blylebe01,NL,PIT,Pittsburgh Pirates
3831,1978,PIT,NL,stargwi01,NL,PIT,Pittsburgh Pirates
3832,1978,SDN,NL,fingero01,NL,SDP,San Diego Padres
3833,1978,SDN,NL,lolicmi01,NL,SDP,San Diego Padres
3834,1978,SDN,NL,perryga01,NL,SDP,San Diego Padres
3835,1978,SDN,NL,smithoz01,NL,SDP,San Diego Padres
3836,1978,SDN,NL,winfida01,NL,SDP,San Diego Padres
3837,1978,SFN,NL,mccovwi01,NL,SFG,San Francisco Giants
3838,1978,SLN,NL,brocklo01,NL,STL,St. Louis Cardinals
3839,1978,SLN,NL,simmote01,NL,STL,St. Louis Cardinals
3840,1978,TEX,AL,campabe01,AL,TEX,Texas Rangers
3841,1978,TEX,AL,jenkife01,AL,TEX,Texas Rangers
3842,1979,ATL,NL,niekrph01,NL,ATL,Atlanta Braves
3843,1979,BAL,AL,mayle01,AL,BAL,Baltimore Orioles
3844,1979,BAL,AL,murraed02,AL,BAL,Baltimore Orioles
3845,1979,BAL,AL,palmeji01,AL,BAL,Baltimore Orioles
3846,1979,BOS,AL,eckerde01,AL,BOS,Boston Red Sox
3847,1979,BOS,AL,fiskca01,AL,BOS,Boston Red Sox
3848,1979,BOS,AL,riceji01,AL,BOS,Boston Red Sox
3849,1979,BOS,AL,yastrca01,AL,BOS,Boston Red Sox
3850,1979,CAL,AL,campabe01,AL,ANA,California Angels
3851,1979,CAL,AL,carewro01,AL,ANA,California Angels
3852,1979,CAL,AL,ryanno01,AL,ANA,California Angels
3853,1979,CHN,NL,suttebr01,NL,CHC,Chicago Cubs
3854,1979,CIN,NL,benchjo01,NL,CIN,Cincinnati Reds
3855,1979,CIN,NL,morgajo02,NL,CIN,Cincinnati Reds
3856,1979,CIN,NL,seaveto01,NL,CIN,Cincinnati Reds
3857,1979,DET,AL,morrija02,AL,DET,Detroit Tigers
3858,1979,DET,AL,trammal01,AL,DET,Detroit Tigers
3859,1979,KCA,AL,brettge01,AL,KCR,Kansas City Royals
3860,1979,LAN,NL,garvest01,NL,LAD,Los Angeles Dodgers
3861,1979,LAN,NL,suttodo01,NL,LAD,Los Angeles Dodgers
3862,1979,ML4,AL,molitpa01,AL,MIL,Milwaukee Brewers
3863,1979,ML4,AL,yountro01,AL,MIL,Milwaukee Brewers
3864,1979,MON,NL,cartega01,NL,WSN,Montreal Expos
3865,1979,MON,NL,dawsoan01,NL,WSN,Montreal Expos
3866,1979,MON,NL,perezto01,NL,WSN,Montreal Expos
3867,1979,MON,NL,raineti01,NL,WSN,Montreal Expos
3868,1979,NYA,AL,gossari01,AL,NYY,New York Yankees
3869,1979,NYA,AL,hunteca01,AL,NYY,New York Yankees
3870,1979,NYA,AL,jacksre01,AL,NYY,New York Yankees
3871,1979,NYA,AL,kaatji01,AL,NYY,New York Yankees
3872,1979,NYA,AL,munsoth01,AL,NYY,New York Yankees
3873,1979,OAK,AL,henderi01,AL,OAK,Oakland Athletics
3874,1979,PHI,NL,carltst01,NL,PHI,Philadelphia Phillies
3875,1979,PHI,NL,kaatji01,NL,PHI,Philadelphia Phillies
3876,1979,PHI,NL,schmimi01,NL,PHI,Philadelphia Phillies
3877,1979,PIT,NL,blylebe01,NL,PIT,Pittsburgh Pirates
3878,1979,PIT,NL,stargwi01,NL,PIT,Pittsburgh Pirates
3879,1979,SDN,NL,fingero01,NL,SDP,San Diego Padres
3880,1979,SDN,NL,lolicmi01,NL,SDP,San Diego Padres
3881,1979,SDN,NL,perryga01,NL,SDP,San Diego Padres
3882,1979,SDN,NL,smithoz01,NL,SDP,San Diego Padres
3883,1979,SDN,NL,winfida01,NL,SDP,San Diego Padres
3884,1979,SFN,NL,mccovwi01,NL,SFG,San Francisco Giants
3885,1979,SLN,NL,brocklo01,NL,STL,St. Louis Cardinals
3886,1979,SLN,NL,simmote01,NL,STL,St. Louis Cardinals
3887,1979,TEX,AL,campabe01,AL,TEX,Texas Rangers
3888,1979,TEX,AL,jenkife01,AL,TEX,Texas Rangers
3889,1980,ATL,NL,niekrph01,NL,ATL,Atlanta Braves
3890,1980,BAL,AL,mayle01,AL,BAL,Baltimore Orioles
3891,1980,BAL,AL,murraed02,AL,BAL,Baltimore Orioles
3892,1980,BAL,AL,palmeji01,AL,BAL,Baltimore Orioles
3893,1980,BOS,AL,eckerde01,AL,BOS,Boston Red Sox
3894,1980,BOS,AL,fiskca01,AL,BOS,Boston Red Sox
3895,1980,BOS,AL,perezto01,AL,BOS,Boston Red Sox
3896,1980,BOS,AL,riceji01,AL,BOS,Boston Red Sox
3897,1980,BOS,AL,yastrca01,AL,BOS,Boston Red Sox
3898,1980,CAL,AL,campabe01,AL,ANA,California Angels
3899,1980,CAL,AL,carewro01,AL,ANA,California Angels
3900,1980,CHA,AL,baineha01,AL,CHW,Chicago White Sox
3901,1980,CHA,AL,minosmi01,AL,CHW,Chicago White Sox
3902,1980,CHN,NL,smithle02,NL,CHC,Chicago Cubs
3903,1980,CHN,NL,suttebr01,NL,CHC,Chicago Cubs
3904,1980,CIN,NL,benchjo01,NL,CIN,Cincinnati Reds
3905,1980,CIN,NL,seaveto01,NL,CIN,Cincinnati Reds
3906,1980,DET,AL,morrija02,AL,DET,Detroit Tigers
3907,1980,DET,AL,trammal01,AL,DET,Detroit Tigers
3908,1980,HOU,NL,morgajo02,NL,HOU,Houston Astros
3909,1980,HOU,NL,ryanno01,NL,HOU,Houston Astros
3910,1980,KCA,AL,brettge01,AL,KCR,Kansas City Royals
3911,1980,LAN,NL,garvest01,NL,LAD,Los Angeles Dodgers
3912,1980,LAN,NL,suttodo01,NL,LAD,Los Angeles Dodgers
3913,1980,ML4,AL,molitpa01,AL,MIL,Milwaukee Brewers
3914,1980,ML4,AL,yountro01,AL,MIL,Milwaukee Brewers
3915,1980,MON,NL,cartega01,NL,WSN,Montreal Expos
3916,1980,MON,NL,dawsoan01,NL,WSN,Montreal Expos
3917,1980,MON,NL,raineti01,NL,WSN,Montreal Expos
3918,1980,NYA,AL,gossari01,AL,NYY,New York Yankees
3919,1980,NYA,AL,jacksre01,AL,NYY,New York Yankees
3920,1980,NYA,AL,kaatji01,AL,NYY,New York Yankees
3921,1980,NYA,AL,perryga01,AL,NYY,New York Yankees
3922,1980,OAK,AL,henderi01,AL,OAK,Oakland Athletics
3923,1980,PHI,NL,carltst01,NL,PHI,Philadelphia Phillies
3924,1980,PHI,NL,schmimi01,NL,PHI,Philadelphia Phillies
3925,1980,PIT,NL,blylebe01,NL,PIT,Pittsburgh Pirates
3926,1980,PIT,NL,stargwi01,NL,PIT,Pittsburgh Pirates
3927,1980,SDN,NL,fingero01,NL,SDP,San Diego Padres
3928,1980,SDN,NL,smithoz01,NL,SDP,San Diego Padres
3929,1980,SDN,NL,winfida01,NL,SDP,San Diego Padres
3930,1980,SFN,NL,mccovwi01,NL,SFG,San Francisco Giants
3931,1980,SLN,NL,kaatji01,NL,STL,St. Louis Cardinals
3932,1980,SLN,NL,simmote01,NL,STL,St. Louis Cardinals
3933,1980,TEX,AL,jenkife01,AL,TEX,Texas Rangers
3934,1980,TEX,AL,perryga01,AL,TEX,Texas Rangers
3935,1981,ATL,NL,niekrph01,NL,ATL,Atlanta Braves
3936,1981,ATL,NL,perryga01,NL,ATL,Atlanta Braves
3937,1981,BAL,AL,murraed02,AL,BAL,Baltimore Orioles
3938,1981,BAL,AL,palmeji01,AL,BAL,Baltimore Orioles
3939,1981,BAL,AL,ripkeca01,AL,BAL,Baltimore Orioles
3940,1981,BOS,AL,eckerde01,AL,BOS,Boston Red Sox
3941,1981,BOS,AL,perezto01,AL,BOS,Boston Red Sox
3942,1981,BOS,AL,riceji01,AL,BOS,Boston Red Sox
3943,1981,BOS,AL,yastrca01,AL,BOS,Boston Red Sox
3944,1981,CAL,AL,campabe01,AL,ANA,California Angels
3945,1981,CAL,AL,carewro01,AL,ANA,California Angels
3946,1981,CHA,AL,baineha01,AL,CHW,Chicago White Sox
3947,1981,CHA,AL,fiskca01,AL,CHW,Chicago White Sox
3948,1981,CHN,NL,smithle02,NL,CHC,Chicago Cubs
3949,1981,CIN,NL,benchjo01,NL,CIN,Cincinnati Reds
3950,1981,CIN,NL,seaveto01,NL,CIN,Cincinnati Reds
3951,1981,CLE,AL,blylebe01,AL,CLE,Cleveland Indians
3952,1981,DET,AL,morrija02,AL,DET,Detroit Tigers
3953,1981,DET,AL,trammal01,AL,DET,Detroit Tigers
3954,1981,HOU,NL,ryanno01,NL,HOU,Houston Astros
3955,1981,HOU,NL,suttodo01,NL,HOU,Houston Astros
3956,1981,KCA,AL,brettge01,AL,KCR,Kansas City Royals
3957,1981,KCA,AL,mayle01,AL,KCR,Kansas City Royals
3958,1981,LAN,NL,garvest01,NL,LAD,Los Angeles Dodgers
3959,1981,ML4,AL,fingero01,AL,MIL,Milwaukee Brewers
3960,1981,ML4,AL,molitpa01,AL,MIL,Milwaukee Brewers
3961,1981,ML4,AL,simmote01,AL,MIL,Milwaukee Brewers
3962,1981,ML4,AL,yountro01,AL,MIL,Milwaukee Brewers
3963,1981,MON,NL,cartega01,NL,WSN,Montreal Expos
3964,1981,MON,NL,dawsoan01,NL,WSN,Montreal Expos
3965,1981,MON,NL,raineti01,NL,WSN,Montreal Expos
3966,1981,NYA,AL,gossari01,AL,NYY,New York Yankees
3967,1981,NYA,AL,jacksre01,AL,NYY,New York Yankees
3968,1981,NYA,AL,winfida01,AL,NYY,New York Yankees
3969,1981,OAK,AL,henderi01,AL,OAK,Oakland Athletics
3970,1981,PHI,NL,carltst01,NL,PHI,Philadelphia Phillies
3971,1981,PHI,NL,sandbry01,NL,PHI,Philadelphia Phillies
3972,1981,PHI,NL,schmimi01,NL,PHI,Philadelphia Phillies
3973,1981,PIT,NL,stargwi01,NL,PIT,Pittsburgh Pirates
3974,1981,SDN,NL,smithoz01,NL,SDP,San Diego Padres
3975,1981,SFN,NL,morgajo02,NL,SFG,San Francisco Giants
3976,1981,SLN,NL,kaatji01,NL,STL,St. Louis Cardinals
3977,1981,SLN,NL,suttebr01,NL,STL,St. Louis Cardinals
3978,1981,TEX,AL,jenkife01,AL,TEX,Texas Rangers
3979,1982,ATL,NL,niekrph01,NL,ATL,Atlanta Braves
3980,1982,BAL,AL,murraed02,AL,BAL,Baltimore Orioles
3981,1982,BAL,AL,palmeji01,AL,BAL,Baltimore Orioles
3982,1982,BAL,AL,ripkeca01,AL,BAL,Baltimore Orioles
3983,1982,BOS,AL,boggswa01,AL,BOS,Boston Red Sox
3984,1982,BOS,AL,eckerde01,AL,BOS,Boston Red Sox
3985,1982,BOS,AL,perezto01,AL,BOS,Boston Red Sox
3986,1982,BOS,AL,riceji01,AL,BOS,Boston Red Sox
3987,1982,BOS,AL,yastrca01,AL,BOS,Boston Red Sox
3988,1982,CAL,AL,carewro01,AL,ANA,California Angels
3989,1982,CAL,AL,jacksre01,AL,ANA,California Angels
3990,1982,CHA,AL,baineha01,AL,CHW,Chicago White Sox
3991,1982,CHA,AL,fiskca01,AL,CHW,Chicago White Sox
3992,1982,CHN,NL,jenkife01,NL,CHC,Chicago Cubs
3993,1982,CHN,NL,sandbry01,NL,CHC,Chicago Cubs
3994,1982,CHN,NL,smithle02,NL,CHC,Chicago Cubs
3995,1982,CIN,NL,benchjo01,NL,CIN,Cincinnati Reds
3996,1982,CIN,NL,seaveto01,NL,CIN,Cincinnati Reds
3997,1982,CLE,AL,blylebe01,AL,CLE,Cleveland Indians
3998,1982,DET,AL,morrija02,AL,DET,Detroit Tigers
3999,1982,DET,AL,trammal01,AL,DET,Detroit Tigers
4000,1982,HOU,NL,ryanno01,NL,HOU,Houston Astros
4001,1982,HOU,NL,suttodo01,NL,HOU,Houston Astros
4002,1982,KCA,AL,brettge01,AL,KCR,Kansas City Royals
4003,1982,KCA,AL,mayle01,AL,KCR,Kansas City Royals
4004,1982,LAN,NL,garvest01,NL,LAD,Los Angeles Dodgers
4005,1982,ML4,AL,fingero01,AL,MIL,Milwaukee Brewers
4006,1982,ML4,AL,molitpa01,AL,MIL,Milwaukee Brewers
4007,1982,ML4,AL,simmote01,AL,MIL,Milwaukee Brewers
4008,1982,ML4,AL,suttodo01,AL,MIL,Milwaukee Brewers
4009,1982,ML4,AL,yountro01,AL,MIL,Milwaukee Brewers
4010,1982,MON,NL,cartega01,NL,WSN,Montreal Expos
4011,1982,MON,NL,dawsoan01,NL,WSN,Montreal Expos
4012,1982,MON,NL,raineti01,NL,WSN,Montreal Expos
4013,1982,NYA,AL,gossari01,AL,NYY,New York Yankees
4014,1982,NYA,AL,winfida01,AL,NYY,New York Yankees
4015,1982,OAK,AL,henderi01,AL,OAK,Oakland Athletics
4016,1982,PHI,NL,carltst01,NL,PHI,Philadelphia Phillies
4017,1982,PHI,NL,schmimi01,NL,PHI,Philadelphia Phillies
4018,1982,PIT,NL,stargwi01,NL,PIT,Pittsburgh Pirates
4019,1982,SDN,NL,gwynnto01,NL,SDP,San Diego Padres
4020,1982,SEA,AL,perryga01,AL,SEA,Seattle Mariners
4021,1982,SFN,NL,morgajo02,NL,SFG,San Francisco Giants
4022,1982,SLN,NL,kaatji01,NL,STL,St. Louis Cardinals
4023,1982,SLN,NL,smithoz01,NL,STL,St. Louis Cardinals
4024,1982,SLN,NL,suttebr01,NL,STL,St. Louis Cardinals
4025,1983,ATL,NL,niekrph01,NL,ATL,Atlanta Braves
4026,1983,BAL,AL,murraed02,AL,BAL,Baltimore Orioles
4027,1983,BAL,AL,palmeji01,AL,BAL,Baltimore Orioles
4028,1983,BAL,AL,ripkeca01,AL,BAL,Baltimore Orioles
4029,1983,BOS,AL,boggswa01,AL,BOS,Boston Red Sox
4030,1983,BOS,AL,eckerde01,AL,BOS,Boston Red Sox
4031,1983,BOS,AL,riceji01,AL,BOS,Boston Red Sox
4032,1983,BOS,AL,yastrca01,AL,BOS,Boston Red Sox
4033,1983,CAL,AL,carewro01,AL,ANA,California Angels
4034,1983,CAL,AL,jacksre01,AL,ANA,California Angels
4035,1983,CHA,AL,baineha01,AL,CHW,Chicago White Sox
4036,1983,CHA,AL,fiskca01,AL,CHW,Chicago White Sox
4037,1983,CHN,NL,jenkife01,NL,CHC,Chicago Cubs
4038,1983,CHN,NL,sandbry01,NL,CHC,Chicago Cubs
4039,1983,CHN,NL,smithle02,NL,CHC,Chicago Cubs
4040,1983,CIN,NL,benchjo01,NL,CIN,Cincinnati Reds
4041,1983,CLE,AL,blylebe01,AL,CLE,Cleveland Indians
4042,1983,DET,AL,morrija02,AL,DET,Detroit Tigers
4043,1983,DET,AL,trammal01,AL,DET,Detroit Tigers
4044,1983,HOU,NL,ryanno01,NL,HOU,Houston Astros
4045,1983,KCA,AL,brettge01,AL,KCR,Kansas City Royals
4046,1983,KCA,AL,perryga01,AL,KCR,Kansas City Royals
4047,1983,ML4,AL,molitpa01,AL,MIL,Milwaukee Brewers
4048,1983,ML4,AL,simmote01,AL,MIL,Milwaukee Brewers
4049,1983,ML4,AL,suttodo01,AL,MIL,Milwaukee Brewers
4050,1983,ML4,AL,yountro01,AL,MIL,Milwaukee Brewers
4051,1983,MON,NL,cartega01,NL,WSN,Montreal Expos
4052,1983,MON,NL,dawsoan01,NL,WSN,Montreal Expos
4053,1983,MON,NL,raineti01,NL,WSN,Montreal Expos
4054,1983,NYA,AL,campabe01,AL,NYY,New York Yankees
4055,1983,NYA,AL,gossari01,AL,NYY,New York Yankees
4056,1983,NYA,AL,winfida01,AL,NYY,New York Yankees
4057,1983,NYN,NL,seaveto01,NL,NYM,New York Mets
4058,1983,OAK,AL,henderi01,AL,OAK,Oakland Athletics
4059,1983,PHI,NL,carltst01,NL,PHI,Philadelphia Phillies
4060,1983,PHI,NL,morgajo02,NL,PHI,Philadelphia Phillies
4061,1983,PHI,NL,perezto01,NL,PHI,Philadelphia Phillies
4062,1983,PHI,NL,schmimi01,NL,PHI,Philadelphia Phillies
4063,1983,SDN,NL,garvest01,NL,SDP,San Diego Padres
4064,1983,SDN,NL,gwynnto01,NL,SDP,San Diego Padres
4065,1983,SEA,AL,perryga01,AL,SEA,Seattle Mariners
4066,1983,SLN,NL,kaatji01,NL,STL,St. Louis Cardinals
4067,1983,SLN,NL,smithoz01,NL,STL,St. Louis Cardinals
4068,1983,SLN,NL,suttebr01,NL,STL,St. Louis Cardinals
4069,1984,BAL,AL,murraed02,AL,BAL,Baltimore Orioles
4070,1984,BAL,AL,palmeji01,AL,BAL,Baltimore Orioles
4071,1984,BAL,AL,ripkeca01,AL,BAL,Baltimore Orioles
4072,1984,BOS,AL,boggswa01,AL,BOS,Boston Red Sox
4073,1984,BOS,AL,eckerde01,AL,BOS,Boston Red Sox
4074,1984,BOS,AL,riceji01,AL,BOS,Boston Red Sox
4075,1984,CAL,AL,carewro01,AL,ANA,California Angels
4076,1984,CAL,AL,jacksre01,AL,ANA,California Angels
4077,1984,CHA,AL,baineha01,AL,CHW,Chicago White Sox
4078,1984,CHA,AL,fiskca01,AL,CHW,Chicago White Sox
4079,1984,CHA,AL,seaveto01,AL,CHW,Chicago White Sox
4080,1984,CHN,NL,eckerde01,NL,CHC,Chicago Cubs
4081,1984,CHN,NL,sandbry01,NL,CHC,Chicago Cubs
4082,1984,CHN,NL,smithle02,NL,CHC,Chicago Cubs
4083,1984,CIN,NL,perezto01,NL,CIN,Cincinnati Reds
4084,1984,CLE,AL,blylebe01,AL,CLE,Cleveland Indians
4085,1984,DET,AL,morrija02,AL,DET,Detroit Tigers
4086,1984,DET,AL,trammal01,AL,DET,Detroit Tigers
4087,1984,HOU,NL,ryanno01,NL,HOU,Houston Astros
4088,1984,KCA,AL,brettge01,AL,KCR,Kansas City Royals
4089,1984,MIN,AL,puckeki01,AL,MIN,Minnesota Twins
4090,1984,ML4,AL,fingero01,AL,MIL,Milwaukee Brewers
4091,1984,ML4,AL,molitpa01,AL,MIL,Milwaukee Brewers
4092,1984,ML4,AL,simmote01,AL,MIL,Milwaukee Brewers
4093,1984,ML4,AL,suttodo01,AL,MIL,Milwaukee Brewers
4094,1984,ML4,AL,yountro01,AL,MIL,Milwaukee Brewers
4095,1984,MON,NL,cartega01,NL,WSN,Montreal Expos
4096,1984,MON,NL,dawsoan01,NL,WSN,Montreal Expos
4097,1984,MON,NL,raineti01,NL,WSN,Montreal Expos
4098,1984,NYA,AL,niekrph01,AL,NYY,New York Yankees
4099,1984,NYA,AL,winfida01,AL,NYY,New York Yankees
4100,1984,OAK,AL,henderi01,AL,OAK,Oakland Athletics
4101,1984,OAK,AL,morgajo02,AL,OAK,Oakland Athletics
4102,1984,PHI,NL,carltst01,NL,PHI,Philadelphia Phillies
4103,1984,PHI,NL,schmimi01,NL,PHI,Philadelphia Phillies
4104,1984,SDN,NL,garvest01,NL,SDP,San Diego Padres
4105,1984,SDN,NL,gossari01,NL,SDP,San Diego Padres
4106,1984,SDN,NL,gwynnto01,NL,SDP,San Diego Padres
4107,1984,SLN,NL,smithoz01,NL,STL,St. Louis Cardinals
4108,1984,SLN,NL,suttebr01,NL,STL,St. Louis Cardinals
4109,1985,ATL,NL,suttebr01,NL,ATL,Atlanta Braves
4110,1985,BAL,AL,murraed02,AL,BAL,Baltimore Orioles
4111,1985,BAL,AL,ripkeca01,AL,BAL,Baltimore Orioles
4112,1985,BOS,AL,boggswa01,AL,BOS,Boston Red Sox
4113,1985,BOS,AL,riceji01,AL,BOS,Boston Red Sox
4114,1985,CAL,AL,carewro01,AL,ANA,California Angels
4115,1985,CAL,AL,jacksre01,AL,ANA,California Angels
4116,1985,CAL,AL,suttodo01,AL,ANA,California Angels
4117,1985,CHA,AL,baineha01,AL,CHW,Chicago White Sox
4118,1985,CHA,AL,fiskca01,AL,CHW,Chicago White Sox
4119,1985,CHA,AL,seaveto01,AL,CHW,Chicago White Sox
4120,1985,CHN,NL,eckerde01,NL,CHC,Chicago Cubs
4121,1985,CHN,NL,sandbry01,NL,CHC,Chicago Cubs
4122,1985,CHN,NL,smithle02,NL,CHC,Chicago Cubs
4123,1985,CIN,NL,perezto01,NL,CIN,Cincinnati Reds
4124,1985,CLE,AL,blylebe01,AL,CLE,Cleveland Indians
4125,1985,DET,AL,morrija02,AL,DET,Detroit Tigers
4126,1985,DET,AL,trammal01,AL,DET,Detroit Tigers
4127,1985,HOU,NL,ryanno01,NL,HOU,Houston Astros
4128,1985,KCA,AL,brettge01,AL,KCR,Kansas City Royals
4129,1985,MIN,AL,blylebe01,AL,MIN,Minnesota Twins
4130,1985,MIN,AL,puckeki01,AL,MIN,Minnesota Twins
4131,1985,ML4,AL,fingero01,AL,MIL,Milwaukee Brewers
4132,1985,ML4,AL,molitpa01,AL,MIL,Milwaukee Brewers
4133,1985,ML4,AL,simmote01,AL,MIL,Milwaukee Brewers
4134,1985,ML4,AL,yountro01,AL,MIL,Milwaukee Brewers
4135,1985,MON,NL,dawsoan01,NL,WSN,Montreal Expos
4136,1985,MON,NL,raineti01,NL,WSN,Montreal Expos
4137,1985,NYA,AL,henderi01,AL,NYY,New York Yankees
4138,1985,NYA,AL,niekrph01,AL,NYY,New York Yankees
4139,1985,NYA,AL,winfida01,AL,NYY,New York Yankees
4140,1985,NYN,NL,cartega01,NL,NYM,New York Mets
4141,1985,OAK,AL,suttodo01,AL,OAK,Oakland Athletics
4142,1985,PHI,NL,carltst01,NL,PHI,Philadelphia Phillies
4143,1985,PHI,NL,schmimi01,NL,PHI,Philadelphia Phillies
4144,1985,SDN,NL,garvest01,NL,SDP,San Diego Padres
4145,1985,SDN,NL,gossari01,NL,SDP,San Diego Padres
4146,1985,SDN,NL,gwynnto01,NL,SDP,San Diego Padres
4147,1985,SLN,NL,smithoz01,NL,STL,St. Louis Cardinals
4148,1986,ATL,NL,simmote01,NL,ATL,Atlanta Braves
4149,1986,ATL,NL,suttebr01,NL,ATL,Atlanta Braves
4150,1986,BAL,AL,murraed02,AL,BAL,Baltimore Orioles
4151,1986,BAL,AL,ripkeca01,AL,BAL,Baltimore Orioles
4152,1986,BOS,AL,boggswa01,AL,BOS,Boston Red Sox
4153,1986,BOS,AL,riceji01,AL,BOS,Boston Red Sox
4154,1986,BOS,AL,seaveto01,AL,BOS,Boston Red Sox
4155,1986,CAL,AL,jacksre01,AL,ANA,California Angels
4156,1986,CAL,AL,suttodo01,AL,ANA,California Angels
4157,1986,CHA,AL,baineha01,AL,CHW,Chicago White Sox
4158,1986,CHA,AL,carltst01,AL,CHW,Chicago White Sox
4159,1986,CHA,AL,fiskca01,AL,CHW,Chicago White Sox
4160,1986,CHA,AL,seaveto01,AL,CHW,Chicago White Sox
4161,1986,CHN,NL,eckerde01,NL,CHC,Chicago Cubs
4162,1986,CHN,NL,maddugr01,NL,CHC,Chicago Cubs
4163,1986,CHN,NL,sandbry01,NL,CHC,Chicago Cubs
4164,1986,CHN,NL,smithle02,NL,CHC,Chicago Cubs
4165,1986,CIN,NL,larkiba01,NL,CIN,Cincinnati Reds
4166,1986,CIN,NL,perezto01,NL,CIN,Cincinnati Reds
4167,1986,CLE,AL,niekrph01,AL,CLE,Cleveland Indians
4168,1986,DET,AL,morrija02,AL,DET,Detroit Tigers
4169,1986,DET,AL,trammal01,AL,DET,Detroit Tigers
4170,1986,HOU,NL,ryanno01,NL,HOU,Houston Astros
4171,1986,KCA,AL,brettge01,AL,KCR,Kansas City Royals
4172,1986,MIN,AL,blylebe01,AL,MIN,Minnesota Twins
4173,1986,MIN,AL,puckeki01,AL,MIN,Minnesota Twins
4174,1986,ML4,AL,molitpa01,AL,MIL,Milwaukee Brewers
4175,1986,ML4,AL,yountro01,AL,MIL,Milwaukee Brewers
4176,1986,MON,NL,dawsoan01,NL,WSN,Montreal Expos
4177,1986,MON,NL,raineti01,NL,WSN,Montreal Expos
4178,1986,NYA,AL,henderi01,AL,NYY,New York Yankees
4179,1986,NYA,AL,winfida01,AL,NYY,New York Yankees
4180,1986,NYN,NL,cartega01,NL,NYM,New York Mets
4181,1986,PHI,NL,carltst01,NL,PHI,Philadelphia Phillies
4182,1986,PHI,NL,schmimi01,NL,PHI,Philadelphia Phillies
4183,1986,SDN,NL,garvest01,NL,SDP,San Diego Padres
4184,1986,SDN,NL,gossari01,NL,SDP,San Diego Padres
4185,1986,SDN,NL,gwynnto01,NL,SDP,San Diego Padres
4186,1986,SFN,NL,carltst01,NL,SFG,San Francisco Giants
4187,1986,SLN,NL,smithoz01,NL,STL,St. Louis Cardinals
4188,1986,TOR,AL,mcgrifr01,AL,TOR,Toronto Blue Jays
4189,1987,ATL,NL,glavito02,NL,ATL,Atlanta Braves
4190,1987,ATL,NL,niekrph01,NL,ATL,Atlanta Braves
4191,1987,ATL,NL,simmote01,NL,ATL,Atlanta Braves
4192,1987,BAL,AL,murraed02,AL,BAL,Baltimore Orioles
4193,1987,BAL,AL,ripkeca01,AL,BAL,Baltimore Orioles
4194,1987,BOS,AL,boggswa01,AL,BOS,Boston Red Sox
4195,1987,BOS,AL,riceji01,AL,BOS,Boston Red Sox
4196,1987,CAL,AL,suttodo01,AL,ANA,California Angels
4197,1987,CHA,AL,baineha01,AL,CHW,Chicago White Sox
4198,1987,CHA,AL,fiskca01,AL,CHW,Chicago White Sox
4199,1987,CHN,NL,dawsoan01,NL,CHC,Chicago Cubs
4200,1987,CHN,NL,maddugr01,NL,CHC,Chicago Cubs
4201,1987,CHN,NL,sandbry01,NL,CHC,Chicago Cubs
4202,1987,CHN,NL,smithle02,NL,CHC,Chicago Cubs
4203,1987,CIN,NL,larkiba01,NL,CIN,Cincinnati Reds
4204,1987,CLE,AL,carltst01,AL,CLE,Cleveland Indians
4205,1987,CLE,AL,niekrph01,AL,CLE,Cleveland Indians
4206,1987,DET,AL,morrija02,AL,DET,Detroit Tigers
4207,1987,DET,AL,trammal01,AL,DET,Detroit Tigers
4208,1987,HOU,NL,ryanno01,NL,HOU,Houston Astros
4209,1987,KCA,AL,brettge01,AL,KCR,Kansas City Royals
4210,1987,MIN,AL,blylebe01,AL,MIN,Minnesota Twins
4211,1987,MIN,AL,carltst01,AL,MIN,Minnesota Twins
4212,1987,MIN,AL,puckeki01,AL,MIN,Minnesota Twins
4213,1987,ML4,AL,molitpa01,AL,MIL,Milwaukee Brewers
4214,1987,ML4,AL,yountro01,AL,MIL,Milwaukee Brewers
4215,1987,MON,NL,raineti01,NL,WSN,Montreal Expos
4216,1987,NYA,AL,henderi01,AL,NYY,New York Yankees
4217,1987,NYA,AL,winfida01,AL,NYY,New York Yankees
4218,1987,NYN,NL,cartega01,NL,NYM,New York Mets
4219,1987,OAK,AL,eckerde01,AL,OAK,Oakland Athletics
4220,1987,OAK,AL,jacksre01,AL,OAK,Oakland Athletics
4221,1987,PHI,NL,schmimi01,NL,PHI,Philadelphia Phillies
4222,1987,SDN,NL,garvest01,NL,SDP,San Diego Padres
4223,1987,SDN,NL,gossari01,NL,SDP,San Diego Padres
4224,1987,SDN,NL,gwynnto01,NL,SDP,San Diego Padres
4225,1987,SEA,AL,martied01,AL,SEA,Seattle Mariners
4226,1987,SLN,NL,smithoz01,NL,STL,St. Louis Cardinals
4227,1987,TOR,AL,mcgrifr01,AL,TOR,Toronto Blue Jays
4228,1987,TOR,AL,niekrph01,AL,TOR,Toronto Blue Jays
4229,1988,ATL,NL,glavito02,NL,ATL,Atlanta Braves
4230,1988,ATL,NL,simmote01,NL,ATL,Atlanta Braves
4231,1988,ATL,NL,smoltjo01,NL,ATL,Atlanta Braves
4232,1988,ATL,NL,suttebr01,NL,ATL,Atlanta Braves
4233,1988,BAL,AL,murraed02,AL,BAL,Baltimore Orioles
4234,1988,BAL,AL,ripkeca01,AL,BAL,Baltimore Orioles
4235,1988,BOS,AL,boggswa01,AL,BOS,Boston Red Sox
4236,1988,BOS,AL,riceji01,AL,BOS,Boston Red Sox
4237,1988,BOS,AL,smithle02,AL,BOS,Boston Red Sox
4238,1988,CHA,AL,baineha01,AL,CHW,Chicago White Sox
4239,1988,CHA,AL,fiskca01,AL,CHW,Chicago White Sox
4240,1988,CHN,NL,dawsoan01,NL,CHC,Chicago Cubs
4241,1988,CHN,NL,gossari01,NL,CHC,Chicago Cubs
4242,1988,CHN,NL,maddugr01,NL,CHC,Chicago Cubs
4243,1988,CHN,NL,sandbry01,NL,CHC,Chicago Cubs
4244,1988,CIN,NL,larkiba01,NL,CIN,Cincinnati Reds
4245,1988,DET,AL,morrija02,AL,DET,Detroit Tigers
4246,1988,DET,AL,trammal01,AL,DET,Detroit Tigers
4247,1988,HOU,NL,biggicr01,NL,HOU,Houston Astros
4248,1988,HOU,NL,ryanno01,NL,HOU,Houston Astros
4249,1988,KCA,AL,brettge01,AL,KCR,Kansas City Royals
4250,1988,LAN,NL,suttodo01,NL,LAD,Los Angeles Dodgers
4251,1988,MIN,AL,blylebe01,AL,MIN,Minnesota Twins
4252,1988,MIN,AL,carltst01,AL,MIN,Minnesota Twins
4253,1988,MIN,AL,puckeki01,AL,MIN,Minnesota Twins
4254,1988,ML4,AL,molitpa01,AL,MIL,Milwaukee Brewers
4255,1988,ML4,AL,yountro01,AL,MIL,Milwaukee Brewers
4256,1988,MON,NL,johnsra05,NL,WSN,Montreal Expos
4257,1988,MON,NL,raineti01,NL,WSN,Montreal Expos
4258,1988,NYA,AL,henderi01,AL,NYY,New York Yankees
4259,1988,NYA,AL,winfida01,AL,NYY,New York Yankees
4260,1988,NYN,NL,cartega01,NL,NYM,New York Mets
4261,1988,OAK,AL,eckerde01,AL,OAK,Oakland Athletics
4262,1988,PHI,NL,schmimi01,NL,PHI,Philadelphia Phillies
4263,1988,SDN,NL,alomaro01,NL,SDP,San Diego Padres
4264,1988,SDN,NL,gwynnto01,NL,SDP,San Diego Padres
4265,1988,SEA,AL,martied01,AL,SEA,Seattle Mariners
4266,1988,SLN,NL,smithoz01,NL,STL,St. Louis Cardinals
4267,1988,TOR,AL,mcgrifr01,AL,TOR,Toronto Blue Jays
4268,1989,ATL,NL,glavito02,NL,ATL,Atlanta Braves
4269,1989,ATL,NL,smoltjo01,NL,ATL,Atlanta Braves
4270,1989,BAL,AL,ripkeca01,AL,BAL,Baltimore Orioles
4271,1989,BOS,AL,boggswa01,AL,BOS,Boston Red Sox
4272,1989,BOS,AL,riceji01,AL,BOS,Boston Red Sox
4273,1989,BOS,AL,smithle02,AL,BOS,Boston Red Sox
4274,1989,CAL,AL,blylebe01,AL,ANA,California Angels
4275,1989,CHA,AL,baineha01,AL,CHW,Chicago White Sox
4276,1989,CHA,AL,fiskca01,AL,CHW,Chicago White Sox
4277,1989,CHN,NL,dawsoan01,NL,CHC,Chicago Cubs
4278,1989,CHN,NL,maddugr01,NL,CHC,Chicago Cubs
4279,1989,CHN,NL,sandbry01,NL,CHC,Chicago Cubs
4280,1989,CIN,NL,larkiba01,NL,CIN,Cincinnati Reds
4281,1989,DET,AL,morrija02,AL,DET,Detroit Tigers
4282,1989,DET,AL,trammal01,AL,DET,Detroit Tigers
4283,1989,HOU,NL,biggicr01,NL,HOU,Houston Astros
4284,1989,KCA,AL,brettge01,AL,KCR,Kansas City Royals
4285,1989,LAN,NL,murraed02,NL,LAD,Los Angeles Dodgers
4286,1989,MIN,AL,puckeki01,AL,MIN,Minnesota Twins
4287,1989,ML4,AL,molitpa01,AL,MIL,Milwaukee Brewers
4288,1989,ML4,AL,yountro01,AL,MIL,Milwaukee Brewers
4289,1989,MON,NL,johnsra05,NL,WSN,Montreal Expos
4290,1989,MON,NL,raineti01,NL,WSN,Montreal Expos
4291,1989,MON,NL,walkela01,NL,WSN,Montreal Expos
4292,1989,NYA,AL,gossari01,AL,NYY,New York Yankees
4293,1989,NYA,AL,henderi01,AL,NYY,New York Yankees
4294,1989,NYN,NL,cartega01,NL,NYM,New York Mets
4295,1989,OAK,AL,eckerde01,AL,OAK,Oakland Athletics
4296,1989,OAK,AL,henderi01,AL,OAK,Oakland Athletics
4297,1989,PHI,NL,schmimi01,NL,PHI,Philadelphia Phillies
4298,1989,SDN,NL,alomaro01,NL,SDP,San Diego Padres
4299,1989,SDN,NL,gwynnto01,NL,SDP,San Diego Padres
4300,1989,SEA,AL,griffke02,AL,SEA,Seattle Mariners
4301,1989,SEA,AL,johnsra05,AL,SEA,Seattle Mariners
4302,1989,SEA,AL,martied01,AL,SEA,Seattle Mariners
4303,1989,SFN,NL,gossari01,NL,SFG,San Francisco Giants
4304,1989,SLN,NL,smithoz01,NL,STL,St. Louis Cardinals
4305,1989,TEX,AL,baineha01,AL,TEX,Texas Rangers
4306,1989,TEX,AL,ryanno01,AL,TEX,Texas Rangers
4307,1989,TOR,AL,mcgrifr01,AL,TOR,Toronto Blue Jays
4308,1990,ATL,NL,glavito02,NL,ATL,Atlanta Braves
4309,1990,ATL,NL,smoltjo01,NL,ATL,Atlanta Braves
4310,1990,BAL,AL,ripkeca01,AL,BAL,Baltimore Orioles
4311,1990,BOS,AL,boggswa01,AL,BOS,Boston Red Sox
4312,1990,BOS,AL,smithle02,AL,BOS,Boston Red Sox
4313,1990,CAL,AL,blylebe01,AL,ANA,California Angels
4314,1990,CAL,AL,winfida01,AL,ANA,California Angels
4315,1990,CHA,AL,fiskca01,AL,CHW,Chicago White Sox
4316,1990,CHA,AL,thomafr04,AL,CHW,Chicago White Sox
4317,1990,CHN,NL,dawsoan01,NL,CHC,Chicago Cubs
4318,1990,CHN,NL,maddugr01,NL,CHC,Chicago Cubs
4319,1990,CHN,NL,sandbry01,NL,CHC,Chicago Cubs
4320,1990,CIN,NL,larkiba01,NL,CIN,Cincinnati Reds
4321,1990,DET,AL,morrija02,AL,DET,Detroit Tigers
4322,1990,DET,AL,trammal01,AL,DET,Detroit Tigers
4323,1990,HOU,NL,biggicr01,NL,HOU,Houston Astros
4324,1990,KCA,AL,brettge01,AL,KCR,Kansas City Royals
4325,1990,LAN,NL,murraed02,NL,LAD,Los Angeles Dodgers
4326,1990,MIN,AL,puckeki01,AL,MIN,Minnesota Twins
4327,1990,ML4,AL,molitpa01,AL,MIL,Milwaukee Brewers
4328,1990,ML4,AL,yountro01,AL,MIL,Milwaukee Brewers
4329,1990,MON,NL,raineti01,NL,WSN,Montreal Expos
4330,1990,MON,NL,walkela01,NL,WSN,Montreal Expos
4331,1990,NYA,AL,winfida01,AL,NYY,New York Yankees
4332,1990,OAK,AL,baineha01,AL,OAK,Oakland Athletics
4333,1990,OAK,AL,eckerde01,AL,OAK,Oakland Athletics
4334,1990,OAK,AL,henderi01,AL,OAK,Oakland Athletics
4335,1990,SDN,NL,alomaro01,NL,SDP,San Diego Padres
4336,1990,SDN,NL,gwynnto01,NL,SDP,San Diego Padres
4337,1990,SEA,AL,griffke02,AL,SEA,Seattle Mariners
4338,1990,SEA,AL,johnsra05,AL,SEA,Seattle Mariners
4339,1990,SEA,AL,martied01,AL,SEA,Seattle Mariners
4340,1990,SFN,NL,cartega01,NL,SFG,San Francisco Giants
4341,1990,SLN,NL,smithle02,NL,STL,St. Louis Cardinals
4342,1990,SLN,NL,smithoz01,NL,STL,St. Louis Cardinals
4343,1990,TEX,AL,baineha01,AL,TEX,Texas Rangers
4344,1990,TEX,AL,ryanno01,AL,TEX,Texas Rangers
4345,1990,TOR,AL,mcgrifr01,AL,TOR,Toronto Blue Jays
4346,1991,ATL,NL,glavito02,NL,ATL,Atlanta Braves
4347,1991,ATL,NL,smoltjo01,NL,ATL,Atlanta Braves
4348,1991,BAL,AL,mussimi01,AL,BAL,Baltimore Orioles
4349,1991,BAL,AL,ripkeca01,AL,BAL,Baltimore Orioles
4350,1991,BOS,AL,boggswa01,AL,BOS,Boston Red Sox
4351,1991,CAL,AL,winfida01,AL,ANA,California Angels
4352,1991,CHA,AL,fiskca01,AL,CHW,Chicago White Sox
4353,1991,CHA,AL,raineti01,AL,CHW,Chicago White Sox
4354,1991,CHA,AL,thomafr04,AL,CHW,Chicago White Sox
4355,1991,CHN,NL,dawsoan01,NL,CHC,Chicago Cubs
4356,1991,CHN,NL,maddugr01,NL,CHC,Chicago Cubs
4357,1991,CHN,NL,sandbry01,NL,CHC,Chicago Cubs
4358,1991,CIN,NL,larkiba01,NL,CIN,Cincinnati Reds
4359,1991,CLE,AL,thomeji01,AL,CLE,Cleveland Indians
4360,1991,DET,AL,trammal01,AL,DET,Detroit Tigers
4361,1991,HOU,NL,bagweje01,NL,HOU,Houston Astros
4362,1991,HOU,NL,biggicr01,NL,HOU,Houston Astros
4363,1991,KCA,AL,brettge01,AL,KCR,Kansas City Royals
4364,1991,LAN,NL,cartega01,NL,LAD,Los Angeles Dodgers
4365,1991,LAN,NL,murraed02,NL,LAD,Los Angeles Dodgers
4366,1991,MIN,AL,morrija02,AL,MIN,Minnesota Twins
4367,1991,MIN,AL,puckeki01,AL,MIN,Minnesota Twins
4368,1991,ML4,AL,molitpa01,AL,MIL,Milwaukee Brewers
4369,1991,ML4,AL,yountro01,AL,MIL,Milwaukee Brewers
4370,1991,MON,NL,walkela01,NL,WSN,Montreal Expos
4371,1991,OAK,AL,baineha01,AL,OAK,Oakland Athletics
4372,1991,OAK,AL,eckerde01,AL,OAK,Oakland Athletics
4373,1991,OAK,AL,henderi01,AL,OAK,Oakland Athletics
4374,1991,SDN,NL,gwynnto01,NL,SDP,San Diego Padres
4375,1991,SDN,NL,mcgrifr01,NL,SDP,San Diego Padres
4376,1991,SEA,AL,griffke02,AL,SEA,Seattle Mariners
4377,1991,SEA,AL,johnsra05,AL,SEA,Seattle Mariners
4378,1991,SEA,AL,martied01,AL,SEA,Seattle Mariners
4379,1991,SLN,NL,smithle02,NL,STL,St. Louis Cardinals
4380,1991,SLN,NL,smithoz01,NL,STL,St. Louis Cardinals
4381,1991,TEX,AL,gossari01,AL,TEX,Texas Rangers
4382,1991,TEX,AL,rodriiv01,AL,TEX,Texas Rangers
4383,1991,TEX,AL,ryanno01,AL,TEX,Texas Rangers
4384,1991,TOR,AL,alomaro01,AL,TOR,Toronto Blue Jays
4385,1992,ATL,NL,glavito02,NL,ATL,Atlanta Braves
4386,1992,ATL,NL,smoltjo01,NL,ATL,Atlanta Braves
4387,1992,BAL,AL,mussimi01,AL,BAL,Baltimore Orioles
4388,1992,BAL,AL,ripkeca01,AL,BAL,Baltimore Orioles
4389,1992,BOS,AL,boggswa01,AL,BOS,Boston Red Sox
4390,1992,CAL,AL,blylebe01,AL,ANA,California Angels
4391,1992,CHA,AL,fiskca01,AL,CHW,Chicago White Sox
4392,1992,CHA,AL,raineti01,AL,CHW,Chicago White Sox
4393,1992,CHA,AL,thomafr04,AL,CHW,Chicago White Sox
4394,1992,CHN,NL,dawsoan01,NL,CHC,Chicago Cubs
4395,1992,CHN,NL,maddugr01,NL,CHC,Chicago Cubs
4396,1992,CHN,NL,sandbry01,NL,CHC,Chicago Cubs
4397,1992,CIN,NL,larkiba01,NL,CIN,Cincinnati Reds
4398,1992,CLE,AL,thomeji01,AL,CLE,Cleveland Indians
4399,1992,DET,AL,trammal01,AL,DET,Detroit Tigers
4400,1992,HOU,NL,bagweje01,NL,HOU,Houston Astros
4401,1992,HOU,NL,biggicr01,NL,HOU,Houston Astros
4402,1992,KCA,AL,brettge01,AL,KCR,Kansas City Royals
4403,1992,LAN,NL,martipe02,NL,LAD,Los Angeles Dodgers
4404,1992,LAN,NL,piazzmi01,NL,LAD,Los Angeles Dodgers
4405,1992,MIN,AL,puckeki01,AL,MIN,Minnesota Twins
4406,1992,ML4,AL,molitpa01,AL,MIL,Milwaukee Brewers
4407,1992,ML4,AL,yountro01,AL,MIL,Milwaukee Brewers
4408,1992,MON,NL,cartega01,NL,WSN,Montreal Expos
4409,1992,MON,NL,walkela01,NL,WSN,Montreal Expos
4410,1992,NYN,NL,murraed02,NL,NYM,New York Mets
4411,1992,OAK,AL,baineha01,AL,OAK,Oakland Athletics
4412,1992,OAK,AL,eckerde01,AL,OAK,Oakland Athletics
4413,1992,OAK,AL,gossari01,AL,OAK,Oakland Athletics
4414,1992,OAK,AL,henderi01,AL,OAK,Oakland Athletics
4415,1992,SDN,NL,gwynnto01,NL,SDP,San Diego Padres
4416,1992,SDN,NL,mcgrifr01,NL,SDP,San Diego Padres
4417,1992,SEA,AL,griffke02,AL,SEA,Seattle Mariners
4418,1992,SEA,AL,johnsra05,AL,SEA,Seattle Mariners
4419,1992,SEA,AL,martied01,AL,SEA,Seattle Mariners
4420,1992,SLN,NL,smithle02,NL,STL,St. Louis Cardinals
4421,1992,SLN,NL,smithoz01,NL,STL,St. Louis Cardinals
4422,1992,TEX,AL,rodriiv01,AL,TEX,Texas Rangers
4423,1992,TEX,AL,ryanno01,AL,TEX,Texas Rangers
4424,1992,TOR,AL,alomaro01,AL,TOR,Toronto Blue Jays
4425,1992,TOR,AL,morrija02,AL,TOR,Toronto Blue Jays
4426,1992,TOR,AL,winfida01,AL,TOR,Toronto Blue Jays
4427,1993,ATL,NL,glavito02,NL,ATL,Atlanta Braves
4428,1993,ATL,NL,jonesch06,NL,ATL,Atlanta Braves
4429,1993,ATL,NL,maddugr01,NL,ATL,Atlanta Braves
4430,1993,ATL,NL,mcgrifr01,NL,ATL,Atlanta Braves
4431,1993,ATL,NL,smoltjo01,NL,ATL,Atlanta Braves
4432,1993,BAL,AL,baineha01,AL,BAL,Baltimore Orioles
4433,1993,BAL,AL,mussimi01,AL,BAL,Baltimore Orioles
4434,1993,BAL,AL,ripkeca01,AL,BAL,Baltimore Orioles
4435,1993,BOS,AL,dawsoan01,AL,BOS,Boston Red Sox
4436,1993,CHA,AL,fiskca01,AL,CHW,Chicago White Sox
4437,1993,CHA,AL,raineti01,AL,CHW,Chicago White Sox
4438,1993,CHA,AL,thomafr04,AL,CHW,Chicago White Sox
4439,1993,CHN,NL,sandbry01,NL,CHC,Chicago Cubs
4440,1993,CIN,NL,larkiba01,NL,CIN,Cincinnati Reds
4441,1993,CLE,AL,thomeji01,AL,CLE,Cleveland Indians
4442,1993,DET,AL,trammal01,AL,DET,Detroit Tigers
4443,1993,FLO,NL,hoffmtr01,NL,FLA,Florida Marlins
4444,1993,HOU,NL,bagweje01,NL,HOU,Houston Astros
4445,1993,HOU,NL,biggicr01,NL,HOU,Houston Astros
4446,1993,KCA,AL,brettge01,AL,KCR,Kansas City Royals
4447,1993,LAN,NL,martipe02,NL,LAD,Los Angeles Dodgers
4448,1993,LAN,NL,piazzmi01,NL,LAD,Los Angeles Dodgers
4449,1993,MIN,AL,puckeki01,AL,MIN,Minnesota Twins
4450,1993,MIN,AL,winfida01,AL,MIN,Minnesota Twins
4451,1993,ML4,AL,yountro01,AL,MIL,Milwaukee Brewers
4452,1993,MON,NL,walkela01,NL,WSN,Montreal Expos
4453,1993,NYA,AL,boggswa01,AL,NYY,New York Yankees
4454,1993,NYA,AL,smithle02,AL,NYY,New York Yankees
4455,1993,NYN,NL,murraed02,NL,NYM,New York Mets
4456,1993,OAK,AL,eckerde01,AL,OAK,Oakland Athletics
4457,1993,OAK,AL,gossari01,AL,OAK,Oakland Athletics
4458,1993,OAK,AL,henderi01,AL,OAK,Oakland Athletics
4459,1993,SDN,NL,gwynnto01,NL,SDP,San Diego Padres
4460,1993,SDN,NL,hoffmtr01,NL,SDP,San Diego Padres
4461,1993,SDN,NL,mcgrifr01,NL,SDP,San Diego Padres
4462,1993,SEA,AL,griffke02,AL,SEA,Seattle Mariners
4463,1993,SEA,AL,johnsra05,AL,SEA,Seattle Mariners
4464,1993,SEA,AL,martied01,AL,SEA,Seattle Mariners
4465,1993,SLN,NL,smithle02,NL,STL,St. Louis Cardinals
4466,1993,SLN,NL,smithoz01,NL,STL,St. Louis Cardinals
4467,1993,TEX,AL,rodriiv01,AL,TEX,Texas Rangers
4468,1993,TEX,AL,ryanno01,AL,TEX,Texas Rangers
4469,1993,TOR,AL,alomaro01,AL,TOR,Toronto Blue Jays
4470,1993,TOR,AL,henderi01,AL,TOR,Toronto Blue Jays
4471,1993,TOR,AL,molitpa01,AL,TOR,Toronto Blue Jays
4472,1993,TOR,AL,morrija02,AL,TOR,Toronto Blue Jays
4473,1994,ATL,NL,glavito02,NL,ATL,Atlanta Braves
4474,1994,ATL,NL,maddugr01,NL,ATL,Atlanta Braves
4475,1994,ATL,NL,mcgrifr01,NL,ATL,Atlanta Braves
4476,1994,ATL,NL,smoltjo01,NL,ATL,Atlanta Braves
4477,1994,BAL,AL,baineha01,AL,BAL,Baltimore Orioles
4478,1994,BAL,AL,mussimi01,AL,BAL,Baltimore Orioles
4479,1994,BAL,AL,ripkeca01,AL,BAL,Baltimore Orioles
4480,1994,BAL,AL,smithle02,AL,BAL,Baltimore Orioles
4481,1994,BOS,AL,dawsoan01,AL,BOS,Boston Red Sox
4482,1994,CHA,AL,raineti01,AL,CHW,Chicago White Sox
4483,1994,CHA,AL,thomafr04,AL,CHW,Chicago White Sox
4484,1994,CHN,NL,sandbry01,NL,CHC,Chicago Cubs
4485,1994,CIN,NL,larkiba01,NL,CIN,Cincinnati Reds
4486,1994,CLE,AL,morrija02,AL,CLE,Cleveland Indians
4487,1994,CLE,AL,murraed02,AL,CLE,Cleveland Indians
4488,1994,CLE,AL,thomeji01,AL,CLE,Cleveland Indians
4489,1994,DET,AL,trammal01,AL,DET,Detroit Tigers
4490,1994,HOU,NL,bagweje01,NL,HOU,Houston Astros
4491,1994,HOU,NL,biggicr01,NL,HOU,Houston Astros
4492,1994,LAN,NL,piazzmi01,NL,LAD,Los Angeles Dodgers
4493,1994,MIN,AL,puckeki01,AL,MIN,Minnesota Twins
4494,1994,MIN,AL,winfida01,AL,MIN,Minnesota Twins
4495,1994,MON,NL,martipe02,NL,WSN,Montreal Expos
4496,1994,MON,NL,walkela01,NL,WSN,Montreal Expos
4497,1994,NYA,AL,boggswa01,AL,NYY,New York Yankees
4498,1994,OAK,AL,eckerde01,AL,OAK,Oakland Athletics
4499,1994,OAK,AL,henderi01,AL,OAK,Oakland Athletics
4500,1994,SDN,NL,gwynnto01,NL,SDP,San Diego Padres
4501,1994,SDN,NL,hoffmtr01,NL,SDP,San Diego Padres
4502,1994,SEA,AL,gossari01,AL,SEA,Seattle Mariners
4503,1994,SEA,AL,griffke02,AL,SEA,Seattle Mariners
4504,1994,SEA,AL,johnsra05,AL,SEA,Seattle Mariners
4505,1994,SEA,AL,martied01,AL,SEA,Seattle Mariners
4506,1994,SLN,NL,smithoz01,NL,STL,St. Louis Cardinals
4507,1994,TEX,AL,rodriiv01,AL,TEX,Texas Rangers
4508,1994,TOR,AL,alomaro01,AL,TOR,Toronto Blue Jays
4509,1994,TOR,AL,molitpa01,AL,TOR,Toronto Blue Jays
4510,1995,ATL,NL,glavito02,NL,ATL,Atlanta Braves
4511,1995,ATL,NL,jonesch06,NL,ATL,Atlanta Braves
4512,1995,ATL,NL,maddugr01,NL,ATL,Atlanta Braves
4513,1995,ATL,NL,mcgrifr01,NL,ATL,Atlanta Braves
4514,1995,ATL,NL,smoltjo01,NL,ATL,Atlanta Braves
4515,1995,BAL,AL,baineha01,AL,BAL,Baltimore Orioles
4516,1995,BAL,AL,mussimi01,AL,BAL,Baltimore Orioles
4517,1995,BAL,AL,ripkeca01,AL,BAL,Baltimore Orioles
4518,1995,CAL,AL,smithle02,AL,ANA,California Angels
4519,1995,CHA,AL,raineti01,AL,CHW,Chicago White Sox
4520,1995,CHA,AL,thomafr04,AL,CHW,Chicago White Sox
4521,1995,CIN,NL,larkiba01,NL,CIN,Cincinnati Reds
4522,1995,CLE,AL,murraed02,AL,CLE,Cleveland Indians
4523,1995,CLE,AL,thomeji01,AL,CLE,Cleveland Indians
4524,1995,CLE,AL,winfida01,AL,CLE,Cleveland Indians
4525,1995,COL,NL,walkela01,NL,COL,Colorado Rockies
4526,1995,DET,AL,trammal01,AL,DET,Detroit Tigers
4527,1995,FLO,NL,dawsoan01,NL,FLA,Florida Marlins
4528,1995,HOU,NL,bagweje01,NL,HOU,Houston Astros
4529,1995,HOU,NL,biggicr01,NL,HOU,Houston Astros
4530,1995,LAN,NL,piazzmi01,NL,LAD,Los Angeles Dodgers
4531,1995,MIN,AL,puckeki01,AL,MIN,Minnesota Twins
4532,1995,MON,NL,martipe02,NL,WSN,Montreal Expos
4533,1995,NYA,AL,boggswa01,AL,NYY,New York Yankees
4534,1995,NYA,AL,jeterde01,AL,NYY,New York Yankees
4535,1995,NYA,AL,riverma01,AL,NYY,New York Yankees
4536,1995,OAK,AL,eckerde01,AL,OAK,Oakland Athletics
4537,1995,OAK,AL,henderi01,AL,OAK,Oakland Athletics
4538,1995,SDN,NL,gwynnto01,NL,SDP,San Diego Padres
4539,1995,SDN,NL,hoffmtr01,NL,SDP,San Diego Padres
4540,1995,SEA,AL,griffke02,AL,SEA,Seattle Mariners
4541,1995,SEA,AL,johnsra05,AL,SEA,Seattle Mariners
4542,1995,SEA,AL,martied01,AL,SEA,Seattle Mariners
4543,1995,SLN,NL,smithoz01,NL,STL,St. Louis Cardinals
4544,1995,TEX,AL,rodriiv01,AL,TEX,Texas Rangers
4545,1995,TOR,AL,alomaro01,AL,TOR,Toronto Blue Jays
4546,1995,TOR,AL,molitpa01,AL,TOR,Toronto Blue Jays
4547,1996,ATL,NL,glavito02,NL,ATL,Atlanta Braves
4548,1996,ATL,NL,jonesch06,NL,ATL,Atlanta Braves
4549,1996,ATL,NL,maddugr01,NL,ATL,Atlanta Braves
4550,1996,ATL,NL,mcgrifr01,NL,ATL,Atlanta Braves
4551,1996,ATL,NL,smoltjo01,NL,ATL,Atlanta Braves
4552,1996,BAL,AL,alomaro01,AL,BAL,Baltimore Orioles
4553,1996,BAL,AL,murraed02,AL,BAL,Baltimore Orioles
4554,1996,BAL,AL,mussimi01,AL,BAL,Baltimore Orioles
4555,1996,BAL,AL,ripkeca01,AL,BAL,Baltimore Orioles
4556,1996,CAL,AL,smithle02,AL,ANA,California Angels
4557,1996,CHA,AL,baineha01,AL,CHW,Chicago White Sox
4558,1996,CHA,AL,thomafr04,AL,CHW,Chicago White Sox
4559,1996,CHN,NL,sandbry01,NL,CHC,Chicago Cubs
4560,1996,CIN,NL,larkiba01,NL,CIN,Cincinnati Reds
4561,1996,CIN,NL,smithle02,NL,CIN,Cincinnati Reds
4562,1996,CLE,AL,murraed02,AL,CLE,Cleveland Indians
4563,1996,CLE,AL,thomeji01,AL,CLE,Cleveland Indians
4564,1996,COL,NL,walkela01,NL,COL,Colorado Rockies
4565,1996,DET,AL,trammal01,AL,DET,Detroit Tigers
4566,1996,FLO,NL,dawsoan01,NL,FLA,Florida Marlins
4567,1996,HOU,NL,bagweje01,NL,HOU,Houston Astros
4568,1996,HOU,NL,biggicr01,NL,HOU,Houston Astros
4569,1996,LAN,NL,piazzmi01,NL,LAD,Los Angeles Dodgers
4570,1996,MIN,AL,molitpa01,AL,MIN,Minnesota Twins
4571,1996,MON,NL,guerrvl01,NL,WSN,Montreal Expos
4572,1996,MON,NL,martipe02,NL,WSN,Montreal Expos
4573,1996,NYA,AL,boggswa01,AL,NYY,New York Yankees
4574,1996,NYA,AL,jeterde01,AL,NYY,New York Yankees
4575,1996,NYA,AL,raineti01,AL,NYY,New York Yankees
4576,1996,NYA,AL,riverma01,AL,NYY,New York Yankees
4577,1996,PHI,NL,rolensc01,NL,PHI,Philadelphia Phillies
4578,1996,SDN,NL,gwynnto01,NL,SDP,San Diego Padres
4579,1996,SDN,NL,henderi01,NL,SDP,San Diego Padres
4580,1996,SDN,NL,hoffmtr01,NL,SDP,San Diego Padres
4581,1996,SEA,AL,griffke02,AL,SEA,Seattle Mariners
4582,1996,SEA,AL,johnsra05,AL,SEA,Seattle Mariners
4583,1996,SEA,AL,martied01,AL,SEA,Seattle Mariners
4584,1996,SLN,NL,eckerde01,NL,STL,St. Louis Cardinals
4585,1996,SLN,NL,smithoz01,NL,STL,St. Louis Cardinals
4586,1996,TEX,AL,rodriiv01,AL,TEX,Texas Rangers
4587,1997,ANA,AL,henderi01,AL,ANA,Anaheim Angels
4588,1997,ANA,AL,murraed02,AL,ANA,Anaheim Angels
4589,1997,ATL,NL,glavito02,NL,ATL,Atlanta Braves
4590,1997,ATL,NL,jonesch06,NL,ATL,Atlanta Braves
4591,1997,ATL,NL,maddugr01,NL,ATL,Atlanta Braves
4592,1997,ATL,NL,mcgrifr01,NL,ATL,Atlanta Braves
4593,1997,ATL,NL,smoltjo01,NL,ATL,Atlanta Braves
4594,1997,BAL,AL,alomaro01,AL,BAL,Baltimore Orioles
4595,1997,BAL,AL,baineha01,AL,BAL,Baltimore Orioles
4596,1997,BAL,AL,mussimi01,AL,BAL,Baltimore Orioles
4597,1997,BAL,AL,ripkeca01,AL,BAL,Baltimore Orioles
4598,1997,CHA,AL,baineha01,AL,CHW,Chicago White Sox
4599,1997,CHA,AL,thomafr04,AL,CHW,Chicago White Sox
4600,1997,CHN,NL,sandbry01,NL,CHC,Chicago Cubs
4601,1997,CIN,NL,larkiba01,NL,CIN,Cincinnati Reds
4602,1997,CLE,AL,thomeji01,AL,CLE,Cleveland Indians
4603,1997,COL,NL,heltoto01,NL,COL,Colorado Rockies
4604,1997,COL,NL,walkela01,NL,COL,Colorado Rockies
4605,1997,HOU,NL,bagweje01,NL,HOU,Houston Astros
4606,1997,HOU,NL,biggicr01,NL,HOU,Houston Astros
4607,1997,LAN,NL,murraed02,NL,LAD,Los Angeles Dodgers
4608,1997,LAN,NL,piazzmi01,NL,LAD,Los Angeles Dodgers
4609,1997,MIN,AL,molitpa01,AL,MIN,Minnesota Twins
4610,1997,MIN,AL,ortizda01,AL,MIN,Minnesota Twins
4611,1997,MON,NL,guerrvl01,NL,WSN,Montreal Expos
4612,1997,MON,NL,martipe02,NL,WSN,Montreal Expos
4613,1997,MON,NL,smithle02,NL,WSN,Montreal Expos
4614,1997,NYA,AL,boggswa01,AL,NYY,New York Yankees
4615,1997,NYA,AL,jeterde01,AL,NYY,New York Yankees
4616,1997,NYA,AL,raineti01,AL,NYY,New York Yankees
4617,1997,NYA,AL,riverma01,AL,NYY,New York Yankees
4618,1997,PHI,NL,rolensc01,NL,PHI,Philadelphia Phillies
4619,1997,SDN,NL,gwynnto01,NL,SDP,San Diego Padres
4620,1997,SDN,NL,henderi01,NL,SDP,San Diego Padres
4621,1997,SDN,NL,hoffmtr01,NL,SDP,San Diego Padres
4622,1997,SEA,AL,griffke02,AL,SEA,Seattle Mariners
4623,1997,SEA,AL,johnsra05,AL,SEA,Seattle Mariners
4624,1997,SEA,AL,martied01,AL,SEA,Seattle Mariners
4625,1997,SLN,NL,eckerde01,NL,STL,St. Louis Cardinals
4626,1997,TEX,AL,rodriiv01,AL,TEX,Texas Rangers
4627,1998,ATL,NL,glavito02,NL,ATL,Atlanta Braves
4628,1998,ATL,NL,jonesch06,NL,ATL,Atlanta Braves
4629,1998,ATL,NL,maddugr01,NL,ATL,Atlanta Braves
4630,1998,ATL,NL,smoltjo01,NL,ATL,Atlanta Braves
4631,1998,BAL,AL,alomaro01,AL,BAL,Baltimore Orioles
4632,1998,BAL,AL,baineha01,AL,BAL,Baltimore Orioles
4633,1998,BAL,AL,mussimi01,AL,BAL,Baltimore Orioles
4634,1998,BAL,AL,ripkeca01,AL,BAL,Baltimore Orioles
4635,1998,BOS,AL,eckerde01,AL,BOS,Boston Red Sox
4636,1998,BOS,AL,martipe02,AL,BOS,Boston Red Sox
4637,1998,CHA,AL,thomafr04,AL,CHW,Chicago White Sox
4638,1998,CIN,NL,larkiba01,NL,CIN,Cincinnati Reds
4639,1998,CLE,AL,thomeji01,AL,CLE,Cleveland Indians
4640,1998,COL,NL,heltoto01,NL,COL,Colorado Rockies
4641,1998,COL,NL,walkela01,NL,COL,Colorado Rockies
4642,1998,FLO,NL,piazzmi01,NL,FLA,Florida Marlins
4643,1998,HOU,NL,bagweje01,NL,HOU,Houston Astros
4644,1998,HOU,NL,biggicr01,NL,HOU,Houston Astros
4645,1998,HOU,NL,johnsra05,NL,HOU,Houston Astros
4646,1998,LAN,NL,beltrad01,NL,LAD,Los Angeles Dodgers
4647,1998,LAN,NL,piazzmi01,NL,LAD,Los Angeles Dodgers
4648,1998,MIN,AL,molitpa01,AL,MIN,Minnesota Twins
4649,1998,MIN,AL,ortizda01,AL,MIN,Minnesota Twins
4650,1998,MON,NL,guerrvl01,NL,WSN,Montreal Expos
4651,1998,NYA,AL,jeterde01,AL,NYY,New York Yankees
4652,1998,NYA,AL,raineti01,AL,NYY,New York Yankees
4653,1998,NYA,AL,riverma01,AL,NYY,New York Yankees
4654,1998,NYN,NL,piazzmi01,NL,NYM,New York Mets
4655,1998,OAK,AL,henderi01,AL,OAK,Oakland Athletics
4656,1998,PHI,NL,rolensc01,NL,PHI,Philadelphia Phillies
4657,1998,SDN,NL,gwynnto01,NL,SDP,San Diego Padres
4658,1998,SDN,NL,hoffmtr01,NL,SDP,San Diego Padres
4659,1998,SEA,AL,griffke02,AL,SEA,Seattle Mariners
4660,1998,SEA,AL,johnsra05,AL,SEA,Seattle Mariners
4661,1998,SEA,AL,martied01,AL,SEA,Seattle Mariners
4662,1998,TBA,AL,boggswa01,AL,TBD,Tampa Bay Devil Rays
4663,1998,TBA,AL,mcgrifr01,AL,TBD,Tampa Bay Devil Rays
4664,1998,TEX,AL,rodriiv01,AL,TEX,Texas Rangers
4665,1998,TOR,AL,hallaro01,AL,TOR,Toronto Blue Jays
4666,1999,ARI,NL,johnsra05,NL,ARI,Arizona Diamondbacks
4667,1999,ATL,NL,glavito02,NL,ATL,Atlanta Braves
4668,1999,ATL,NL,jonesch06,NL,ATL,Atlanta Braves
4669,1999,ATL,NL,maddugr01,NL,ATL,Atlanta Braves
4670,1999,ATL,NL,smoltjo01,NL,ATL,Atlanta Braves
4671,1999,BAL,AL,baineha01,AL,BAL,Baltimore Orioles
4672,1999,BAL,AL,mussimi01,AL,BAL,Baltimore Orioles
4673,1999,BAL,AL,ripkeca01,AL,BAL,Baltimore Orioles
4674,1999,BOS,AL,martipe02,AL,BOS,Boston Red Sox
4675,1999,CHA,AL,thomafr04,AL,CHW,Chicago White Sox
4676,1999,CIN,NL,larkiba01,NL,CIN,Cincinnati Reds
4677,1999,CLE,AL,alomaro01,AL,CLE,Cleveland Indians
4678,1999,CLE,AL,baineha01,AL,CLE,Cleveland Indians
4679,1999,CLE,AL,thomeji01,AL,CLE,Cleveland Indians
4680,1999,COL,NL,heltoto01,NL,COL,Colorado Rockies
4681,1999,COL,NL,walkela01,NL,COL,Colorado Rockies
4682,1999,HOU,NL,bagweje01,NL,HOU,Houston Astros
4683,1999,HOU,NL,biggicr01,NL,HOU,Houston Astros
4684,1999,LAN,NL,beltrad01,NL,LAD,Los Angeles Dodgers
4685,1999,MIN,AL,ortizda01,AL,MIN,Minnesota Twins
4686,1999,MON,NL,guerrvl01,NL,WSN,Montreal Expos
4687,1999,NYA,AL,jeterde01,AL,NYY,New York Yankees
4688,1999,NYA,AL,riverma01,AL,NYY,New York Yankees
4689,1999,NYN,NL,henderi01,NL,NYM,New York Mets
4690,1999,NYN,NL,piazzmi01,NL,NYM,New York Mets
4691,1999,OAK,AL,raineti01,AL,OAK,Oakland Athletics
4692,1999,PHI,NL,rolensc01,NL,PHI,Philadelphia Phillies
4693,1999,SDN,NL,gwynnto01,NL,SDP,San Diego Padres
4694,1999,SDN,NL,hoffmtr01,NL,SDP,San Diego Padres
4695,1999,SEA,AL,griffke02,AL,SEA,Seattle Mariners
4696,1999,SEA,AL,martied01,AL,SEA,Seattle Mariners
4697,1999,TBA,AL,boggswa01,AL,TBD,Tampa Bay Devil Rays
4698,1999,TBA,AL,mcgrifr01,AL,TBD,Tampa Bay Devil Rays
4699,1999,TEX,AL,rodriiv01,AL,TEX,Texas Rangers
4700,1999,TOR,AL,hallaro01,AL,TOR,Toronto Blue Jays
4701,2000,ARI,NL,johnsra05,NL,ARI,Arizona Diamondbacks
4702,2000,ATL,NL,glavito02,NL,ATL,Atlanta Braves
4703,2000,ATL,NL,jonesch06,NL,ATL,Atlanta Braves
4704,2000,ATL,NL,maddugr01,NL,ATL,Atlanta Braves
4705,2000,BAL,AL,baineha01,AL,BAL,Baltimore Orioles
4706,2000,BAL,AL,mussimi01,AL,BAL,Baltimore Orioles
4707,2000,BAL,AL,ripkeca01,AL,BAL,Baltimore Orioles
4708,2000,BOS,AL,martipe02,AL,BOS,Boston Red Sox
4709,2000,CHA,AL,baineha01,AL,CHW,Chicago White Sox
4710,2000,CHA,AL,thomafr04,AL,CHW,Chicago White Sox
4711,2000,CIN,NL,griffke02,NL,CIN,Cincinnati Reds
4712,2000,CIN,NL,larkiba01,NL,CIN,Cincinnati Reds
4713,2000,CLE,AL,alomaro01,AL,CLE,Cleveland Indians
4714,2000,CLE,AL,thomeji01,AL,CLE,Cleveland Indians
4715,2000,COL,NL,heltoto01,NL,COL,Colorado Rockies
4716,2000,COL,NL,walkela01,NL,COL,Colorado Rockies
4717,2000,HOU,NL,bagweje01,NL,HOU,Houston Astros
4718,2000,HOU,NL,biggicr01,NL,HOU,Houston Astros
4719,2000,LAN,NL,beltrad01,NL,LAD,Los Angeles Dodgers
4720,2000,MIN,AL,ortizda01,AL,MIN,Minnesota Twins
4721,2000,MON,NL,guerrvl01,NL,WSN,Montreal Expos
4722,2000,NYA,AL,jeterde01,AL,NYY,New York Yankees
4723,2000,NYA,AL,riverma01,AL,NYY,New York Yankees
4724,2000,NYN,NL,henderi01,NL,NYM,New York Mets
4725,2000,NYN,NL,piazzmi01,NL,NYM,New York Mets
4726,2000,PHI,NL,rolensc01,NL,PHI,Philadelphia Phillies
4727,2000,SDN,NL,gwynnto01,NL,SDP,San Diego Padres
4728,2000,SDN,NL,hoffmtr01,NL,SDP,San Diego Padres
4729,2000,SEA,AL,henderi01,AL,SEA,Seattle Mariners
4730,2000,SEA,AL,martied01,AL,SEA,Seattle Mariners
4731,2000,TBA,AL,mcgrifr01,AL,TBD,Tampa Bay Devil Rays
4732,2000,TEX,AL,rodriiv01,AL,TEX,Texas Rangers
4733,2000,TOR,AL,hallaro01,AL,TOR,Toronto Blue Jays
4734,2001,ARI,NL,johnsra05,NL,ARI,Arizona Diamondbacks
4735,2001,ATL,NL,glavito02,NL,ATL,Atlanta Braves
4736,2001,ATL,NL,jonesch06,NL,ATL,Atlanta Braves
4737,2001,ATL,NL,maddugr01,NL,ATL,Atlanta Braves
4738,2001,ATL,NL,smoltjo01,NL,ATL,Atlanta Braves
4739,2001,BAL,AL,raineti01,AL,BAL,Baltimore Orioles
4740,2001,BAL,AL,ripkeca01,AL,BAL,Baltimore Orioles
4741,2001,BOS,AL,martipe02,AL,BOS,Boston Red Sox
4742,2001,CHA,AL,baineha01,AL,CHW,Chicago White Sox
4743,2001,CHA,AL,thomafr04,AL,CHW,Chicago White Sox
4744,2001,CHN,NL,mcgrifr01,NL,CHC,Chicago Cubs
4745,2001,CIN,NL,griffke02,NL,CIN,Cincinnati Reds
4746,2001,CIN,NL,larkiba01,NL,CIN,Cincinnati Reds
4747,2001,CLE,AL,alomaro01,AL,CLE,Cleveland Indians
4748,2001,CLE,AL,thomeji01,AL,CLE,Cleveland Indians
4749,2001,COL,NL,heltoto01,NL,COL,Colorado Rockies
4750,2001,COL,NL,walkela01,NL,COL,Colorado Rockies
4751,2001,HOU,NL,bagweje01,NL,HOU,Houston Astros
4752,2001,HOU,NL,biggicr01,NL,HOU,Houston Astros
4753,2001,LAN,NL,beltrad01,NL,LAD,Los Angeles Dodgers
4754,2001,MIN,AL,ortizda01,AL,MIN,Minnesota Twins
4755,2001,MON,NL,guerrvl01,NL,WSN,Montreal Expos
4756,2001,MON,NL,raineti01,NL,WSN,Montreal Expos
4757,2001,NYA,AL,jeterde01,AL,NYY,New York Yankees
4758,2001,NYA,AL,mussimi01,AL,NYY,New York Yankees
4759,2001,NYA,AL,riverma01,AL,NYY,New York Yankees
4760,2001,NYN,NL,piazzmi01,NL,NYM,New York Mets
4761,2001,PHI,NL,rolensc01,NL,PHI,Philadelphia Phillies
4762,2001,SDN,NL,gwynnto01,NL,SDP,San Diego Padres
4763,2001,SDN,NL,henderi01,NL,SDP,San Diego Padres
4764,2001,SDN,NL,hoffmtr01,NL,SDP,San Diego Padres
4765,2001,SEA,AL,martied01,AL,SEA,Seattle Mariners
4766,2001,TBA,AL,mcgrifr01,AL,TBD,Tampa Bay Devil Rays
4767,2001,TEX,AL,rodriiv01,AL,TEX,Texas Rangers
4768,2001,TOR,AL,hallaro01,AL,TOR,Toronto Blue Jays
4769,2002,ARI,NL,johnsra05,NL,ARI,Arizona Diamondbacks
4770,2002,ATL,NL,glavito02,NL,ATL,Atlanta Braves
4771,2002,ATL,NL,jonesch06,NL,ATL,Atlanta Braves
4772,2002,ATL,NL,maddugr01,NL,ATL,Atlanta Braves
4773,2002,ATL,NL,smoltjo01,NL,ATL,Atlanta Braves
4774,2002,BOS,AL,henderi01,AL,BOS,Boston Red Sox
4775,2002,BOS,AL,martipe02,AL,BOS,Boston Red Sox
4776,2002,CHA,AL,thomafr04,AL,CHW,Chicago White Sox
4777,2002,CHN,NL,mcgrifr01,NL,CHC,Chicago Cubs
4778,2002,CIN,NL,griffke02,NL,CIN,Cincinnati Reds
4779,2002,CIN,NL,larkiba01,NL,CIN,Cincinnati Reds
4780,2002,CLE,AL,thomeji01,AL,CLE,Cleveland Indians
4781,2002,COL,NL,heltoto01,NL,COL,Colorado Rockies
4782,2002,COL,NL,walkela01,NL,COL,Colorado Rockies
4783,2002,FLO,NL,raineti01,NL,FLA,Florida Marlins
4784,2002,HOU,NL,bagweje01,NL,HOU,Houston Astros
4785,2002,HOU,NL,biggicr01,NL,HOU,Houston Astros
4786,2002,LAN,NL,beltrad01,NL,LAD,Los Angeles Dodgers
4787,2002,MIN,AL,ortizda01,AL,MIN,Minnesota Twins
4788,2002,MON,NL,guerrvl01,NL,WSN,Montreal Expos
4789,2002,NYA,AL,jeterde01,AL,NYY,New York Yankees
4790,2002,NYA,AL,mussimi01,AL,NYY,New York Yankees
4791,2002,NYA,AL,riverma01,AL,NYY,New York Yankees
4792,2002,NYN,NL,alomaro01,NL,NYM,New York Mets
4793,2002,NYN,NL,piazzmi01,NL,NYM,New York Mets
4794,2002,PHI,NL,rolensc01,NL,PHI,Philadelphia Phillies
4795,2002,SDN,NL,hoffmtr01,NL,SDP,San Diego Padres
4796,2002,SEA,AL,martied01,AL,SEA,Seattle Mariners
4797,2002,SLN,NL,rolensc01,NL,STL,St. Louis Cardinals
4798,2002,TEX,AL,rodriiv01,AL,TEX,Texas Rangers
4799,2002,TOR,AL,hallaro01,AL,TOR,Toronto Blue Jays
4800,2003,ARI,NL,johnsra05,NL,ARI,Arizona Diamondbacks
4801,2003,ATL,NL,jonesch06,NL,ATL,Atlanta Braves
4802,2003,ATL,NL,maddugr01,NL,ATL,Atlanta Braves
4803,2003,ATL,NL,smoltjo01,NL,ATL,Atlanta Braves
4804,2003,BOS,AL,martipe02,AL,BOS,Boston Red Sox
4805,2003,BOS,AL,ortizda01,AL,BOS,Boston Red Sox
4806,2003,CHA,AL,alomaro01,AL,CHW,Chicago White Sox
4807,2003,CHA,AL,thomafr04,AL,CHW,Chicago White Sox
4808,2003,CIN,NL,griffke02,NL,CIN,Cincinnati Reds
4809,2003,CIN,NL,larkiba01,NL,CIN,Cincinnati Reds
4810,2003,COL,NL,heltoto01,NL,COL,Colorado Rockies
4811,2003,COL,NL,walkela01,NL,COL,Colorado Rockies
4812,2003,FLO,NL,rodriiv01,NL,FLA,Florida Marlins
4813,2003,HOU,NL,bagweje01,NL,HOU,Houston Astros
4814,2003,HOU,NL,biggicr01,NL,HOU,Houston Astros
4815,2003,LAN,NL,beltrad01,NL,LAD,Los Angeles Dodgers
4816,2003,LAN,NL,henderi01,NL,LAD,Los Angeles Dodgers
4817,2003,LAN,NL,mcgrifr01,NL,LAD,Los Angeles Dodgers
4818,2003,MON,NL,guerrvl01,NL,WSN,Montreal Expos
4819,2003,NYA,AL,jeterde01,AL,NYY,New York Yankees
4820,2003,NYA,AL,mussimi01,AL,NYY,New York Yankees
4821,2003,NYA,AL,riverma01,AL,NYY,New York Yankees
4822,2003,NYN,NL,alomaro01,NL,NYM,New York Mets
4823,2003,NYN,NL,glavito02,NL,NYM,New York Mets
4824,2003,NYN,NL,piazzmi01,NL,NYM,New York Mets
4825,2003,PHI,NL,thomeji01,NL,PHI,Philadelphia Phillies
4826,2003,SDN,NL,hoffmtr01,NL,SDP,San Diego Padres
4827,2003,SEA,AL,martied01,AL,SEA,Seattle Mariners
4828,2003,SLN,NL,rolensc01,NL,STL,St. Louis Cardinals
4829,2003,TOR,AL,hallaro01,AL,TOR,Toronto Blue Jays
4830,2004,ANA,AL,guerrvl01,AL,ANA,Anaheim Angels
4831,2004,ARI,NL,alomaro01,NL,ARI,Arizona Diamondbacks
4832,2004,ARI,NL,johnsra05,NL,ARI,Arizona Diamondbacks
4833,2004,ATL,NL,jonesch06,NL,ATL,Atlanta Braves
4834,2004,ATL,NL,smoltjo01,NL,ATL,Atlanta Braves
4835,2004,BOS,AL,martipe02,AL,BOS,Boston Red Sox
4836,2004,BOS,AL,ortizda01,AL,BOS,Boston Red Sox
4837,2004,CHA,AL,alomaro01,AL,CHW,Chicago White Sox
4838,2004,CHA,AL,thomafr04,AL,CHW,Chicago White Sox
4839,2004,CHN,NL,maddugr01,NL,CHC,Chicago Cubs
4840,2004,CIN,NL,griffke02,NL,CIN,Cincinnati Reds
4841,2004,CIN,NL,larkiba01,NL,CIN,Cincinnati Reds
4842,2004,COL,NL,heltoto01,NL,COL,Colorado Rockies
4843,2004,COL,NL,walkela01,NL,COL,Colorado Rockies
4844,2004,DET,AL,rodriiv01,AL,DET,Detroit Tigers
4845,2004,HOU,NL,bagweje01,NL,HOU,Houston Astros
4846,2004,HOU,NL,biggicr01,NL,HOU,Houston Astros
4847,2004,LAN,NL,beltrad01,NL,LAD,Los Angeles Dodgers
4848,2004,MIN,AL,mauerjo01,AL,MIN,Minnesota Twins
4849,2004,NYA,AL,jeterde01,AL,NYY,New York Yankees
4850,2004,NYA,AL,mussimi01,AL,NYY,New York Yankees
4851,2004,NYA,AL,riverma01,AL,NYY,New York Yankees
4852,2004,NYN,NL,glavito02,NL,NYM,New York Mets
4853,2004,NYN,NL,piazzmi01,NL,NYM,New York Mets
4854,2004,PHI,NL,thomeji01,NL,PHI,Philadelphia Phillies
4855,2004,SDN,NL,hoffmtr01,NL,SDP,San Diego Padres
4856,2004,SEA,AL,martied01,AL,SEA,Seattle Mariners
4857,2004,SLN,NL,rolensc01,NL,STL,St. Louis Cardinals
4858,2004,SLN,NL,walkela01,NL,STL,St. Louis Cardinals
4859,2004,TBA,AL,mcgrifr01,AL,TBD,Tampa Bay Devil Rays
4860,2004,TOR,AL,hallaro01,AL,TOR,Toronto Blue Jays
4861,2005,ATL,NL,jonesch06,NL,ATL,Atlanta Braves
4862,2005,ATL,NL,smoltjo01,NL,ATL,Atlanta Braves
4863,2005,BOS,AL,ortizda01,AL,BOS,Boston Red Sox
4864,2005,CHA,AL,thomafr04,AL,CHW,Chicago White Sox
4865,2005,CHN,NL,maddugr01,NL,CHC,Chicago Cubs
4866,2005,CIN,NL,griffke02,NL,CIN,Cincinnati Reds
4867,2005,COL,NL,heltoto01,NL,COL,Colorado Rockies
4868,2005,DET,AL,rodriiv01,AL,DET,Detroit Tigers
4869,2005,HOU,NL,bagweje01,NL,HOU,Houston Astros
4870,2005,HOU,NL,biggicr01,NL,HOU,Houston Astros
4871,2005,LAA,AL,guerrvl01,AL,ANA,Los Angeles Angels of Anaheim
4872,2005,MIN,AL,mauerjo01,AL,MIN,Minnesota Twins
4873,2005,NYA,AL,jeterde01,AL,NYY,New York Yankees
4874,2005,NYA,AL,johnsra05,AL,NYY,New York Yankees
4875,2005,NYA,AL,mussimi01,AL,NYY,New York Yankees
4876,2005,NYA,AL,riverma01,AL,NYY,New York Yankees
4877,2005,NYN,NL,glavito02,NL,NYM,New York Mets
4878,2005,NYN,NL,martipe02,NL,NYM,New York Mets
4879,2005,NYN,NL,piazzmi01,NL,NYM,New York Mets
4880,2005,PHI,NL,thomeji01,NL,PHI,Philadelphia Phillies
4881,2005,SDN,NL,hoffmtr01,NL,SDP,San Diego Padres
4882,2005,SEA,AL,beltrad01,AL,SEA,Seattle Mariners
4883,2005,SLN,NL,rolensc01,NL,STL,St. Louis Cardinals
4884,2005,SLN,NL,walkela01,NL,STL,St. Louis Cardinals
4885,2005,TOR,AL,hallaro01,AL,TOR,Toronto Blue Jays
4886,2006,ATL,NL,jonesch06,NL,ATL,Atlanta Braves
4887,2006,ATL,NL,smoltjo01,NL,ATL,Atlanta Braves
4888,2006,BOS,AL,ortizda01,AL,BOS,Boston Red Sox
4889,2006,CHA,AL,thomeji01,AL,CHW,Chicago White Sox
4890,2006,CHN,NL,maddugr01,NL,CHC,Chicago Cubs
4891,2006,CIN,NL,griffke02,NL,CIN,Cincinnati Reds
4892,2006,COL,NL,heltoto01,NL,COL,Colorado Rockies
4893,2006,DET,AL,rodriiv01,AL,DET,Detroit Tigers
4894,2006,HOU,NL,biggicr01,NL,HOU,Houston Astros
4895,2006,LAA,AL,guerrvl01,AL,ANA,Los Angeles Angels of Anaheim
4896,2006,LAN,NL,maddugr01,NL,LAD,Los Angeles Dodgers
4897,2006,MIN,AL,mauerjo01,AL,MIN,Minnesota Twins
4898,2006,NYA,AL,jeterde01,AL,NYY,New York Yankees
4899,2006,NYA,AL,johnsra05,AL,NYY,New York Yankees
4900,2006,NYA,AL,mussimi01,AL,NYY,New York Yankees
4901,2006,NYA,AL,riverma01,AL,NYY,New York Yankees
4902,2006,NYN,NL,glavito02,NL,NYM,New York Mets
4903,2006,NYN,NL,martipe02,NL,NYM,New York Mets
4904,2006,OAK,AL,thomafr04,AL,OAK,Oakland Athletics
4905,2006,SDN,NL,hoffmtr01,NL,SDP,San Diego Padres
4906,2006,SDN,NL,piazzmi01,NL,SDP,San Diego Padres
4907,2006,SEA,AL,beltrad01,AL,SEA,Seattle Mariners
4908,2006,SLN,NL,rolensc01,NL,STL,St. Louis Cardinals
4909,2006,TOR,AL,hallaro01,AL,TOR,Toronto Blue Jays
4910,2007,ARI,NL,johnsra05,NL,ARI,Arizona Diamondbacks
4911,2007,ATL,NL,jonesch06,NL,ATL,Atlanta Braves
4912,2007,ATL,NL,smoltjo01,NL,ATL,Atlanta Braves
4913,2007,BOS,AL,ortizda01,AL,BOS,Boston Red Sox
4914,2007,CHA,AL,thomeji01,AL,CHW,Chicago White Sox
4915,2007,CIN,NL,griffke02,NL,CIN,Cincinnati Reds
4916,2007,COL,NL,heltoto01,NL,COL,Colorado Rockies
4917,2007,DET,AL,rodriiv01,AL,DET,Detroit Tigers
4918,2007,HOU,NL,biggicr01,NL,HOU,Houston Astros
4919,2007,LAA,AL,guerrvl01,AL,ANA,Los Angeles Angels of Anaheim
4920,2007,MIN,AL,mauerjo01,AL,MIN,Minnesota Twins
4921,2007,NYA,AL,jeterde01,AL,NYY,New York Yankees
4922,2007,NYA,AL,mussimi01,AL,NYY,New York Yankees
4923,2007,NYA,AL,riverma01,AL,NYY,New York Yankees
4924,2007,NYN,NL,glavito02,NL,NYM,New York Mets
4925,2007,NYN,NL,martipe02,NL,NYM,New York Mets
4926,2007,OAK,AL,piazzmi01,AL,OAK,Oakland Athletics
4927,2007,SDN,NL,hoffmtr01,NL,SDP,San Diego Padres
4928,2007,SDN,NL,maddugr01,NL,SDP,San Diego Padres
4929,2007,SEA,AL,beltrad01,AL,SEA,Seattle Mariners
4930,2007,SLN,NL,rolensc01,NL,STL,St. Louis Cardinals
4931,2007,TOR,AL,hallaro01,AL,TOR,Toronto Blue Jays
4932,2007,TOR,AL,thomafr04,AL,TOR,Toronto Blue Jays
4933,2008,ARI,NL,johnsra05,NL,ARI,Arizona Diamondbacks
4934,2008,ATL,NL,glavito02,NL,ATL,Atlanta Braves
4935,2008,ATL,NL,jonesch06,NL,ATL,Atlanta Braves
4936,2008,ATL,NL,smoltjo01,NL,ATL,Atlanta Braves
4937,2008,BOS,AL,ortizda01,AL,BOS,Boston Red Sox
4938,2008,CHA,AL,griffke02,AL,CHW,Chicago White Sox
4939,2008,CHA,AL,thomeji01,AL,CHW,Chicago White Sox
4940,2008,CIN,NL,griffke02,NL,CIN,Cincinnati Reds
4941,2008,COL,NL,heltoto01,NL,COL,Colorado Rockies
4942,2008,DET,AL,rodriiv01,AL,DET,Detroit Tigers
4943,2008,LAA,AL,guerrvl01,AL,ANA,Los Angeles Angels of Anaheim
4944,2008,LAN,NL,maddugr01,NL,LAD,Los Angeles Dodgers
4945,2008,MIN,AL,mauerjo01,AL,MIN,Minnesota Twins
4946,2008,NYA,AL,jeterde01,AL,NYY,New York Yankees
4947,2008,NYA,AL,mussimi01,AL,NYY,New York Yankees
4948,2008,NYA,AL,riverma01,AL,NYY,New York Yankees
4949,2008,NYA,AL,rodriiv01,AL,NYY,New York Yankees
4950,2008,NYN,NL,martipe02,NL,NYM,New York Mets
4951,2008,OAK,AL,thomafr04,AL,OAK,Oakland Athletics
4952,2008,SDN,NL,hoffmtr01,NL,SDP,San Diego Padres
4953,2008,SDN,NL,maddugr01,NL,SDP,San Diego Padres
4954,2008,SEA,AL,beltrad01,AL,SEA,Seattle Mariners
4955,2008,TOR,AL,hallaro01,AL,TOR,Toronto Blue Jays
4956,2008,TOR,AL,rolensc01,AL,TOR,Toronto Blue Jays
4957,2008,TOR,AL,thomafr04,AL,TOR,Toronto Blue Jays
4958,2009,ATL,NL,jonesch06,NL,ATL,Atlanta Braves
4959,2009,BOS,AL,ortizda01,AL,BOS,Boston Red Sox
4960,2009,BOS,AL,smoltjo01,AL,BOS,Boston Red Sox
4961,2009,CHA,AL,thomeji01,AL,CHW,Chicago White Sox
4962,2009,CIN,NL,rolensc01,NL,CIN,Cincinnati Reds
4963,2009,COL,NL,heltoto01,NL,COL,Colorado Rockies
4964,2009,HOU,NL,rodriiv01,NL,HOU,Houston Astros
4965,2009,LAA,AL,guerrvl01,AL,ANA,Los Angeles Angels of Anaheim
4966,2009,LAN,NL,thomeji01,NL,LAD,Los Angeles Dodgers
4967,2009,MIL,NL,hoffmtr01,NL,MIL,Milwaukee Brewers
4968,2009,MIN,AL,mauerjo01,AL,MIN,Minnesota Twins
4969,2009,NYA,AL,jeterde01,AL,NYY,New York Yankees
4970,2009,NYA,AL,riverma01,AL,NYY,New York Yankees
4971,2009,PHI,NL,martipe02,NL,PHI,Philadelphia Phillies
4972,2009,SEA,AL,beltrad01,AL,SEA,Seattle Mariners
4973,2009,SEA,AL,griffke02,AL,SEA,Seattle Mariners
4974,2009,SFN,NL,johnsra05,NL,SFG,San Francisco Giants
4975,2009,SLN,NL,smoltjo01,NL,STL,St. Louis Cardinals
4976,2009,TEX,AL,rodriiv01,AL,TEX,Texas Rangers
4977,2009,TOR,AL,hallaro01,AL,TOR,Toronto Blue Jays
4978,2009,TOR,AL,rolensc01,AL,TOR,Toronto Blue Jays
4979,2010,ATL,NL,jonesch06,NL,ATL,Atlanta Braves
4980,2010,BOS,AL,beltrad01,AL,BOS,Boston Red Sox
4981,2010,BOS,AL,ortizda01,AL,BOS,Boston Red Sox
4982,2010,CIN,NL,rolensc01,NL,CIN,Cincinnati Reds
4983,2010,COL,NL,heltoto01,NL,COL,Colorado Rockies
4984,2010,MIL,NL,hoffmtr01,NL,MIL,Milwaukee Brewers
4985,2010,MIN,AL,mauerjo01,AL,MIN,Minnesota Twins
4986,2010,MIN,AL,thomeji01,AL,MIN,Minnesota Twins
4987,2010,NYA,AL,jeterde01,AL,NYY,New York Yankees
4988,2010,NYA,AL,riverma01,AL,NYY,New York Yankees
4989,2010,PHI,NL,hallaro01,NL,PHI,Philadelphia Phillies
4990,2010,SEA,AL,griffke02,AL,SEA,Seattle Mariners
4991,2010,TEX,AL,guerrvl01,AL,TEX,Texas Rangers
4992,2010,WAS,NL,rodriiv01,NL,WSN,Washington Nationals
4993,2011,ATL,NL,jonesch06,NL,ATL,Atlanta Braves
4994,2011,BAL,AL,guerrvl01,AL,BAL,Baltimore Orioles
4995,2011,BOS,AL,ortizda01,AL,BOS,Boston Red Sox
4996,2011,CIN,NL,rolensc01,NL,CIN,Cincinnati Reds
4997,2011,CLE,AL,thomeji01,AL,CLE,Cleveland Indians
4998,2011,COL,NL,heltoto01,NL,COL,Colorado Rockies
4999,2011,MIN,AL,mauerjo01,AL,MIN,Minnesota Twins
5000,2011,MIN,AL,thomeji01,AL,MIN,Minnesota Twins
5001,2011,NYA,AL,jeterde01,AL,NYY,New York Yankees
5002,2011,NYA,AL,riverma01,AL,NYY,New York Yankees
5003,2011,PHI,NL,hallaro01,NL,PHI,Philadelphia Phillies
5004,2011,TEX,AL,beltrad01,AL,TEX,Texas Rangers
5005,2011,WAS,NL,rodriiv01,NL,WSN,Washington Nationals
5006,2012,ATL,NL,jonesch06,NL,ATL,Atlanta Braves
5007,2012,BAL,AL,thomeji01,AL,BAL,Baltimore Orioles
5008,2012,BOS,AL,ortizda01,AL,BOS,Boston Red Sox
5009,2012,CIN,NL,rolensc01,NL,CIN,Cincinnati Reds
5010,2012,COL,NL,heltoto01,NL,COL,Colorado Rockies
5011,2012,MIN,AL,mauerjo01,AL,MIN,Minnesota Twins
5012,2012,NYA,AL,jeterde01,AL,NYY,New York Yankees
5013,2012,NYA,AL,riverma01,AL,NYY,New York Yankees
5014,2012,PHI,NL,hallaro01,NL,PHI,Philadelphia Phillies
5015,2012,PHI,NL,thomeji01,NL,PHI,Philadelphia Phillies
5016,2012,TEX,AL,beltrad01,AL,TEX,Texas Rangers
5017,2013,BOS,AL,ortizda01,AL,BOS,Boston Red Sox
5018,2013,COL,NL,heltoto01,NL,COL,Colorado Rockies
5019,2013,MIN,AL,mauerjo01,AL,MIN,Minnesota Twins
5020,2013,NYA,AL,jeterde01,AL,NYY,New York Yankees
5021,2013,NYA,AL,riverma01,AL,NYY,New York Yankees
5022,2013,PHI,NL,hallaro01,NL,PHI,Philadelphia Phillies
5023,2013,TEX,AL,beltrad01,AL,TEX,Texas Rangers
5024,2014,BOS,AL,ortizda01,AL,BOS,Boston Red Sox
5025,2014,MIN,AL,mauerjo01,AL,MIN,Minnesota Twins
5026,2014,NYA,AL,jeterde01,AL,NYY,New York Yankees
5027,2014,TEX,AL,beltrad01,AL,TEX,Texas Rangers
5028,2015,BOS,AL,ortizda01,AL,BOS,Boston Red Sox
5029,2015,MIN,AL,mauerjo01,AL,MIN,Minnesota Twins
5030,2015,TEX,AL,beltrad01,AL,TEX,Texas Rangers
5031,2016,BOS,AL,ortizda01,AL,BOS,Boston Red Sox
5032,2016,MIN,AL,mauerjo01,AL,MIN,Minnesota Twins
5033,2016,TEX,AL,beltrad01,AL,TEX,Texas Rangers
5034,2017,MIN,AL,mauerjo01,AL,MIN,Minnesota Twins
5035,2017,TEX,AL,beltrad01,AL,TEX,Texas Rangers
5036,2018,MIN,AL,mauerjo01,AL,MIN,Minnesota Twins
5037,2018,TEX,AL,beltrad01,AL,TEX,Texas Rangers
